inci_name,id,potency_tier,time_of_day,barrier_tax_score,sun_sensitivity
collagen vegan,1,1,ANY,0,False
water aqua,2,1,ANY,0,False
ethylhexyl palmitate,3,1,ANY,0,False
oryza sativa rice bran extract,4,1,ANY,0,False
glycerin,6,1,ANY,0,False
cetearyl methicone,7,1,ANY,0,False
dimethicone,8,1,ANY,0,False
cetearyl alcohol,9,1,ANY,0,False
pyrus malus apple fruit extract,10,1,ANY,0,False
chlorella protothecoides oil,11,1,ANY,0,False
polysorbate 60,12,1,ANY,0,False
glyceryl glucoside,13,1,ANY,0,False
polyglyceryl-2 stearate,14,1,ANY,0,False
parachlorella beijerinckii exopolysaccharides,15,1,ANY,0,False
collagen amino acids vegan,16,1,ANY,0,False
ceramide np,17,1,ANY,0,False
silybum marianum fruit extract,18,1,ANY,0,False
helianthus annuus sunflower extract,19,1,ANY,0,False
rosmarinus officinalis rosemary leaf extract,20,1,ANY,0,False
carnosine,22,1,ANY,0,False
sodium stearoyl glutamate,23,1,ANY,0,False
caprylyl glycol,24,1,ANY,0,False
hexylene glycol,27,1,ANY,0,False
citric acid,28,1,ANY,0,False
lecithin,29,1,ANY,0,False
sodium hydroxide,30,1,ANY,0,False
sodium phytate,31,1,ANY,0,False
t-butyl alcohol,32,1,ANY,0,False
phenoxyethanol,34,1,ANY,0,False
triethyl citrate,35,1,ANY,0,False
vanillin,36,1,ANY,0,False
amyl salicylate,37,1,ANY,0,False
benzyl acetate,38,1,ANY,0,False
cedrus atlantica bark oil,39,1,ANY,0,False
phenethyl alcohol,40,1,ANY,0,False
ionone,41,1,ANY,0,False
linalool,42,1,ANY,0,False
propanediol,43,1,ANY,0,False
isononyl isononanoate,44,1,ANY,0,False
butylene glycol,45,1,ANY,0,False
betaine,46,1,ANY,0,False
dextrin palmitate,48,1,ANY,0,False
helichrysum stoechas flower extract,49,1,ANY,0,False
cylindrotheca fusiformis extract,50,1,ANY,0,False
niacinamide,51,3,ANY,0,False
palmitoyl tripeptide-1,52,1,ANY,0,False
adenosine,54,1,ANY,0,False
helianthus annuus sunflower seed oil,55,1,ANY,0,False
palmitic acid,56,1,ANY,0,False
disodium edta,57,1,ANY,0,False
carbomer,58,1,ANY,0,False
sodium lactate,59,1,ANY,0,False
amodimethicone,60,1,ANY,0,False
homosalate,61,2,AM,0,False
polysorbate 20,62,1,ANY,0,False
butyl methoxydibenzoylmethane,63,1,ANY,0,False
1,64,1,ANY,0,False
octocrylene,66,2,AM,0,False
fragrance parfum,67,1,ANY,0,False
limonene,68,1,ANY,0,True
beta-carotene ci 40800,69,1,ANY,0,False
stearic acid,71,1,ANY,0,False
isopropyl isostearate,72,1,ANY,0,False
pentylene,73,1,ANY,0,False
glycol,74,1,ANY,0,False
glyceryl stearate se,75,1,ANY,0,False
butyrospermum parkii shea butter,76,1,ANY,0,False
c12-15 alkyl benzoate,77,1,ANY,0,False
limnanthes alba meadowfoam seed oil,78,1,ANY,0,False
corallina officinalis extract,79,1,ANY,0,False
dunaliella salina extract,80,1,ANY,0,False
undaria pinnatifida extract,81,1,ANY,0,False
dipeptide-2,82,1,ANY,0,False
palmitoyl hexapeptide-12,83,1,ANY,0,False
palmitoyl tripeptide-5,84,1,ANY,0,False
sodium hyaluronate,85,1,ANY,0,False
caffeine,86,1,ANY,0,False
coffea arabica coffee seed oil,87,1,ANY,0,False
tribehenin,88,1,ANY,0,False
ceramide ng,89,1,ANY,0,False
peg-10 phytosterol,90,1,ANY,0,False
tetrahexyldecyl ascorbate,91,1,ANY,0,False
aloe barbadensis leaf juice,92,1,ANY,0,False
tocopheryl acetate,93,1,ANY,0,False
bambusa vulgaris leafstem extract,94,1,ANY,0,False
pisum sativum pea,95,1,ANY,0,False
extract,96,1,ANY,0,False
glucosamine hcl,97,1,ANY,0,False
camellia sinensis leaf extract,98,1,ANY,0,False
cucumis sativus cucumber fruit extract,99,1,ANY,0,False
dimethicone crosspolymer,100,1,ANY,0,False
panthenol,101,1,ANY,0,False
pantolactone,102,1,ANY,0,False
pfaffia paniculata root extract,104,1,ANY,0,False
ptychopetalum olacoides barkstem extract,105,1,ANY,0,False
lilium candidum flower extract,106,1,ANY,0,False
rubus idaeus raspberry leaf extract,107,1,ANY,0,False
aloe barbadensis leaf juice powder,108,1,ANY,0,False
phospholipids,110,1,ANY,0,False
aminomethyl propanol,113,1,ANY,0,False
lactic acid,114,3,PM,3,True
hesperidin methyl chalcone,115,1,ANY,0,False
sodium citrate,117,1,ANY,0,False
chlorhexidine digluconate,118,1,ANY,0,False
benzyl alcohol,120,1,ANY,0,False
sodium benzoate,121,1,ANY,0,False
diglycerin,122,1,ANY,0,False
menthoxypropanediol,123,1,ANY,0,False
acmella oleracea extract,124,1,ANY,0,False
brassica alba sprout extract,125,1,ANY,0,False
hydroxymethoxyphenyl propylmethylmethoxybenzofuran,126,1,ANY,0,False
methyl gluceth-20,127,1,ANY,0,False
sorbic acid,128,1,ANY,0,False
stevia rebaudiana extract,129,1,ANY,0,False
aroma,130,1,ANY,0,False
benzyl benzoate,131,1,ANY,0,False
octinoxate 75,132,1,ANY,0,False
titanium dioxide 2,133,2,AM,0,False
zinc oxide 171,134,2,AM,0,False
alcohol denat,136,1,ANY,0,False
polyglyceryl-3 polydimethylsiloxyethyl dimethicone,137,1,ANY,0,False
methyl methacrylate crosspolymer,138,1,ANY,0,False
peg-9 polydimethylsiloxyethyl dimethicone,140,1,ANY,0,False
echinacea purpurea extract,141,1,ANY,0,False
camellia oleifera leaf extract,142,1,ANY,0,False
arctostaphylos uva ursi leaf extract,143,1,ANY,0,False
glycyrrhiza glabra licorice root extract,144,1,ANY,0,False
triethoxysilylethyl polydimethylsiloxyethyl hexyl dimethicone,145,1,ANY,0,False
bht,146,1,ANY,0,False
aluminum hydroxide,147,1,ANY,0,False
hexyl cinnamal,148,1,ANY,0,False
hydrogenated polyisobutene,149,1,ANY,0,False
glyceryl stearate,150,1,ANY,0,False
potassium cetyl phosphate,152,1,ANY,0,False
cynara scolymus artichoke leaf extract,153,1,ANY,0,False
retinyl palmitate,154,1,ANY,0,False
astragalus membranaceus root extract,155,1,ANY,0,False
atractylodes macrocephala root extract,156,1,ANY,0,False
iris florentina root extract,157,1,ANY,0,False
bupleurum falcatum root extract,158,1,ANY,0,False
stearalkonium bentonite,161,1,ANY,0,False
silica,162,1,ANY,0,False
cetyl alcohol,163,1,ANY,0,False
propylene carbonate,164,1,ANY,0,False
quartz,165,1,ANY,0,False
chlorphenesin,166,1,ANY,0,False
coumarin,167,1,ANY,0,False
sucrose laurate,168,1,ANY,0,False
olea europaea olive fruit oil,169,1,ANY,0,False
persea gratissima avocado oil,170,1,ANY,0,False
algae exopolysaccharides,171,1,ANY,0,False
prunus amygdalus dulcis sweet almond oil,172,1,ANY,0,False
vaccinium myrtillus seed oil,173,1,ANY,0,False
chromium oxide greens ci 77288,174,1,ANY,0,False
sodium cocoyl isethionate,175,1,ANY,0,False
cocamidopropyl betaine,176,1,ANY,0,False
dimethicone peg-8 meadowfoamate,177,1,ANY,0,False
hamamelis virginiana water hamamelis virginiana witch hazel water,178,1,ANY,0,False
sodium lauroyl oat amino acids,179,1,ANY,0,False
pyrus malus fruit extract pyrus malus apple fruit extract,180,1,ANY,0,False
citrus medica limonum fruit extract citrus medica limonum lemon fruit extract,181,1,ANY,0,True
citrus aurantium dulcis fruit extract citrus aurantium dulcis orange fruit extract,182,1,ANY,0,True
saccharum officinarum extract saccharum officinarum sugar cane extract,183,1,ANY,0,False
glycyrrhiza glabra root extract glycyrrhiza glabra licorice root extract,184,1,ANY,0,False
jojoba alcohol,185,1,ANY,0,False
potassium jojobate,186,1,ANY,0,False
lauryl lactyl lactate,187,1,ANY,0,False
benzoic acid,188,1,ANY,0,False
sodium chloride,189,1,ANY,0,False
xanthan gum,190,1,ANY,0,False
cetearyl ethylhexanoate,191,1,ANY,0,False
ceramide 3,192,1,ANY,0,False
alaria esculenta extract,193,1,ANY,0,False
rosmarinus officinalis leaf extract,194,1,ANY,0,False
helianthus annuus seed oil,195,1,ANY,0,False
cymbopogon martini oil,196,1,ANY,0,False
geraniol,197,1,ANY,0,False
butyrospermum parkii butter butyrospermum parkii shea butter,198,1,ANY,0,False
squalane,199,1,ANY,0,False
ascorbyl glucoside,200,1,ANY,0,False
algae extract,201,1,ANY,0,False
citrullus vulgaris fruit extract citrullus vulgaris watermelon fruit extract,202,1,ANY,0,False
lens esculenta fruit extract lens esculenta lentil fruit extract,203,1,ANY,0,False
oleanolic acid,204,1,ANY,0,False
palmitoyl oligopeptide,205,1,ANY,0,False
enantia chlorantha bark extract,206,1,ANY,0,False
crithmum maritimum extract,207,1,ANY,0,False
silybum marianum seed oil,208,1,ANY,0,False
hydrogenated vegetable oil,209,1,ANY,0,False
fragrance,210,1,ANY,0,False
sodium pca,211,1,ANY,0,False
polymethylsilsesquioxane,213,1,ANY,0,False
ethoxydiglycol,215,1,ANY,0,False
vinyl dimethicone methicone silsesquioxane crosspolymer,216,1,ANY,0,False
peg-12 dimethicone,217,1,ANY,0,False
vegetable collagen,218,1,ANY,0,False
plantago lanceolata leaf extract,219,1,ANY,0,False
sorbitan isostearate,220,1,ANY,0,False
sodium lauroyl lactylate,221,1,ANY,0,False
ceramide ap,222,1,ANY,0,False
ceramide eop,223,1,ANY,0,False
phytosphingosine,224,1,ANY,0,False
cholesterol,225,1,ANY,0,False
ascorbic acid,226,4,AM,3,False
triheptanoin,227,1,ANY,0,False
pseudoalteromonas ferment extract,228,1,ANY,0,False
c13-15 alkane,229,1,ANY,0,False
bakuchiol,231,2,ANY,0,False
beta vulgaris root extract,232,1,ANY,0,False
hydrolyzed corn starch,233,1,ANY,0,False
melia azadirachta leaf extract,234,1,ANY,0,False
melia azadirachta flower extract,235,1,ANY,0,False
coccinia indica fruit extract,236,1,ANY,0,False
solanum melongena fruit extract,237,1,ANY,0,False
aloe barbadensis flower extract,238,1,ANY,0,False
simmondsia chinensis jojoba seed oil,239,1,ANY,0,False
curcuma longa root extract,240,1,ANY,0,False
ocimum basilicum flowerleaf extract,241,1,ANY,0,False
ocimum sanctum leaf extract,242,1,ANY,0,False
salicylic acid,243,3,ANY,3,False
sodium polyacryloyldimethyl taurate,244,1,ANY,0,False
phycocyanin,245,1,ANY,0,False
lavandula angustifolia oil,246,1,ANY,0,False
tanacetum vulgare extract,247,1,ANY,0,False
tetrasodium glutamate diacetate,248,1,ANY,0,False
sodium salicylate,249,1,ANY,0,False
cocos nucifera coconut water,250,1,ANY,0,False
methyl trimethicone,251,1,ANY,0,False
ceresin,252,1,ANY,0,False
ozokerite,253,1,ANY,0,False
chlorella protothecoides,254,1,ANY,0,False
algin,255,1,ANY,0,False
hydrolyzed f-fucoidan,256,1,ANY,0,False
tripleurospermum maritimum extract,257,1,ANY,0,False
palmitoyl hexapeptide-52,258,1,ANY,0,False
passiflora incarnata extract,259,1,ANY,0,False
ribose,260,1,ANY,0,False
collagen,261,1,ANY,0,False
bidens pilosa extract,262,1,ANY,0,False
linum usitatissimum linseed seed oil,263,1,ANY,0,False
elaeis guineensis palm oil,264,1,ANY,0,False
gossypium herbaceum cotton seed oil,265,1,ANY,0,False
biosaccharide gum-4,266,1,ANY,0,False
alpha-glucan oligosaccharide,267,1,ANY,0,False
dimethiconevinyl dimethicone crosspolymer,268,1,ANY,0,False
dipropylene glycol,270,1,ANY,0,False
lauryl peg-9 polydimethylsiloxyethyl dimethicone,271,1,ANY,0,False
dehydroacetic acid,272,1,ANY,0,False
butylphenyl methylpropional,273,1,ANY,0,False
isododecane,274,1,ANY,0,False
isostearyl isostearate,275,1,ANY,0,False
neopentyl glycol diheptanoate,276,1,ANY,0,False
polyglyceryl-6 polyhydroxystearate,277,1,ANY,0,False
polyglyceryl-6 polyricinoleate,278,1,ANY,0,False
phloretin,280,1,ANY,0,False
fucus spiralis extract,281,1,ANY,0,False
tetraselmis chui extract,282,1,ANY,0,False
spiraea ulmaria extract,283,1,ANY,0,False
hydrolyzed algin,284,1,ANY,0,False
sorbitan oleate decylglucoside crosspolymer,285,1,ANY,0,False
disteardimonium hectorite,286,1,ANY,0,False
polyglycerin-6,287,1,ANY,0,False
lavandula angustifolia lavender extract,288,1,ANY,0,False
eucalyptus globulus leaf extract,289,1,ANY,0,False
bergamotgrapefruitorangetangerine fruit ferment extract,290,1,ANY,0,True
mica,291,1,ANY,0,False
citrus limon lemon fruit extract,292,1,ANY,0,True
triethoxycaprylylsilane,293,1,ANY,0,False
titanium dioxide ci 77891,294,2,AM,0,False
collagen amino acids,295,1,ANY,0,False
azelaic acid,296,3,ANY,2,False
glycolic acid,297,4,PM,4,True
decyl glucoside,298,1,ANY,0,False
lauryl glucoside,299,1,ANY,0,False
mentha piperita peppermint extract,301,1,ANY,0,False
dextrin,302,1,ANY,0,False
amylopectin,303,1,ANY,0,False
polydextrose,304,1,ANY,0,False
phytic acid,305,1,ANY,0,False
collagen vegetable,306,1,ANY,0,False
beta-glucan,307,1,ANY,0,False
calendula officinalis flower extract,308,1,ANY,0,False
enteromorpha compressa extract,309,1,ANY,0,False
leontopodium alpinum extract,310,1,ANY,0,False
hydroxyphenyl propamidobenzoic acid,311,1,ANY,0,False
bisabolol,312,1,ANY,0,False
coelastrella vacuolata oil,313,1,ANY,0,False
watanabea reniformis oil,314,1,ANY,0,False
ascorbyl palmitate,315,1,ANY,0,False
ethyhexylglycerin,316,1,ANY,0,False
sodium cocoyl glycinate,317,1,ANY,0,False
kaolin,318,1,ANY,0,False
lactococcus ferment lysate,319,1,ANY,0,False
bentonite,320,1,ANY,0,False
magnesium aluminum silicate,321,1,ANY,0,False
maltooligosyl glucoside,322,1,ANY,0,False
myristic acid,323,1,ANY,0,False
algae oligosaccharides,324,1,ANY,0,False
chlorella vulgaris extract,325,1,ANY,0,False
alteromonas ferment extract,326,1,ANY,0,False
curcuma longa turmeric root extract,327,1,ANY,0,False
hydrogenated starch hydrolysate,329,1,ANY,0,False
sodium methyl oleoyl taurate,330,1,ANY,0,False
styreneacrylates copolymer,332,1,ANY,0,False
phytosteryloctyldodecyl lauroyl glutamate,333,1,ANY,0,False
lauric acid,334,1,ANY,0,False
cellulose gum,335,1,ANY,0,False
sucrose,336,1,ANY,0,False
titanium dioxide,337,2,AM,0,False
iron oxides ci 77491,338,1,ANY,0,False
manganese violet ci 77742,339,1,ANY,0,False
chromium hydroxide green ci 77289,340,1,ANY,0,False
copper lysine prolinate,341,1,ANY,0,False
methyl glucoside phosphate,342,1,ANY,0,False
albiza julibrissin bark extract,343,1,ANY,0,False
kigelia africana fruit extract,344,1,ANY,0,False
chrysin,345,1,ANY,0,False
darutoside,346,1,ANY,0,False
n-hydroxysuccinimide,347,1,ANY,0,False
carthamus tinctorius safflower seed oil,348,1,ANY,0,False
polyglyceryl-10 behenateeicosadioate,350,1,ANY,0,False
mandelic acid,351,2,PM,2,True
glyceryl behenateeicosadioate,352,1,ANY,0,False
oleth-5,353,1,ANY,0,False
spirulina platensis extract,354,1,ANY,0,False
tranexamic acid,355,1,ANY,0,False
malic acid,356,1,ANY,0,True
dipotassium glycyrrhizate,357,1,ANY,0,False
tanacetum annuum flower oil,358,1,ANY,0,False
lavandula angustifolia lavender oil,359,1,ANY,0,False
sodium hylauronate,360,1,ANY,0,False
solanum melongena eggplant fruit extract,361,1,ANY,0,False
euphorbia cerifera candelilla wax,362,1,ANY,0,False
behenyl alcohol,363,1,ANY,0,False
polyglyceryl-3 stearate,364,1,ANY,0,False
peg-8 dimethicone,365,1,ANY,0,False
caprylyl methicone,366,1,ANY,0,False
ergothioneine,367,1,ANY,0,False
copper palmitoyl heptapeptide-14,368,1,ANY,0,False
heptapeptide-15 palmitate,369,1,ANY,0,False
epigallocatechin gallate,370,1,ANY,0,False
aspartic acid,371,1,ANY,0,False
pca,372,1,ANY,0,False
alanine,373,1,ANY,0,False
serine,374,1,ANY,0,False
valine,375,1,ANY,0,False
isoleucine,376,1,ANY,0,False
proline,377,1,ANY,0,False
threonine,378,1,ANY,0,False
lactic acidglycolic acid copolymer,379,4,PM,4,True
polyvinyl alcohol,380,1,ANY,0,False
histidine,381,1,ANY,0,False
phenylalanine,382,1,ANY,0,False
arginine,383,1,ANY,0,False
octyldodecanol,384,1,ANY,0,False
pyridoxine hcl,385,1,ANY,0,False
sodium propoxyhydroxypropyl thiosulfate silica,386,1,ANY,0,False
isohexadecane,387,1,ANY,0,False
adenosine triphosphate,388,1,ANY,0,False
hydrolyzed oat protein,389,1,ANY,0,False
polysilicone-11,390,1,ANY,0,False
polygonum bistorta root extract,391,1,ANY,0,False
nannochloropsis oculata extract,392,1,ANY,0,False
albizia julibrissin bark extract,393,1,ANY,0,False
ammonium polyacryloyldimethyl taurate,394,1,ANY,0,False
polysorbate 80,395,1,ANY,0,False
pullulan,396,1,ANY,0,False
citrullus vulgaris watermelon fruit extract,397,1,ANY,0,False
hydrolyzed myrtus communis leaf extract,398,1,ANY,0,False
lens esculenta lentil fruit extract,399,1,ANY,0,False
tetradecyl aminobutyroylvalylaminobutyric urea trifluoroacetate,400,1,ANY,0,False
magnesium chloride,401,1,ANY,0,False
polymethyl methacrylate,402,1,ANY,0,False
retinol,403,4,PM,4,True
myristoyl nonapeptide-3,404,1,ANY,0,False
acetyl dipeptide-1 cetyl ester,405,1,ANY,0,False
glycine soja soybean extract,406,1,ANY,0,False
sorbitan laurate,407,1,ANY,0,False
cetyl palmitate,408,1,ANY,0,False
hydrogenated polydecene,409,1,ANY,0,False
laureth-23,410,1,ANY,0,False
hydroxyethylcellulose,411,1,ANY,0,False
trideceth-6 phosphate,412,1,ANY,0,False
plankton extract,413,1,ANY,0,False
trifluoroacetyl tripeptide-2,414,1,ANY,0,False
hydrolyzed wheat protein,415,1,ANY,0,False
gold,416,1,ANY,0,False
argininelysine polypeptide,417,1,ANY,0,False
hydrolyzed rice protein,418,1,ANY,0,False
potassium palmitoyl hydrolyzed oat protein,419,1,ANY,0,False
avena sativa oat kernel extract,420,1,ANY,0,False
acetyl hydroxyproline,421,1,ANY,0,False
sodium ascorbate,422,1,ANY,0,False
sodium polyacrylate starch,423,1,ANY,0,False
dextran,424,1,ANY,0,False
citronellol,425,1,ANY,0,False
hydroxyisohexyl 3-cyclohexene carboxaldehyde,426,1,ANY,0,False
isostearyl neopentanoate,427,1,ANY,0,False
sorbitan stearate,428,1,ANY,0,False
di-c12-15 alkyl fumarate,429,1,ANY,0,False
hydrolyzed lupine protein,430,1,ANY,0,False
sigesbeckia orientalis extract,431,1,ANY,0,False
medicago sativa alfalfa extract,432,1,ANY,0,False
chamomilla recutita matricaria extract,433,1,ANY,0,False
citrullus lanatus watermelon fruit extract,434,1,ANY,0,False
synthetic fluorphlogopite,435,1,ANY,0,False
siloxanetriol alginate,436,1,ANY,0,False
tin oxide,437,1,ANY,0,False
glyceryl behenate,439,1,ANY,0,False
glyceryl caprylate,440,1,ANY,0,False
caesalpinia spinosa fruit pod extract,441,1,ANY,0,False
helianthus annuus sunflower sprout extract,442,1,ANY,0,False
microcrystalline cellulose,443,1,ANY,0,False
polyglyceryl-3 polyricinoleate,444,1,ANY,0,False
isostearic acid,445,1,ANY,0,False
calcium alginate,447,1,ANY,0,False
maltodextrin,448,1,ANY,0,False
fomes officinalis mushroom extract,449,1,ANY,0,False
sodium ascorbyl phosphate,450,1,ANY,0,False
biotin,451,1,ANY,0,False
eucalyptus globulus leaf oil,452,1,ANY,0,False
peg-40 hydrogenated castor oil,453,1,ANY,0,False
mannitol,454,1,ANY,0,False
hydrolyzed silk,455,1,ANY,0,False
potassium hydroxide,456,1,ANY,0,False
aqua water,457,1,ANY,0,False
polyacrylate crosspolymer-6,458,1,ANY,0,False
solanum lycopersicum tomato fruit extract,459,1,ANY,0,False
oenothera biennis evening primrose oil,460,1,ANY,0,False
macadamia ternifolia macadamia seed oil,461,1,ANY,0,False
salvia hispanica seed extract,462,1,ANY,0,False
ferulic acid,463,3,AM,1,False
hyaluronic acid,464,1,ANY,0,False
wheat amino acids,465,1,ANY,0,False
lactobacillus ferment,466,1,ANY,0,False
copper tripeptide-1,467,1,ANY,0,False
hydroxyproline,468,1,ANY,0,False
ci 42090 blue 1 fdc blue 1-aluminum lake,469,1,ANY,0,False
aloe barbadensis aloe leaf extract,470,1,ANY,0,False
dicapryl carbonate,471,1,ANY,0,False
silk amino acids,472,1,ANY,0,False
hibiscus sabdariffa red sorrel flower extract,473,1,ANY,0,False
cucumis sativus cucumber seed extract,474,1,ANY,0,False
laureth-12,475,1,ANY,0,False
allantoin,476,1,ANY,0,False
morus alba bark extract,477,1,ANY,0,False
sodium gluconate,478,1,ANY,0,False
pyruvic acid,479,1,ANY,0,False
microcitrus australasica finger-lime fruit extract,480,1,ANY,0,True
disodium phosphate,481,1,ANY,0,False
waltheria indica waltheria leaf extract,482,1,ANY,0,False
sodium phosphate,483,1,ANY,0,False
acetyl tetrapeptide-5,484,1,ANY,0,False
diamond powder,485,1,ANY,0,False
acetyl hexapeptide-51 amide,486,1,ANY,0,False
acetyl hexapeptide-8,487,1,ANY,0,False
acetyl octapeptide-3,488,1,ANY,0,False
dicaprylyl carbonate,489,1,ANY,0,False
hydrolyzed jojoba esters,490,1,ANY,0,False
tocopherol vitamin e,491,1,ANY,0,False
dimethyl isosorbide,492,1,ANY,0,False
ammonium glycyrrhizate,493,1,ANY,0,False
hibiscus sabdariffa flower extract,494,1,ANY,0,False
hydroxypinacolone retinoate,495,1,ANY,0,False
ubiquinone,496,1,ANY,0,False
hippophae rhamnoides sea buckthorn fruit extract,497,1,ANY,0,False
tasmannia lanceolata pepperberry extract,498,1,ANY,0,False
10 glycolic acid,499,4,PM,4,True
05 retinol,500,4,PM,4,True
panthenol vitamin b5,501,1,ANY,0,False
papaya enzyme,502,1,ANY,0,False
jojoba seed oil,503,1,ANY,0,False
shea butter,504,1,ANY,0,False
mango seed butter,505,1,ANY,0,False
vitamin e,506,1,ANY,0,False
peg-7 glyceryl cocoate,507,1,ANY,0,False
cucumis sativus cucumber extract,508,1,ANY,0,False
thymus vulgaris thyme leaf extract,509,1,ANY,0,False
coconut alkanes,510,1,ANY,0,False
aloe barbadensis aloe vera leaf juice,511,1,ANY,0,False
prunus armeniaca apricot kernel oil,512,1,ANY,0,False
diheptyl succinate,515,1,ANY,0,False
centella asiatica meristem cell culture,516,1,ANY,0,False
tripeptide-29,517,1,ANY,0,False
linoleic acid,518,1,ANY,0,False
citrus aurantium dulcis orange oil,519,1,ANY,0,True
coenochloris signiensis extract,520,1,ANY,0,False
hydrolyzed sodium hyaluronate,521,1,ANY,0,False
eclipta prostrata extract,522,1,ANY,0,False
moringa pterygosperma seed oil,523,1,ANY,0,False
ascorbic acid vitamin c,524,4,AM,3,False
salvia officinalis sage leaf extract,525,1,ANY,0,False
arnica montana arnica flower extract,526,1,ANY,0,False
borago officinalis borage flower extract,527,1,ANY,0,False
calendula officinalis calendula flower extract,528,1,ANY,0,False
chamomilla recutita matricaria flower extract,529,1,ANY,0,False
hydrated silica,530,1,ANY,0,False
hydroxypropyl starch phospate,531,1,ANY,0,False
bentonite clay,532,1,ANY,0,False
vaccinium membranaceum huckleberry extract,533,1,ANY,0,False
salix alba white willow bark extract bambusa arundinacea bamboo stem extract,534,1,ANY,0,False
sodium stearoyl lactylate,535,1,ANY,0,False
carrageenan,536,1,ANY,0,False
glucose,537,1,ANY,0,False
simmondsia chinensis jojoba seed wax,538,1,ANY,0,False
moringa oleifera seed oil,539,1,ANY,0,False
lactobacilluspumpkin ferment extract,540,1,ANY,0,False
dehyroacetic acid dha,541,1,ANY,0,False
menthyl lactate,542,1,ANY,0,False
lactobacilluscapsicum frutescens fruit ferment extract,543,1,ANY,0,False
vaccinium myrtillus fruit extract,544,1,ANY,0,False
citrus aurantium dulcis orange fruit extract,546,1,ANY,0,True
acer saccharum sugar maple extract,547,1,ANY,0,False
tartaric acid dl-,548,1,ANY,0,True
vaccinium angustifolium blueberry fruit extract,549,1,ANY,0,False
citrus aurantium dulcis orange peel extract,550,1,ANY,0,True
vanilla planifolia fruit extract,551,1,ANY,0,False
rosa damascena extract,552,1,ANY,0,False
rubus idaeus raspberry fruit extract,553,1,ANY,0,False
citrus aurantium amara bitter orange leaftwig extract,555,1,ANY,0,True
cinnamomum camphora linalooliferum wood extract,556,1,ANY,0,False
alcohol,557,1,ANY,0,False
vitis vinifera grape fruit cell extract,558,1,ANY,0,False
isomalt,559,1,ANY,0,False
vaccinium corymbosum blueberry seed powder,560,1,ANY,0,False
urtica dioica nettle extract,561,1,ANY,0,False
nephelium lappaceum leaf extract,562,1,ANY,0,False
superoxide dismutase,563,1,ANY,0,False
sodium levulinate,564,1,ANY,0,False
lysolecithin,565,1,ANY,0,False
sclerotium gum,566,1,ANY,0,False
curcuma longa turmeric root oil,567,1,ANY,0,False
tocopherol mixed,568,1,ANY,0,False
arctostaphylos uva-ursi bearberry extract,569,1,ANY,0,False
taraxacum officinalis wild dandelion extract,570,1,ANY,0,False
prunus virginiana chokecherry extract,571,1,ANY,0,False
salix alba white willow extract,572,1,ANY,0,False
lactobacilluspunica granatum fruit ferment extract,573,1,ANY,0,False
euphrasia officinalis extract,574,1,ANY,0,False
cetearyl glucoside,575,1,ANY,0,False
cetyl hydroxyethylcellulose,576,1,ANY,0,False
kappaphycus alvarezii extract,577,1,ANY,0,False
caesalpinia spinosa fruit extract,578,1,ANY,0,False
caesalpinia sappan bark extract,579,1,ANY,0,False
arctostaphylos uva ursi bearberry leaf extract,580,1,ANY,0,False
barago officinalis borage flower extract,581,1,ANY,0,False
cetearyl olivate,583,1,ANY,0,False
sorbitan olivate,584,1,ANY,0,False
theobroma cacao cocoa seed butter,585,1,ANY,0,False
jojoba esters,586,1,ANY,0,False
amelanchier alnifolia fruit extract juneberry,587,1,ANY,0,False
sodium lauroyl sarcosinate,588,1,ANY,0,False
acacia senegal gum,589,1,ANY,0,False
tremella fuciformis polysaccharide,590,1,ANY,0,False
menthol,591,1,ANY,0,False
pistacia lentiscus mastic gum,592,1,ANY,0,False
hydrogenated lecithin,593,1,ANY,0,False
hydrogenated ethylhexyl olivate,594,1,ANY,0,False
magnesium ascorbyl phosphate,595,1,ANY,0,False
phyllanthus emblica fruit extract,596,1,ANY,0,False
sesamum indicum sesame seed oil,597,1,ANY,0,False
hydrogenated olive oil unsaponifiables,598,1,ANY,0,False
vitis vinifera grape seed oil,599,1,ANY,0,False
cannabis sativa seed oil,600,1,ANY,0,False
rosa canina fruit oil,601,1,ANY,0,False
avena sativa oat bran extract,602,1,ANY,0,False
arnica cordifolio arnica flower extract,603,1,ANY,0,False
matricaria discoidea chamomile flower extract,604,1,ANY,0,False
lomatium dissectum root extract,605,1,ANY,0,False
citrus aurantium dulcis orange peel oil,606,1,ANY,0,True
jasminum officinale jasmine oil,607,1,ANY,0,False
citral,608,1,ANY,0,False
eugenol,609,1,ANY,0,False
hamamelis virginiana witch hazel l methyl cocoyl taurate,610,1,ANY,0,False
lactobacilluspunica granatum pomegranate fruit ferment extract,611,1,ANY,0,False
polyacrylate-33,612,1,ANY,0,False
sodium cocoyl apple amino acids,613,1,ANY,0,False
tromethamine,614,1,ANY,0,False
carica papaya papaya fruit extract,615,1,ANY,0,False
zinc oxide,616,2,AM,0,False
dehydroacetic acid dha,617,1,ANY,0,False
hydroxysteariclinolenicoleic polyglycerides,618,1,ANY,0,False
ricinus communis castor seed oil,619,1,ANY,0,False
polyhydroxystearic acid,620,1,ANY,0,False
agave tequilana leaf extract,621,1,ANY,0,False
cocos nucifera coconut oil,622,1,ANY,0,False
helianthus annuus sunflower seed wax,623,1,ANY,0,False
hydrogenated castor oil,624,1,ANY,0,False
copernicia cerifera carnauba wax,625,1,ANY,0,False
aloe barbadensis leaf extract,626,1,ANY,0,False
salix alba white willow bark extract,627,1,ANY,0,False
taraxacum officinalis wild dandelion flower extract,628,1,ANY,0,False
stevia rebaudiana leafstem extract,629,1,ANY,0,False
citrus lemon peel oil,630,1,ANY,0,True
rosa damascena flower oil,631,1,ANY,0,False
polyglyceryl-4 caprate,632,1,ANY,0,False
polyglyceryl-6 caprylate,633,1,ANY,0,False
melaleuca alternifolia tea tree leaf oil,634,1,ANY,0,False
gardenia florida fruit extract,635,1,ANY,0,False
phyllostachys bambusoides extract,636,1,ANY,0,False
sclerocarya birrea marula kernel oil,637,1,ANY,0,False
tremella fuciformis sporocarp mushroom extract,638,1,ANY,0,False
rosa damascena flower water,639,1,ANY,0,False
beta sitosterol,640,1,ANY,0,False
hamamelis virginiana witch hazel leaf extract,641,1,ANY,0,False
centella asiatica extract,642,1,ANY,0,False
borago officinalis seed oil,643,1,ANY,0,False
ribes nigrum black currant seed oil,644,1,ANY,0,False
brassica campestris rapeseed seed oil,645,1,ANY,0,False
santalum austrocaledonicum wood oil,646,1,ANY,0,False
levisticum officinale oil,647,1,ANY,0,False
boswellia carterii gum extract,648,1,ANY,0,False
tocotrienols,649,1,ANY,0,False
althaea officinalis leaf extract,650,1,ANY,0,False
melissa officinalis leaf extract,651,1,ANY,0,False
vaccinium myrtillus leaf extract,652,1,ANY,0,False
squalene,653,1,ANY,0,False
disodium cocoyl glutamate,655,1,ANY,0,False
coconut acid,656,1,ANY,0,False
alanyl glutamine,658,1,ANY,0,False
oligopeptide-177,659,1,ANY,0,False
sisymbrium irio seed oil,660,1,ANY,0,False
argania spinosa kernel oil,661,1,ANY,0,False
ethyl oleate,662,1,ANY,0,False
polyglyceryl-4 oleate,663,1,ANY,0,False
zinc pca,665,1,ANY,0,False
palmitoyl tripeptide-8,666,1,ANY,0,False
propylene glycol,667,1,ANY,0,False
hydrogenated phosphatidylcholine,668,1,ANY,0,False
sorbitol,669,1,ANY,0,False
sodium carbomer,670,1,ANY,0,False
glycine soja soybean protein,671,1,ANY,0,False
glycine,672,1,ANY,0,False
lysine,673,1,ANY,0,False
oleic acid,674,1,ANY,0,False
scenedesmus rubescens extract,675,1,ANY,0,False
sodium dextran sulfate,676,1,ANY,0,False
brassica alba oil,677,1,ANY,0,False
maris aquasea watereau de mer,679,1,ANY,0,False
sodium acrylates copolymer,680,1,ANY,0,False
cellulose,681,1,ANY,0,False
ethylhexyl polyhydroxystearate,682,1,ANY,0,False
oryza sativa rice bran oil,683,1,ANY,0,False
hydrolyzed adansonia digitata extract,684,1,ANY,0,False
porphyridium cruentum extract,685,1,ANY,0,False
phragmites communis extract,686,1,ANY,0,False
poria cocos extract,687,1,ANY,0,False
backhousia citriodora leaf extract,688,1,ANY,0,False
epigallocatechin gallatyl glucoside,689,1,ANY,0,False
c10-18 triglycerides,690,1,ANY,0,False
dicaprylyl ether,691,1,ANY,0,False
glyceryl stearate citrate,692,1,ANY,0,False
olusvegetable oilhuile vgtale,693,1,ANY,0,False
nigella sativa seed oil,694,1,ANY,0,False
candelilla ceraeuphorbia cerifera candelilla waxcire de candelilla,695,1,ANY,0,False
totarol,696,1,ANY,0,False
resveratrol,697,1,ANY,0,False
ascorbyl tetraisopalmitate,698,1,ANY,0,False
maltitol,699,1,ANY,0,False
leontopodium alpinum callus culture extract,700,1,ANY,0,False
xylitylglucoside,701,1,ANY,0,False
anhydroxylitol,702,1,ANY,0,False
xylitol,703,1,ANY,0,False
punica granatum extract,704,1,ANY,0,False
hydrogenated vegetable glycerides,705,1,ANY,0,False
terminalia arjuna extract,706,1,ANY,0,False
centella asiatica flowerleafstem extract,707,1,ANY,0,False
c12-16 alcohols,708,1,ANY,0,False
caesalpinia spinosa gum,709,1,ANY,0,False
o-cymen- 5-ol,710,1,ANY,0,False
panax ginseng root extract,711,1,ANY,0,False
punica granatum pomegranate fruit extract,712,1,ANY,0,False
wine,713,1,ANY,0,False
lactobacilluswasabia japonica root ferment extract,714,1,ANY,0,False
paeonia lactiflora root extract,715,1,ANY,0,False
papain,716,1,ANY,0,False
colloidal silver,717,1,ANY,0,False
hamamelis virginiana witch hazel extract,718,1,ANY,0,False
chondrus crispus powder,719,1,ANY,0,False
hydrolyzed collagen,720,1,ANY,0,False
glucomannan,721,1,ANY,0,False
pearl powder,722,1,ANY,0,False
potassium chloride,724,1,ANY,0,False
potassium citrate,725,1,ANY,0,False
saccharide isomerate,727,1,ANY,0,False
dimethiconephenyl vinyl dimethicone crosspolymer,728,1,ANY,0,False
disodium laureth sulfosuccinate,729,1,ANY,0,False
sodium lauroamphoacetate,732,1,ANY,0,False
sodium methyl cocoyl taurate,733,1,ANY,0,False
zingiber officinale ginger root extract,736,1,ANY,0,False
100 brazilian rose quartz,737,1,ANY,0,False
butyleneethylene styrene copolymer,739,1,ANY,0,False
tripeptide-1,740,1,ANY,0,False
silica dimethyl silylate,741,1,ANY,0,False
dipotassium glycyrrhizinate,742,1,ANY,0,False
sucralose,743,1,ANY,0,False
methyl nicotinate,744,1,ANY,0,False
natural flavors,745,1,ANY,0,False
iron oxides,746,1,ANY,0,False
lauryl dimethiconepolyglycerin-3 crosspolymer,747,1,ANY,0,False
hydroxyacetophenone,748,1,ANY,0,False
astrocaryum murumuru seed butter,749,1,ANY,0,False
sodium metabisulfite,750,1,ANY,0,False
helianthus annuus sunflower seed oil unsaponifiables,751,1,ANY,0,False
bis-peg-18 methyl ether dimethyl silane,752,1,ANY,0,False
beeswax cera alba,753,1,ANY,0,False
peg-10 dimethicone,754,1,ANY,0,False
peg-10 rapeseed sterol,755,1,ANY,0,False
polygonum cuspidatum root extract,756,1,ANY,0,False
scutellaria baicalensis root extract,757,1,ANY,0,False
diphenyl dimethicone,758,1,ANY,0,False
hydrolyzed agastache rugosa extract,759,1,ANY,0,False
citrus limon lemon peel oil,760,1,ANY,0,True
cananga odorata flower oil,761,1,ANY,0,False
melia azadirachita leaf extract,762,1,ANY,0,False
cocyl arginine amide,764,1,ANY,0,False
myristoyl tetrapeptide-13,765,1,ANY,0,False
myristoyl,766,1,ANY,0,False
hexapeptide-23,767,1,ANY,0,False
syringa vulgaris lilac extract,768,1,ANY,0,False
pelargonium graveolens flower essential oil,769,1,ANY,0,False
lavandula angustifolia lavender essential oil,770,1,ANY,0,False
guar hydroxypropyltrimonium chloride,771,1,ANY,0,False
cymbopogon schoenanthus essential oil,772,1,ANY,0,False
cedrus atlantica bark cedarwood essential oil,773,1,ANY,0,False
simethicone,774,1,ANY,0,False
urea,775,1,ANY,0,False
achillea millefolium extract,777,1,ANY,0,False
alchemilla vulgaris extract,778,1,ANY,0,False
malva sylvestris mallow extract,779,1,ANY,0,False
mentha piperita peppermint leaf extract,780,1,ANY,0,False
primula veris extract,781,1,ANY,0,False
veronica officinalis extract,782,1,ANY,0,False
epilobium angustifolium flowerleafstem extract,783,1,ANY,0,False
larix europaea wood extract,784,1,ANY,0,False
eriobotrya japonica leaf extract,785,1,ANY,0,False
glyceryl polyacrylate,786,1,ANY,0,False
zinc chloride,787,1,ANY,0,False
ethylhexyl stearate,788,1,ANY,0,False
theobroma cacao cocoa seed butter propanediol,789,1,ANY,0,False
dimethicone peg-7 isostearate,790,1,ANY,0,False
prunus amygdalus dulcis sweet almond seed extract,791,1,ANY,0,False
sorghum bicolor stalk juice,792,1,ANY,0,False
spilanthes acmella flower extract,793,1,ANY,0,False
sodium polystyrene sulfonate,794,1,ANY,0,False
xymenynic acid,795,1,ANY,0,False
polyacrylamide,796,1,ANY,0,False
tartaric acid,797,1,ANY,0,True
c13-14 isoparaffin,798,1,ANY,0,False
steareth-10,799,1,ANY,0,False
laureth-7,800,1,ANY,0,False
steareth-20k,801,1,ANY,0,False
camelina sativa seed oil,803,1,ANY,0,False
spilanthes acmella flower bud extract,804,1,ANY,0,False
farnesol,805,1,ANY,0,False
leontopodium alpinum meristem cell culture,807,1,ANY,0,False
amorphophallus konjac root powder,808,1,ANY,0,False
commiphora mukul resin extract,809,1,ANY,0,False
palmitoyl tripeptide-28,810,1,ANY,0,False
trihydroxystearin,811,1,ANY,0,False
myristoyl hexapeptide-23,812,1,ANY,0,False
bis-diglyceryl polyacyladipate-2,813,1,ANY,0,False
capryliccapricmyristicstearic triglyceride,814,1,ANY,0,False
neopentyl glycol dicaprylatedicaprate,815,1,ANY,0,False
tridecyl stearate,816,1,ANY,0,False
ethyl macadamiate,817,1,ANY,0,False
paraffin,818,1,ANY,0,False
tridecyl trimellitate,821,1,ANY,0,False
dipeptide diaminobutyroyl benzylamide diacetate,822,1,ANY,0,False
portulaca oleracea extract,823,1,ANY,0,False
hamamelis virginiana extract,825,1,ANY,0,False
aloe yohjyu matsu ekisu,826,1,ANY,0,False
diazolidinyl urea,827,1,ANY,0,False
iodopropynyl butylcarbamate,828,1,ANY,0,False
parfum,829,1,ANY,0,False
methl trimethicone,830,1,ANY,0,False
malakite extract,831,1,ANY,0,False
pentaerythrityl tetraethylhexanoate,832,1,ANY,0,False
pegppgpolybutylene glycol-853 glycerin,833,1,ANY,0,False
alchemilla vulgaris leaf extract,834,1,ANY,0,False
equisetum arvense leaf extract,835,1,ANY,0,False
stellaria media chickweed extract,836,1,ANY,0,False
urtica dioica nettle leaf extract,837,1,ANY,0,False
nepeta cataria extract,838,1,ANY,0,False
baptisia tinctoria root extract,839,1,ANY,0,False
dimethiconol,840,1,ANY,0,False
sodium acrylateacryloyldimethyltauratedimethylacrylamide crosspolymer,841,1,ANY,0,False
phenl trimethicone,842,1,ANY,0,False
pentaerythrityl tetraisostearate,843,1,ANY,0,False
triethylhexanoin,844,1,ANY,0,False
macadamia ternifolia seed oil,845,1,ANY,0,False
peg-150,846,1,ANY,0,False
c14-22 alcohols,847,1,ANY,0,False
arachidyl glucoside,848,1,ANY,0,False
trisodium edta,849,1,ANY,0,False
caprylyl trimethicone,850,1,ANY,0,False
hditrimethylol hexyllactone crosspolymer,851,1,ANY,0,False
sucrose polystearate,852,1,ANY,0,False
pca dimethicone,853,1,ANY,0,False
centella asiatica leaf extract,854,1,ANY,0,False
viola tricolor extract,855,1,ANY,0,False
rosa damascena flower extract,856,1,ANY,0,False
spiraea ulmaria flower extract,857,1,ANY,0,False
althaea officinalis root extract,858,1,ANY,0,False
achillea millefolium flower extract,859,1,ANY,0,False
symphytum officinale leaf extract,860,1,ANY,0,False
trifolium pratense clover flower extract,861,1,ANY,0,False
menyanthes trifoliata leaf extract,862,1,ANY,0,False
salix alba willow bark extract,863,1,ANY,0,False
glycereth-20,864,1,ANY,0,False
c12-20 alkyl gucoside,865,1,ANY,0,False
hydroxyethyl acrylatesodium acryloyldimethyl taurate copolymwer,866,1,ANY,0,False
rosamarinus officinalis rosemary leaf oil,867,1,ANY,0,False
pelargonium graveolens flower oil,868,1,ANY,0,False
citrannellol,869,1,ANY,0,False
diisostearyl malate,870,1,ANY,0,False
synthetic wax,872,1,ANY,0,False
microcrystalline wax,873,1,ANY,0,False
madecassoside,874,1,ANY,0,False
ethylenepropylene copolymer,875,1,ANY,0,False
cetyl ethylhexanoate,876,1,ANY,0,False
peg-20 glyceryl triisostearate,877,1,ANY,0,False
peg-10 isostearate,878,1,ANY,0,False
polyethylene,879,1,ANY,0,False
sorbitan sesquioleate,880,1,ANY,0,False
citrus aurantium bergamia bergamot fruit oil,881,1,ANY,0,True
juniperus mexicana oil,882,1,ANY,0,False
lavandula hybrida oil,883,1,ANY,0,False
mentha arvensis leaf oil,884,1,ANY,0,False
mentha viridis spearmint leaf oil,885,1,ANY,0,False
myristica fragrans nutmeg extract,886,1,ANY,0,False
citrus aurantifolia lime oil,887,1,ANY,0,True
methylpropanediol,888,1,ANY,0,False
nelumbo nucifera flower extract,889,1,ANY,0,False
trehalose,890,1,ANY,0,False
hydrolyzed hyaluronic acid,891,1,ANY,0,False
hydroxypropyltrimonium hyaluronate,892,1,ANY,0,False
sodium hyaluronate crosspolymer,893,1,ANY,0,False
glycine soja soybean oil,894,1,ANY,0,False
daucus carota sativa carrot seed oil,896,1,ANY,0,False
daucus carota sativa carrot root extract,897,1,ANY,0,False
salicornia herbacea extract,898,1,ANY,0,False
rosmarinus officinalis rosemary leaf oil,899,1,ANY,0,False
adansonia digitata baobab seed extract,900,1,ANY,0,False
lonicera caprifolium honeysuckle flower extract,901,1,ANY,0,False
vitis vinifera grape vine sap,902,1,ANY,0,False
hydroxypropyl cyclodextrin,903,1,ANY,0,False
peg-60 hydrogenated castor oil,904,1,ANY,0,False
glyceryl acrylateacrylic acid copolymer,905,1,ANY,0,False
glycereth-26,906,1,ANY,0,False
phenyl trimethicone,907,1,ANY,0,False
pegppg-176 copolymer,908,1,ANY,0,False
polyglutamic acid,909,1,ANY,0,False
malachite extract,910,1,ANY,0,False
polyglycerin-3,911,1,ANY,0,False
peg-240hdi copolymer bis-decyltetradecet-20 ether,912,1,ANY,0,False
polymethylsilsequioxane,913,1,ANY,0,False
calluna vulgaris extract,914,1,ANY,0,False
dispacus sylvestris extract,915,1,ANY,0,False
crysanthemum parthenium feverfew extract,916,1,ANY,0,False
avena sative oat kernel extract,917,1,ANY,0,False
malt extract,918,1,ANY,0,False
triticum vulgare wheat sprout extract,919,1,ANY,0,False
urticadioicia nettle leaf extract,920,1,ANY,0,False
simmondsia chinesis jojoba seed oil,921,1,ANY,0,False
curcuma longa tumeric root extract,922,1,ANY,0,False
linalool napiers original formula napiers aqua formula fragrances,923,1,ANY,0,False
potassium cocoyl glycinate,924,1,ANY,0,False
potassium cocoate,926,1,ANY,0,False
lauramidopropyl betaine,927,1,ANY,0,False
glyceryl oleate,928,1,ANY,0,False
tetrasodium edta,929,1,ANY,0,False
acrylatespolytrimethylsiloxymethacrylate copolymer,930,1,ANY,0,False
benzotriazolyl dodecyl p-cresol,931,1,ANY,0,False
inulin lauryl carbamate,932,1,ANY,0,False
sodium acrylatesodium acryloyldimethyl taurate copolymer,933,1,ANY,0,False
lonicera japonica honeysuckle flower extract,934,1,ANY,0,False
morinda citrifolia fruit extract,935,1,ANY,0,False
lactobacillus soybean ferment extract,936,1,ANY,0,False
saccharomyces potato extract ferment filtrate,937,1,ANY,0,False
saccharomyces barley seed ferment filtrate,938,1,ANY,0,False
octyldodeceth 16,939,1,ANY,0,False
theobroma grandiflorum seed butter,940,1,ANY,0,False
glycolipids,941,1,ANY,0,False
caprylic capric triglyceride,942,1,ANY,0,False
cyclohexasiloxane,944,1,ANY,0,False
stearyl alcohol,945,1,ANY,0,False
peg-40 stearate,946,1,ANY,0,False
saccharomycesviscum album mistletoe ferment extract,947,1,ANY,0,False
saccharomycesimperata cylindrica root ferment extract,949,1,ANY,0,False
ceteayl olivate,950,1,ANY,0,False
poncirus trifoliata fruit extract,951,1,ANY,0,False
thuja occidentalis leaf extract,952,1,ANY,0,False
chelidonium majus extract,953,1,ANY,0,False
hydroxyethylpiperazine ethane sulfonic acid,954,1,ANY,0,False
glycosyl trehalose,955,1,ANY,0,False
citronnellol,956,1,ANY,0,False
citrua aurantifolia lime oil,957,1,ANY,0,False
parfum fragrance,958,1,ANY,0,False
sorbitan trioleate,959,1,ANY,0,False
apium graveolens celery seed extract,960,1,ANY,0,False
sphingolipids,961,1,ANY,0,False
sphingomonas ferment extract,962,1,ANY,0,False
linum usitatissimum linseed seed extract,963,1,ANY,0,False
pentaerythrityl tetra-di-t-butyl hydroxyhydrocinnamate,964,1,ANY,0,False
ci 77007 ultramarines,965,1,ANY,0,False
peg-40 sorbitan peroleate,966,1,ANY,0,False
ci 77499 iron oxides,967,1,ANY,0,False
ci 77491 iron oxides,968,1,ANY,0,False
opuntia coccinellifera flower extract,969,1,ANY,0,False
ci 77891 titanium dioxide,970,2,AM,0,False
trisodium ethylenediamine disuccinate,971,1,ANY,0,False
prunus domestica seed oil,972,1,ANY,0,False
ci 77510 ferric ferrocyanide,973,1,ANY,0,False
citrus junos fruit extract,974,1,ANY,0,True
sea silt,975,1,ANY,0,False
ci 77288 chromium oxide greens,976,1,ANY,0,False
peg-120 methyl glucose dioleate,977,1,ANY,0,False
polyquaternium-22,978,1,ANY,0,False
isoamyl laurate,979,1,ANY,0,False
euterpe oleracea sterols,980,1,ANY,0,False
linolenic acid,981,1,ANY,0,False
ethyl linoleate,982,1,ANY,0,False
isoamyl cocoate,983,1,ANY,0,False
sorbitan palmitate,984,1,ANY,0,False
astaxanthin,985,1,ANY,0,False
lespedeza capitata leafstem extract,986,1,ANY,0,False
chrondrus crispus extract,988,1,ANY,0,False
glycine soja soybean sterols,989,1,ANY,0,False
lechithin,990,1,ANY,0,False
lepidium sativum sprout extract,991,1,ANY,0,False
chondrus crispus extract,992,1,ANY,0,False
malus domestica fruit cell culture extract,993,1,ANY,0,False
lycium barbarum goji fruit extract,994,1,ANY,0,False
lycopene,995,1,ANY,0,False
vitis vinifera grape skin extract,996,1,ANY,0,False
ethyl lauroyl arginate hcl,997,1,ANY,0,False
methyl dihydroabietate,998,1,ANY,0,False
nymphaea alba flower extract,999,1,ANY,0,False
ethyl ferulate,1000,1,ANY,0,False
sodium palmitoyl proline,1001,1,ANY,0,False
polyglyceryl-2 caprate,1002,1,ANY,0,False
hydrogenated farnesene,1003,1,ANY,0,False
polyglyceryl-2 sesquioleate,1004,1,ANY,0,False
rosa moschata seed,1005,1,ANY,0,False
oil,1006,1,ANY,0,False
avena sativa oat kernel oil,1007,1,ANY,0,False
oenothera biennis,1008,1,ANY,0,False
evening primrose oil,1009,1,ANY,0,False
rosmarinus officinalis rosemary,1010,1,ANY,0,False
leaf extract,1011,1,ANY,0,False
anthemis nobilis flower oil,1012,1,ANY,0,False
helianthus,1013,1,ANY,0,False
annuus sunflower seed oil,1014,1,ANY,0,False
lentinus edodes mycelium extract,1015,1,ANY,0,False
cucumis sativus cucumber fruit water,1016,1,ANY,0,False
betaine salicylate,1017,1,ANY,0,False
microcitrus australasica fruit extract,1018,1,ANY,0,True
rosmarinus officinalis rosemary leaf water,1019,1,ANY,0,False
melissa officinalis leaf oil,1021,1,ANY,0,False
amber powder,1022,1,ANY,0,False
pelargonium graveolens oil,1023,1,ANY,0,False
cocamidopropyl hydroxysultaine,1024,1,ANY,0,False
disodium coco-glucoside citrate,1025,1,ANY,0,False
cocoyl proline,1026,1,ANY,0,False
moringa oleifera leaf extract,1027,1,ANY,0,False
cymbopogon schoenanthus oil,1028,1,ANY,0,False
salvia sclarea clary oil,1029,1,ANY,0,False
hydrolyzed pea protein,1030,1,ANY,0,False
caramel,1031,1,ANY,0,False
ectoin,1032,1,ANY,0,False
copper pca,1034,1,ANY,0,False
sodium polyglutamate,1035,1,ANY,0,False
passiflora incarnata flower extract,1036,1,ANY,0,False
squalane oil,1037,1,ANY,0,False
lactobacilluslemon peel ferment extract,1038,1,ANY,0,True
iron oxide ci 77491,1039,1,ANY,0,False
hydroxysteariclinoleicoleic polyglycerides,1040,1,ANY,0,False
myristicpalmiticstearicricinoleiceicosanedioic glycerides,1041,1,ANY,0,False
glyceryl undecylenate,1042,1,ANY,0,False
rosa damascena flower wax,1043,1,ANY,0,False
sucrose stearate,1044,1,ANY,0,False
polymnia sonchifolia root juice,1045,1,ANY,0,False
sambucus nigra fruit extract,1046,1,ANY,0,False
lactobacillus,1047,1,ANY,0,False
ipomoea batatas root extract,1048,1,ANY,0,False
sucrose palmitate,1049,1,ANY,0,False
retinal,1050,5,PM,4,True
crocus sativus stigma extract,1051,1,ANY,0,False
pseudozyma epicolaevening primrose oil ferment extract,1052,1,ANY,0,False
hydroxyapatite,1053,1,ANY,0,False
polyglyceryl-10 laurate,1054,1,ANY,0,False
glyceryl citratelactatelinoleateoleate,1055,1,ANY,0,False
citrus nobilis mandarin orange peel oil,1056,1,ANY,0,True
polyglyceryl-4 cocoate,1057,1,ANY,0,False
polyglyceryl-3 caprate,1058,1,ANY,0,False
ppg-2 myristyl ether propionate,1059,1,ANY,0,False
epilobium angustifolium extract,1060,1,ANY,0,False
yeast extractfaexextrait de levure,1061,1,ANY,0,False
citrus grandis grapefruit peel oil,1062,1,ANY,0,True
methyl glucose sesquistearate,1063,1,ANY,0,False
pelargonium graveolens geranium flower oil,1064,1,ANY,0,False
peg-20 methyl glucose sesquistearate,1065,1,ANY,0,False
c12-15 alkyl ethylhexanoate,1066,1,ANY,0,False
acrylates copolymer,1067,1,ANY,0,False
phytantriol,1068,1,ANY,0,False
rhodochrosite extract,1069,1,ANY,0,False
trisiloxane,1070,1,ANY,0,False
spinacia oleracea spinach leaf extract,1071,1,ANY,0,False
folic acid,1073,1,ANY,0,False
pyridoxine dipalmitate,1074,1,ANY,0,False
cyanocobalamin,1075,1,ANY,0,False
aleurites moluccana kukui seed oil,1076,1,ANY,0,False
myristyl myristate,1077,1,ANY,0,False
cetyl phosphate,1078,1,ANY,0,False
polyperfluoromethylisopropyl ether,1079,1,ANY,0,False
coriandrum sativum coriander seed oil,1080,1,ANY,0,False
rosa canina rose fruit oil,1081,1,ANY,0,False
elettaria cardamomum cardamom,1082,1,ANY,0,False
lavandula angustifolia lavender,1083,1,ANY,0,False
jasminum officinale jasmine,1084,1,ANY,0,False
myristyl laurate,1085,1,ANY,0,False
sodium acrylatesacrylonitrogens copolymer,1086,1,ANY,0,False
propylene glycol stearate,1087,1,ANY,0,False
myristyl alcohol,1088,1,ANY,0,False
propylene glycol laurate,1089,1,ANY,0,False
phenoxyethanol iln38467,1090,1,ANY,0,False
peg-4 diheptanoate,1091,1,ANY,0,False
anthemis nobilis chamomile flower extract,1092,1,ANY,0,False
citrus aurantium amara bitter orange oil,1093,1,ANY,0,True
sapindus mukorossi fruit extract,1094,1,ANY,0,False
dicetyl phosphate,1095,1,ANY,0,False
ceteth-10 phosphate,1096,1,ANY,0,False
coffea arabica coffee seed extract,1097,1,ANY,0,False
carmine ci 75470,1099,1,ANY,0,False
iron oxides ci 77499,1100,1,ANY,0,False
iron oxides ci 77492,1101,1,ANY,0,False
iron oxides ci 77491 iln44484,1102,1,ANY,0,False
isopropyl palmitate,1103,1,ANY,0,False
triisostearin,1104,1,ANY,0,False
peg-8 diisostearate,1105,1,ANY,0,False
peg-12 diisostearate,1106,1,ANY,0,False
dipentaerythrityl tri-polyhydroxystearate,1107,1,ANY,0,False
vaccinium macrocarpon cranberry fruit extract,1108,1,ANY,0,False
lycium chinense wolfberry fruit extract,1109,1,ANY,0,False
opuntia tuna extract,1110,1,ANY,0,False
nymphaea alba water lily flower extract,1112,1,ANY,0,False
bixa orellana seed extract,1113,1,ANY,0,False
jasminum officinale jasmine flower wax,1114,1,ANY,0,False
yeast extract,1115,1,ANY,0,False
glyceryl laurate,1116,1,ANY,0,False
helianthus annuus sunflower seedcake,1117,1,ANY,0,False
glycine soja soybean seed extract,1118,1,ANY,0,False
salvia sclarea clary extract,1119,1,ANY,0,False
hordeum vulgare barley extractextrait dorge,1120,1,ANY,0,False
camellia japonica flower extract,1121,1,ANY,0,False
propylene glycol dicaprate,1122,1,ANY,0,False
sodium polyaspartate,1123,1,ANY,0,False
hydroxyethyl urea,1124,1,ANY,0,False
c9-12 alkane,1125,1,ANY,0,False
petrolatum,1126,1,ANY,0,False
lanolin alcohol,1127,1,ANY,0,False
morus bombycis mulberry root extract,1128,1,ANY,0,False
ascophyllum nodosum extract,1129,1,ANY,0,False
asparagopsis armata extract,1130,1,ANY,0,False
camellia sinensis green tea leaf extract,1131,1,ANY,0,False
olea europaea olive fruit extract,1132,1,ANY,0,False
acetyl glucosamine,1133,1,ANY,0,False
micrococcus lysate,1134,1,ANY,0,False
triticum vulgare wheat bran extract,1135,1,ANY,0,False
pinanediol,1136,1,ANY,0,False
camphanediol,1137,1,ANY,0,False
peg-30 dipolyhydroxystearate,1138,1,ANY,0,False
hydroxystearic acid,1139,1,ANY,0,False
peg-8 distearate,1140,1,ANY,0,False
benzyl salicylate,1141,1,ANY,0,False
sodium sulfite,1142,1,ANY,0,False
polyglyceryl-10 decaisostearate,1143,1,ANY,0,False
octyldodecyl neopentanoate,1145,1,ANY,0,False
orbignya oleifera babassu seed oil,1146,1,ANY,0,False
olea europaea olive oil unsaponifiables,1147,1,ANY,0,False
hydrogenated olive oil,1148,1,ANY,0,False
sorbitan oleate,1149,1,ANY,0,False
hydrogenated microcrystalline wax,1150,1,ANY,0,False
red 21 ci 45380,1151,1,ANY,0,False
red 7 lake ci 15850,1152,1,ANY,0,False
bismuth oxychloride ci 77163,1153,1,ANY,0,False
red 7 ci 15850,1154,1,ANY,0,False
red 27 ci 45410,1155,1,ANY,0,False
red 6 ci 15850,1156,1,ANY,0,False
orange 5 ci 45370,1157,1,ANY,0,False
red 28 lake ci 45410,1158,1,ANY,0,False
yellow 6 lake ci 15985,1159,1,ANY,0,False
blue 1 lake ci 42090,1160,1,ANY,0,False
yellow 5 lake ci 19140,1161,1,ANY,0,False
red 22 lake ci 45380,1162,1,ANY,0,False
triticum vulgare wheat germ oil,1163,1,ANY,0,False
polybutene,1164,1,ANY,0,False
oleiclinoleiclinolenic polyglycerides,1165,1,ANY,0,False
vitamin d as vitamin d3 250 iu biotin,1166,1,ANY,0,False
green tea phytosome camellia sinensis extract leaf decaffeinated phospholipid complex from sunflower,1167,1,ANY,0,False
nicotinamide riboside hydrogren malate,1168,1,ANY,0,False
betaine anhydrous trimethylglycine,1169,1,ANY,0,False
lutein from aztec marigold extract flower tagetes erecta,1170,1,ANY,0,False
powdered cellulose,1171,1,ANY,0,False
flavors,1172,1,ANY,0,False
color,1173,1,ANY,0,False
oat fiber powder,1174,1,ANY,0,False
purified water,1175,1,ANY,0,False
stevia extract leaf rebaudioside a 95,1176,1,ANY,0,False
glycerin vegetable source,1177,1,ANY,0,False
quillaja extract,1178,1,ANY,0,False
citrus aurantium amara bitter orange flower water,1179,1,ANY,0,True
potassium alum,1180,1,ANY,0,False
mentha piperita peppermint oil,1181,1,ANY,0,False
commiphora myrrha resin extract,1182,1,ANY,0,False
styrax tonkinensis resin extract,1183,1,ANY,0,False
melissa officinalis balm mint leaf oil,1184,1,ANY,0,False
citrus aurantium amara bitter orange flower oil,1185,1,ANY,0,True
vitis vinifera grape fruit extract,1186,1,ANY,0,False
linalool 010035,1187,1,ANY,0,False
palmitoyl grapevine shoot extract,1189,1,ANY,0,False
polyglyceryl-3 distearate,1190,1,ANY,0,False
vitis vinifera grape fruit water,1191,1,ANY,0,False
butyrospermum parkii shea butter extract,1192,1,ANY,0,False
hexyldecanol,1193,1,ANY,0,False
hexyldecyl laurate,1194,1,ANY,0,False
palmitoyl grape seed extract,1195,1,ANY,0,False
erythritol,1196,1,ANY,0,False
vitis vinifera grape juice,1197,1,ANY,0,False
homarine hcl,1199,1,ANY,0,False
sodium anisate,1200,1,ANY,0,False
acetyl tetrapeptide-15,1201,1,ANY,0,False
parfum fragrance 098131,1202,1,ANY,0,False
nitrogen,1203,1,ANY,0,False
cymbopogon citratus leaf oil,1204,1,ANY,0,False
sodium dehydroacetate,1205,1,ANY,0,False
coffea robusta seed extract,1206,1,ANY,0,False
cupressus sempervirens oil,1207,1,ANY,0,False
commiphora myrrha oil,1209,1,ANY,0,False
santalum album sandalwood oil,1210,1,ANY,0,False
petroselinum crispum parsley seed oil,1211,1,ANY,0,False
sodium cocoyl glutamate,1212,1,ANY,0,False
sucrose cocoate,1213,1,ANY,0,False
aloe barbadensis leaf powder,1214,1,ANY,0,False
octyldodecyl myristate,1215,1,ANY,0,False
c20-22 alkyl phosphate,1216,1,ANY,0,False
c20-22 alcohols,1217,1,ANY,0,False
poloxamer 188,1218,1,ANY,0,False
heptyl glucoside,1219,1,ANY,0,False
caprylcapramidopropyl betaine,1220,1,ANY,0,False
potassium sorbate 067178 plant origin,1221,1,ANY,0,False
phenylpropanol,1222,1,ANY,0,False
ethylhexyl cocoate,1223,1,ANY,0,False
cetearyl wheat straw glycosides,1224,1,ANY,0,False
oleyl alcohol,1225,1,ANY,0,False
hydrogenated olive oil stearyl esters,1226,1,ANY,0,False
hydrogenated palm glycerides citrate,1227,1,ANY,0,False
parfum fragrance 235007,1228,1,ANY,0,False
fragrance plant origin,1229,1,ANY,0,False
bis-behenylisostearylphytosteryl dimer dilinoleyl dimer dilinoleate,1231,1,ANY,0,False
hydrogenated avocado oil,1232,1,ANY,0,False
magnolia grandiflora bark extract,1233,1,ANY,0,False
gleditsia triacanthos seed extract,1234,1,ANY,0,False
khaya senegalensis bark extract,1235,1,ANY,0,False
coumarin 251031,1236,1,ANY,0,False
coumarin246011,1237,1,ANY,0,False
pentaerythrityl distearate,1238,1,ANY,0,False
citronellol316008,1239,1,ANY,0,False
cassia angustifolia seed polysaccharide,1241,1,ANY,0,False
hexyldecyl stearate,1242,1,ANY,0,False
hydrogenated jojoba oil,1243,1,ANY,0,False
mel honey,1244,1,ANY,0,False
c12-20 alkyl glucoside,1245,1,ANY,0,False
myristyl glucoside,1246,1,ANY,0,False
linalool plant origin,1248,1,ANY,0,False
glyceryl caprylatecaprate,1249,1,ANY,0,False
c15-19 alkane,1252,1,ANY,0,False
polyglyceryl-6 laurate,1253,1,ANY,0,False
disodium acetyl glucosamine phosphate,1254,1,ANY,0,False
myristyl malate phosphonic acid,1255,1,ANY,0,False
parfum fragrance 245059,1256,1,ANY,0,False
sodium carboxymethyl betaglucan,1257,1,ANY,0,False
centaurea cyanus flower extract,1258,1,ANY,0,False
stearyl heptanoate,1259,1,ANY,0,False
chenopodium quinoa seed extract,1260,1,ANY,0,False
stearyl caprylate,1261,1,ANY,0,False
paeonia lactiflora root extract259009,1262,1,ANY,0,False
ci 77492 iron oxides,1263,1,ANY,0,False
citronellol315011,1264,1,ANY,0,False
quawatereau,1265,1,ANY,0,False
arachidyl alcohol,1266,1,ANY,0,False
tilia platyphyllos flower extract,1267,1,ANY,0,False
verbena officinalis leaf extract,1268,1,ANY,0,False
coumarin260013,1269,1,ANY,0,False
polylactic acid,1270,3,PM,3,True
parfum fragrance263026,1271,1,ANY,0,False
illite,1272,1,ANY,0,False
anthemis nobilis flower oil 244021,1273,1,ANY,0,False
tapioca starch,1274,1,ANY,0,False
orthosiphon stamineus extract,1276,1,ANY,0,False
limonene 314002,1277,1,ANY,0,True
pumice,1278,1,ANY,0,False
avobenzone 3 sunscreen,1279,2,AM,0,False
octisalate 5 sunscreen,1280,2,AM,0,False
octocrylene 10 sunscreen,1281,2,AM,0,False
butyloctyl salicylate,1282,1,ANY,0,False
sodium potassium aluminum silicate,1283,1,ANY,0,False
diisopropyl sebacate,1284,1,ANY,0,False
diisopropyl adipate,1285,1,ANY,0,False
lauryl lactate,1286,1,ANY,0,False
myroxylon pereirae balsam peru oil,1287,1,ANY,0,False
cupressus sempervirens leafnutstem oil,1288,1,ANY,0,False
amyris balsamifera bark oil,1289,1,ANY,0,False
limonium gerberi extract,1290,1,ANY,0,False
homosalate 10 sunscreen,1291,2,AM,0,False
c18-38 alkyl hydroxystearoyl stearate,1292,1,ANY,0,False
butyrospermum parkii shea oil,1293,1,ANY,0,False
vphexadecene copolymer,1294,1,ANY,0,False
dipentaerythrityl tetrahydroxystearatetetraisostearate,1295,1,ANY,0,False
synthetic beeswax,1296,1,ANY,0,False
silica silylate,1297,1,ANY,0,False
isostearyl alcohol,1298,1,ANY,0,False
boron nitride,1299,1,ANY,0,False
calendula officinalis extract,1300,1,ANY,0,False
hydrolyzed chondrus crispus extract,1301,1,ANY,0,False
moringa oleifera seed extract,1302,1,ANY,0,False
vpeicosene copolymer,1303,1,ANY,0,False
ethylene brassylate,1304,1,ANY,0,False
avobenzone 3,1305,2,AM,0,False
octisalate 5,1306,2,AM,0,False
octocrylene 10,1307,2,AM,0,False
dibutyl adipate,1308,1,ANY,0,False
diethylhexyl carbonate,1309,1,ANY,0,False
polyester-8,1310,1,ANY,0,False
polyamide-3,1311,1,ANY,0,False
helianthus annuus sunflower seed extract,1312,1,ANY,0,False
hordeum vulgare extract,1313,1,ANY,0,False
raphanus sativus radish seed extract,1314,1,ANY,0,False
diethylhexyl syringlidenemalonate,1315,1,ANY,0,False
olus oilvegetable oilhuile vgtale,1316,1,ANY,0,False
polyester-7,1317,1,ANY,0,False
steareth-21,1318,1,ANY,0,False
hydrolyzed viola tricolor extract,1319,1,ANY,0,False
camellia oleifera seed oil,1320,1,ANY,0,False
rosa damascena rose extract,1321,1,ANY,0,False
michelia alba leaf oil,1322,1,ANY,0,False
peg-8,1323,1,ANY,0,False
plumeria rubra flower extract,1324,1,ANY,0,False
nicotiana sylvestris leaf cell culture,1325,1,ANY,0,False
quartz powder,1326,1,ANY,0,False
amethyst powder,1327,1,ANY,0,False
ruby powder,1328,1,ANY,0,False
octyldodecyl oleate,1329,1,ANY,0,False
myrothamnus flabellifolia leaf extract,1330,1,ANY,0,False
octyldodecyl stearoyl stearate,1331,1,ANY,0,False
schisandra chinensis magnolia fruit extract,1332,1,ANY,0,False
chondrus crispus carrageenan extract,1333,1,ANY,0,False
saussurea involucrata callus extract,1334,1,ANY,0,False
magnesium aspartate,1335,1,ANY,0,False
zinc gluconate,1336,1,ANY,0,False
rosa canina fruit extract,1337,1,ANY,0,False
plumeria alba flower extract,1338,1,ANY,0,False
lithothamnion calcareum extract,1339,1,ANY,0,False
copper gluconate,1340,1,ANY,0,False
solanum tuberosum potato pulp extract,1341,1,ANY,0,False
acetyl tetrapeptide-11,1342,1,ANY,0,False
acetyl tetrapeptide-9,1343,1,ANY,0,False
glutathione,1344,1,ANY,0,False
olive oil peg-7 esters,1345,1,ANY,0,False
daphne odora callus extract,1347,1,ANY,0,False
camellia oleifera camellia seed oil,1348,1,ANY,0,False
escin,1349,1,ANY,0,False
potassium phosphate,1350,1,ANY,0,False
moonstone powder,1351,1,ANY,0,False
succinic acid,1352,1,ANY,0,False
ethylhexyl salicylate,1353,1,ANY,0,False
dipentaerythrityl hexacaprylatehexacaprate,1354,1,ANY,0,False
c20-40 alcohols,1355,1,ANY,0,False
isodecyl neopentanoate,1356,1,ANY,0,False
yellow 6 ci 15985,1357,1,ANY,0,False
yellow 5 ci 19140,1358,1,ANY,0,False
red 33 ci 17200,1359,1,ANY,0,False
cinnamyl alcohol,1361,1,ANY,0,False
isopentyldiol,1362,1,ANY,0,False
hydrolyzed opuntia ficus-indica flower extract,1363,1,ANY,0,False
citrus aurantium bergamia bergamot peel oil,1364,1,ANY,0,True
pentapeptide-48,1365,1,ANY,0,False
triethanolamine,1366,1,ANY,0,False
butyrosperum parkii shea butter,1367,1,ANY,0,False
olea europeaea olive fruit oil,1368,1,ANY,0,False
mangifera indica mango seed butter,1369,1,ANY,0,False
cetyl ricinoleate,1370,1,ANY,0,False
calcium titanium borosilicate,1371,1,ANY,0,False
magnolia officinalis bark extract,1372,1,ANY,0,False
carbomer algae dictyopteris membranacca extract,1373,1,ANY,0,False
magnolia gradiflora bark extract,1374,1,ANY,0,False
luaryl alcohol,1375,1,ANY,0,False
crocus sativus flower extract,1376,1,ANY,0,False
tin oxide ci 77861,1377,1,ANY,0,False
mica ci 77019,1378,1,ANY,0,False
rubus chamaemorus seed oil,1379,1,ANY,0,False
vaccinium macrocarpon cranberry seed oil,1380,1,ANY,0,False
red 40 ci 16035,1381,1,ANY,0,False
citrullus lanatus watermelon seed oil,1382,1,ANY,0,False
plukenetia volubilis seed oil,1383,1,ANY,0,False
platonia insignis seed butter,1384,1,ANY,0,False
galactoarabinan,1385,1,ANY,0,False
charcoal powder,1386,1,ANY,0,False
peat,1387,1,ANY,0,False
orbignya oleifera seed oil,1388,1,ANY,0,False
cocoyl hydrolyzed collagen,1389,1,ANY,0,False
rubus idaeus raspberry seed oil,1390,1,ANY,0,False
theobroma cacao cocoa extract,1391,1,ANY,0,False
lupinus albus seed extract,1392,1,ANY,0,False
olusvegetable oilhuile vegetale,1393,1,ANY,0,False
cetearyl isononanoate,1394,1,ANY,0,False
ppg-3 myristyl ether,1395,1,ANY,0,False
dipsacus sylvestris extract,1396,1,ANY,0,False
persea gratissima avocado oil unsaponifiables,1399,1,ANY,0,False
salicyloyl phytosphingosine,1400,1,ANY,0,False
actinidia chinensis kiwi fruit extract,1401,1,ANY,0,False
kalanchoe pinnata leaf extract,1402,1,ANY,0,False
myrothamnus flabellifolia leafstem extract,1403,1,ANY,0,False
lycium barbarum fruit extract,1404,1,ANY,0,False
hedychium coronarium root extract,1405,1,ANY,0,False
mangifera indica mango leaf extract,1406,1,ANY,0,False
jania rubens extract,1407,1,ANY,0,False
engelhardtia chrysolepis leaf extract,1408,1,ANY,0,False
callicarpa japonica fruit extract,1410,1,ANY,0,False
avena,1412,1,ANY,0,False
sativa oat kernel extract,1413,1,ANY,0,False
ammonium acryloyl dimethyltauratevp copolymer,1415,1,ANY,0,False
marrubium vulgare extract,1417,1,ANY,0,False
anthriscus sylvestris extract,1418,1,ANY,0,False
furcellaria lumbricalis extract,1419,1,ANY,0,False
maris salsea saltsel marin,1420,1,ANY,0,False
lap- sana communis flowerleafstem extract v3818a,1421,1,ANY,0,False
sodium laureth sulfate,1422,1,ANY,0,False
cocamide mipa,1423,1,ANY,0,False
glycol distearate,1424,1,ANY,0,False
tea-cocoyl glutamate,1425,1,ANY,0,False
citrus aurantium dulcis orange fruit water,1426,1,ANY,0,True
phenoxyisopropanol,1427,1,ANY,0,False
benzophenone-4,1428,1,ANY,0,False
moringa pterygosperma seed extract,1429,1,ANY,0,False
methylchloroisothiazolinone,1430,1,ANY,0,False
methylisothiazolinone,1431,1,ANY,0,False
v0606f,1433,1,ANY,0,False
capryliccapric,1434,1,ANY,0,False
triglyceride,1435,1,ANY,0,False
acacia farnesiana flower wax,1437,1,ANY,0,False
harungan,1439,1,ANY,0,False
madagascariensis extract,1440,1,ANY,0,False
paullinia cupana seed extract,1441,1,ANY,0,False
pentaerythrityl,1443,1,ANY,0,False
tetraethylhexanoate,1444,1,ANY,0,False
ammonium acryloyldimethyltauratevp,1445,1,ANY,0,False
copolymer,1446,1,ANY,0,False
cocoglycerides,1447,1,ANY,0,False
2 hexanediol,1449,1,ANY,0,False
beheneth-25,1450,1,ANY,0,False
anigozanthos flavidus extract,1451,1,ANY,0,False
acacia decurrens flower wax,1453,1,ANY,0,False
balanites roxburghii seed oil,1454,1,ANY,0,False
mitracarpus scaber extract,1455,1,ANY,0,False
lapsana communis flowerleafstem extract,1456,1,ANY,0,False
gellan gum,1457,1,ANY,0,False
sodium cetearyl sulfate,1458,1,ANY,0,False
sodium lauryl sulfate,1459,1,ANY,0,False
zingiber zerumbet extract,1460,1,ANY,0,False
alumina,1461,1,ANY,0,False
corylus avellana hazel seed oil,1462,1,ANY,0,False
belumbium speciosum flower extract,1463,1,ANY,0,False
cetearyl,1464,1,ANY,0,False
diospyros mespiliformis leaf extract,1465,1,ANY,0,False
sanicula europaea extract,1466,1,ANY,0,False
myrothamnus flabellifolia extract,1467,1,ANY,0,False
maris salsea saltsel marinci 14700red 4ci 17200red 33polyvinyl alcoholcopper palmitoyl heptapeptide-14 heptapeptide-15 palmitate,1468,1,ANY,0,False
eschscholtzia californica flowerleafstem extract,1469,1,ANY,0,False
heptapeptide-15 palmitate v2802a,1470,1,ANY,0,False
polyglyceryl-2 isostearatedimer dilinoleate copolymer,1471,1,ANY,0,False
dilinoleic acidbutanediol copolymer,1472,1,ANY,0,False
rosa rubiginosa seed oil,1473,1,ANY,0,False
castor oilipdi copolymer,1474,1,ANY,0,False
ci 17200red 33 lake,1476,1,ANY,0,False
ci 15850red 7 lake,1477,1,ANY,0,False
ci 45410red 27,1478,1,ANY,0,False
santalum album santal wood oil,1479,1,ANY,0,False
elettaria cardamomum seed oil,1480,1,ANY,0,False
carum petroselinum parsley seed oil,1481,1,ANY,0,False
lavandula angustifolia lavendar oil,1482,1,ANY,0,False
alpha-isomethyl ionine,1483,1,ANY,0,False
malpighia emarginata acerola seed extract,1484,1,ANY,0,False
distearate,1485,1,ANY,0,False
sodium isethionate,1486,1,ANY,0,False
saponaria officinalis leaf extract,1487,1,ANY,0,False
gentiana,1488,1,ANY,0,False
lutea extract,1489,1,ANY,0,False
v2798b,1491,1,ANY,0,False
acrylatesammonium methacrylate copolymer,1493,1,ANY,0,False
gentiana lutea extract,1494,1,ANY,0,False
hydroxypropyl methylcellulose,1495,1,ANY,0,False
palmitoylglycine,1497,1,ANY,0,False
phenoxyethanol acrylatesc10-30 alkyl acrylate crosspolymer,1498,1,ANY,0,False
thymuscitriodorus flowerleaf extract,1502,1,ANY,0,False
malpighia emarginata acerola seed extract furcellaria lumbricalis extract,1503,1,ANY,0,False
sea salt,1505,1,ANY,0,False
butylene,1506,1,ANY,0,False
sodium acrylates,1507,1,ANY,0,False
agropyron repens root extract,1508,1,ANY,0,False
ficus carica fig fruit extract,1510,1,ANY,0,False
crocus sativus flower extract v3540,1512,1,ANY,0,False
ppg-26- buteth-26,1513,1,ANY,0,False
laminaria digitata extract,1515,1,ANY,0,False
crocus sati- vus flower extract v3542a,1518,1,ANY,0,False
peg-100,1519,1,ANY,0,False
stearate,1520,1,ANY,0,False
phenoxy,1521,1,ANY,0,False
ethanol,1522,1,ANY,0,False
ci 77891titanium,1523,1,ANY,0,False
dioxide,1524,1,ANY,0,False
potassium,1525,1,ANY,0,False
sorbate,1526,1,ANY,0,False
ci 17200,1527,1,ANY,0,False
red 33,1528,1,ANY,0,False
cyclomethicone,1529,1,ANY,0,False
dihydroxyacetone,1530,1,ANY,0,False
pegppg-2015,1531,1,ANY,0,False
erythrulose,1532,1,ANY,0,False
larrea divaricata extract,1533,1,ANY,0,False
ci15985yellow 6 s0372g,1534,1,ANY,0,False
peg-20,1535,1,ANY,0,False
glyceryl triisostearate,1536,1,ANY,0,False
citric,1537,1,ANY,0,False
acid,1538,1,ANY,0,False
capsicum annuum fruit extract,1539,1,ANY,0,False
rosmarinus officinalis rosemary leaf extract v3545a,1540,1,ANY,0,False
sodium benzoate s3780a,1541,1,ANY,0,False
harungana madagascariensis extract,1542,1,ANY,0,False
pancratium maritimum extract,1543,1,ANY,0,False
pyrus sorbus bud extract,1544,1,ANY,0,False
ulex europaeus leafrootstem extract,1545,1,ANY,0,False
musa sapientum banana fruit ex tract,1546,1,ANY,0,False
callicarpa japonica fruit extract v2925a,1547,1,ANY,0,False
v2816a,1548,1,ANY,0,False
dextran v3894a,1557,1,ANY,0,False
cetearyl isononanoat,1558,1,ANY,0,False
ethylenepropylene styrene copolymer,1559,1,ANY,0,False
leontopodium alpinum extract xanthan gum,1560,1,ANY,0,False
ci 14700 red 4,1561,1,ANY,0,False
undecane,1563,1,ANY,0,False
tridecane,1564,1,ANY,0,False
leontopodium alpinum flowerleaf extract,1565,1,ANY,0,False
myrothamnus flabellifolia,1566,1,ANY,0,False
leafstem extract,1567,1,ANY,0,False
acetyl tetrapeptide 2,1568,1,ANY,0,False
sorbeth-30 tetraoleate,1569,1,ANY,0,False
peg-5 glyceryl triisostearate,1570,1,ANY,0,False
laminaria saccharina extract,1571,1,ANY,0,False
saccharomyces lysate extract,1572,1,ANY,0,False
chamomilla recutita matricaria,1573,1,ANY,0,False
oleth-10,1574,1,ANY,0,False
laureth-4,1575,1,ANY,0,False
red 4 ci 14700,1576,1,ANY,0,False
yellow 6 ci 15985 lotion,1577,1,ANY,0,False
sodium cocoyl sarcosinate,1578,1,ANY,0,False
di-ppg-2 myreth-10 adipate,1579,1,ANY,0,False
cetyl triethylmonium dimethicone peg-8 succinate,1580,1,ANY,0,False
polyquaternium-7,1581,1,ANY,0,False
laureth-2,1582,1,ANY,0,False
sodium sulfate,1583,1,ANY,0,False
edta,1584,1,ANY,0,False
mineral oilparaffinum liquidumhuile minrale,1585,1,ANY,0,False
sesamum indicum sesame oil,1586,1,ANY,0,False
neopentyl glycol diethylhexanoate,1587,1,ANY,0,False
hypnea musciformis algae extract,1588,1,ANY,0,False
gelidiella acerosa extract,1589,1,ANY,0,False
sigesbeckia orientalis st paul wort extract,1590,1,ANY,0,False
whey proteinlactis proteinprotine du petit-lait,1591,1,ANY,0,False
molasses extractsaccharum officinarumextrait de mlasse,1592,1,ANY,0,False
nylon-12,1593,1,ANY,0,False
glyceryl polymethacrylate,1594,1,ANY,0,False
phenoxyethanol iln49540,1595,1,ANY,0,False
aminopropyl ascorbyl phosphate,1596,1,ANY,0,False
silybum marianum lady thistle extract,1598,1,ANY,0,False
betula alba birch bark extract,1599,1,ANY,0,False
aloe barbadensis leaf water,1600,1,ANY,0,False
thermus thermophillus ferment,1601,1,ANY,0,False
aloe barbadensis leaf polysaccharides,1602,1,ANY,0,False
lactobacillus ferment lysate,1603,1,ANY,0,False
triticum vulgare wheat germ extract,1604,1,ANY,0,False
glycyrrhetinic acid,1605,1,ANY,0,False
peg-6,1606,1,ANY,0,False
isostearyl palmitate,1607,1,ANY,0,False
ethyleneacrylic acid copolymer,1608,1,ANY,0,False
whey proteinlactis proteinproteine du petit-lait,1609,1,ANY,0,False
quaternium-90 bentonite,1611,1,ANY,0,False
ci 77492,1612,1,ANY,0,False
ci 77499 iln41964,1613,1,ANY,0,False
cetyl esters,1614,1,ANY,0,False
coleus barbatus extract,1615,1,ANY,0,False
betula alba birch extract,1616,1,ANY,0,False
salvia officinalis sage leaf,1617,1,ANY,0,False
gentiana lutea gentian root extract,1618,1,ANY,0,False
milk proteinlactis proteinumprotine du lait,1619,1,ANY,0,False
isomerized linoleic acid,1620,1,ANY,0,False
decarboxy carnosine hcl,1621,1,ANY,0,False
potassium sulfate,1622,1,ANY,0,False
ci 77499,1623,1,ANY,0,False
sodium bicarbonate,1624,1,ANY,0,False
ext violet 2 ci 60730,1625,1,ANY,0,False
disodium cocoamphodiacetate,1626,1,ANY,0,False
disodium oleamido mipa-sulfosuccinate,1627,1,ANY,0,False
stearamidoethyl diethylamine,1628,1,ANY,0,False
oleamide mipa,1629,1,ANY,0,False
trisodium sulfosuccinate,1630,1,ANY,0,False
titanium dioxide ci 77891 ltiln46335gt,1631,2,AM,0,False
hamamelis virginiana witch hazel,1632,1,ANY,0,False
sea whip extract,1633,1,ANY,0,False
benzalkonium chloride,1634,1,ANY,0,False
arginine cocoate,1635,1,ANY,0,False
cola acuminata kola seed extract,1636,1,ANY,0,False
ppg-6-decyltetradeceth-30,1637,1,ANY,0,False
stearamidopropyl dimethylamine,1638,1,ANY,0,False
capryloyl glycine,1639,1,ANY,0,False
10-hydroxydecanoic acid,1640,1,ANY,0,False
chloroxylenol,1641,1,ANY,0,False
barium sulfate,1642,1,ANY,0,False
molasses extractsaccharum officinarumextrait de melasse,1643,1,ANY,0,False
sapindus mukurossi fruit extract,1644,1,ANY,0,False
titanium dioxide ci 77891 iln42024,1645,2,AM,0,False
orange 4 ci 15510,1646,1,ANY,0,False
vitis vinifera grape seed extract,1647,1,ANY,0,False
humulus lupulus hops extract,1648,1,ANY,0,False
citrus reticulata tangerine peel extract,1649,1,ANY,0,True
punica granatum pomegranate fruit juice,1650,1,ANY,0,False
biosaccharide gum - 1,1651,1,ANY,0,False
cyclodextrin,1652,1,ANY,0,False
ethylbisiminomethylguaiacol manganese chloride,1653,1,ANY,0,False
nordihydroguaiaretic acid,1654,1,ANY,0,False
potassium myristate,1655,1,ANY,0,False
potassium behenate,1656,1,ANY,0,False
potassium palmitate,1657,1,ANY,0,False
potassium laurate,1658,1,ANY,0,False
potassium sterate,1659,1,ANY,0,False
peg-3 distearate,1660,1,ANY,0,False
cholesteryl hydroxystearate,1661,1,ANY,0,False
disodium cocoamphodipropionate,1662,1,ANY,0,False
oleth-10 phosphate,1663,1,ANY,0,False
chlorphenesin iln41757,1664,1,ANY,0,False
padina pavonica thallus extract,1665,1,ANY,0,False
hydrolyzed rice extract,1666,1,ANY,0,False
poria cocos sclerotium extract,1667,1,ANY,0,False
astrocaryum murumuru butter,1668,1,ANY,0,False
zeolite,1669,1,ANY,0,False
longifolene,1670,1,ANY,0,False
beta-caryophyllene,1671,1,ANY,0,False
quaternium-22,1672,1,ANY,0,False
mentha piperita peppermint,1673,1,ANY,0,False
perilla aldehyde,1674,1,ANY,0,False
allyl methacrylates crosspolymer,1675,1,ANY,0,False
blue 1 ci 42090,1676,1,ANY,0,False
ppg-15 stearyl ether,1677,1,ANY,0,False
bht iln41346,1678,1,ANY,0,False
titanium dioxide 730,1679,2,AM,0,False
zinc oxide 690water,1680,2,AM,0,False
trioctyldodecyl citrate,1681,1,ANY,0,False
steareth-2,1682,1,ANY,0,False
sorbitan tristearate,1683,1,ANY,0,False
polyquaternium-51,1684,1,ANY,0,False
sodium rna,1685,1,ANY,0,False
stearyl dimethicone,1686,1,ANY,0,False
ascorbyl tocopheryl maleate,1687,1,ANY,0,False
pantethine,1688,1,ANY,0,False
ceteth-2,1689,1,ANY,0,False
isopropyl titanium triisostearate,1690,1,ANY,0,False
sodium stearate,1691,1,ANY,0,False
nylon-6,1692,1,ANY,0,False
ci 77499 iln37355,1693,1,ANY,0,False
gellidiela acerosa algae extract,1694,1,ANY,0,False
cladosiphon okamuranus extract,1695,1,ANY,0,False
peg-75,1696,1,ANY,0,False
oryzanol,1697,1,ANY,0,False
phytosterols,1698,1,ANY,0,False
sodium palmate,1699,1,ANY,0,False
sodium cocoate,1700,1,ANY,0,False
cocamidopropyl dimethylamine,1701,1,ANY,0,False
zea mays corn starch,1702,1,ANY,0,False
ppg-26dimer dilinoleate copolymer,1703,1,ANY,0,False
polyquaternium-67,1704,1,ANY,0,False
hydrolyzed corn starch octenylsuccinate,1705,1,ANY,0,False
tetrasodium etidronate,1706,1,ANY,0,False
titanium dioxide ci 77891 iln32953,1707,2,AM,0,False
hydrolyzed soy protein,1708,1,ANY,0,False
peg-11 methyl ether dimethicone,1709,1,ANY,0,False
di-c12-18 alkyl dimonium chloride,1710,1,ANY,0,False
mica iln38031,1711,1,ANY,0,False
morus nigra mulberry root extract,1712,1,ANY,0,False
dimethicone crosspolymer-3,1713,1,ANY,0,False
dimethicone silylate,1714,1,ANY,0,False
titanium dioxide 63,1715,2,AM,0,False
zinc oxide 40water,1716,2,AM,0,False
polydiethylsiloxane,1717,1,ANY,0,False
diethylhexyl succinate,1718,1,ANY,0,False
ethylhexyl methoxycrylene,1719,1,ANY,0,False
hydrolyzed wheat proteinpvp crosspolymer,1720,1,ANY,0,False
iron oxides ci 77492 iln43311,1721,1,ANY,0,False
ppg-20 methyl glucose ether,1722,1,ANY,0,False
polyaminopropyl biguanide,1723,1,ANY,0,False
green 5 ci 61570,1724,1,ANY,0,False
blue 1 ci 42090 iln36792,1725,1,ANY,0,False
mica iln41031,1726,1,ANY,0,False
aloe barbadensis powder,1727,1,ANY,0,False
inulin,1728,1,ANY,0,False
taurine,1729,1,ANY,0,False
magnesium stearate,1730,1,ANY,0,False
cellulose acetate,1731,1,ANY,0,False
pentaerythrityl adipate caprate caprylate heptanoate,1732,1,ANY,0,False
hydrogenated dilinoleyl alcohol,1733,1,ANY,0,False
stearoxy dimethicone,1734,1,ANY,0,False
sodium dna,1735,1,ANY,0,False
lauryl pca,1736,1,ANY,0,False
c20-40 pareth-10,1737,1,ANY,0,False
polyglyceryl-4 isostearate,1738,1,ANY,0,False
hexyl laurate,1739,1,ANY,0,False
acetyl carnitine hcl,1740,1,ANY,0,False
ethylcellulose,1741,1,ANY,0,False
red 30 lake ci 73360,1742,1,ANY,0,False
red 33 lake ci 17200,1743,1,ANY,0,False
dehydroxanthan gum,1744,1,ANY,0,False
oxybenzone 500,1745,1,ANY,0,False
octisalate 500,1746,2,AM,0,False
homosalate 500,1747,2,AM,0,False
avobenzone 300,1748,2,AM,0,False
octocrylene 270water,1749,2,AM,0,False
laurdimonium hydroxypropyl hydrolyzed soy protein,1750,1,ANY,0,False
perilla ocymoides leaf extract,1751,1,ANY,0,False
c30-38 olefinisopropyl maleatema copolymer,1752,1,ANY,0,False
peg-8 laurate,1753,1,ANY,0,False
propyl gallate,1754,1,ANY,0,False
arginine ferulate,1755,1,ANY,0,False
sodium dehydroacetate iln37123,1756,1,ANY,0,False
disodium edta-copper,1757,1,ANY,0,False
tetrahydroxypropyl ethylenediamine,1758,1,ANY,0,False
diatomaceous earthsolum diatomeaeterre de diatomes,1759,1,ANY,0,False
bambusa arundinacea bamboo stem extract,1760,1,ANY,0,False
peg-15lauryl dimethicone crosspolymer,1761,1,ANY,0,False
stearyl glycyrrhetinate,1762,1,ANY,0,False
neopentyl glycol diisostearate,1763,1,ANY,0,False
centella asiatica hydrocotyl extract,1764,1,ANY,0,False
cola nitida kola nut extract,1765,1,ANY,0,False
calluna vulgaris heather extract,1766,1,ANY,0,False
glycyrrhizic acid,1767,1,ANY,0,False
peg-32,1768,1,ANY,0,False
lauryl pegppg-1818 methicone,1769,1,ANY,0,False
dodecene,1770,1,ANY,0,False
phenoxyethanol iln40726,1771,1,ANY,0,False
polyglyceryl-10 pentastearate,1772,1,ANY,0,False
red 33 ci 17200 iln41207,1773,1,ANY,0,False
alcaligenes polysaccharides,1774,1,ANY,0,False
phenoxyethanol iln42692,1775,1,ANY,0,False
saccharomyces ferment filtrate,1776,1,ANY,0,False
persea gratissima avocado sterols,1777,1,ANY,0,False
disodium distyrylbiphenyl disulfonate,1778,1,ANY,0,False
titanium dioxide ci 77891 iln39593,1779,2,AM,0,False
peg-7m,1780,1,ANY,0,False
lactobionic acid,1782,1,ANY,0,False
castanea sativa chestnut seed extract,1783,1,ANY,0,False
titanium dioxide ci 77891 iln41076,1784,2,AM,0,False
sapindus mukurossi peel extract,1785,1,ANY,0,False
titanium dioxide ci 77891 iln40749,1786,2,AM,0,False
oenothera biennis evening primrose flower extract,1787,1,ANY,0,False
phenoxyethanol iln42038,1788,1,ANY,0,False
sodium hexametaphosphate,1789,1,ANY,0,False
talc,1790,1,ANY,0,False
polydodecanamideaminium triazadiphenylethenesulfonate,1791,1,ANY,0,False
ethylenemethacrylate copolymer,1792,1,ANY,0,False
polyvinylalcohol crosspolymer,1793,1,ANY,0,False
titanium dioxide ci 77891 iln37804,1794,2,AM,0,False
trametes versicolor extract,1795,1,ANY,0,False
dimethoxytolyl propylresorcinol,1796,1,ANY,0,False
polydecene,1797,1,ANY,0,False
iron oxides ci 77491 iln41953,1799,1,ANY,0,False
bis-peg-12 dimethicone,1800,1,ANY,0,False
blue 1 ci 42090 iln42239,1802,1,ANY,0,False
centaurium erythraea centaury extract,1803,1,ANY,0,False
ursolic acid,1804,1,ANY,0,False
leucine,1805,1,ANY,0,False
soy amino acids,1806,1,ANY,0,False
adenosine phosphate,1807,1,ANY,0,False
creatine,1808,1,ANY,0,False
menthanediol,1809,1,ANY,0,False
calcium chloride,1810,1,ANY,0,False
hamamelis virginiana witch hazel water,1811,1,ANY,0,False
phenoxyethanol iln42266,1812,1,ANY,0,False
c12-20 acid peg-8 ester,1813,1,ANY,0,False
mica iln38240,1814,1,ANY,0,False
sodium lauryl sulfoacetate,1815,1,ANY,0,False
disodium edta iln43040,1816,1,ANY,0,False
tamarindus indica seed extract,1817,1,ANY,0,False
avobenzone 30,1818,2,AM,0,False
octisalate 50,1819,2,AM,0,False
sodium coco pg-dimonium chloride phosphate,1820,1,ANY,0,False
monosodium citrate,1821,1,ANY,0,False
shea butter ethyl esters,1822,1,ANY,0,False
brassica oleracea gemmifera brussels sprouts extract,1823,1,ANY,0,False
brassica oleracea acephala kale leaf extract,1824,1,ANY,0,False
arabidopsis thaliana extract,1825,1,ANY,0,False
7-dehydrocholesterol,1826,1,ANY,0,False
hydrogenated palm glycerides,1827,1,ANY,0,False
propylene glycol caprylate,1828,1,ANY,0,False
cucumis melo melon fruit extract,1829,1,ANY,0,False
propylene glycol dicaprylate,1830,1,ANY,0,False
octinoxate 750,1831,1,ANY,0,False
octisalate 350,1832,2,AM,0,False
titanium dioxide 170water,1833,2,AM,0,False
simmondsia chinensis jojoba butter,1834,1,ANY,0,False
litchi chinensis seed extract,1835,1,ANY,0,False
potato starch modified,1836,1,ANY,0,False
methicone,1837,1,ANY,0,False
mica iln39272,1838,1,ANY,0,False
triacetin,1839,1,ANY,0,False
phenoxyethanol iln47666,1840,1,ANY,0,False
octisalate 35,1841,2,AM,0,False
titanium dioxide 17water,1842,2,AM,0,False
disodium nadh,1843,1,ANY,0,False
dipalmitoyl hydroxyproline,1844,1,ANY,0,False
phenoxyethanol iln41738,1845,1,ANY,0,False
red 4 ci 14700 iln41876,1846,1,ANY,0,False
phenoxyethanol iln49662,1847,1,ANY,0,False
salicylic acid 20 percent,1848,3,ANY,3,False
chloroxylenol iln41840,1849,1,ANY,0,False
salicylic acid 100 percent,1850,3,ANY,3,False
benzalkonium chloride iln32301,1851,1,ANY,0,False
blue 1 ci 42090 iln48005,1852,1,ANY,0,False
titanium dioxide 15water,1853,2,AM,0,False
phenoxyethanol iln41741,1854,1,ANY,0,False
euphorbia cerifera candelilla wax candelilla cera,1855,1,ANY,0,False
copernicia cerifera carnauba wax copernicia cerifera cera,1856,1,ANY,0,False
avena sativa oat kernel flour,1857,1,ANY,0,False
saccharomyces ferment,1858,1,ANY,0,False
polyurethane-100,1859,1,ANY,0,False
lauroyl lysine,1860,1,ANY,0,False
hippophae rhamnoides fruit extract,1861,1,ANY,0,False
anthemis nobilis flower extract,1862,1,ANY,0,False
mentha viridis spearmint extract,1864,1,ANY,0,False
pogostemon cablin leaf extract,1865,1,ANY,0,False
rose extract,1866,1,ANY,0,False
zingiber officinale ginger extract,1867,1,ANY,0,False
glycereth-7 triacetate,1868,1,ANY,0,False
betula alba bark extract,1869,1,ANY,0,False
boswellia serrata extract,1870,1,ANY,0,False
lycium barbarum goji berry fruit extract,1871,1,ANY,0,False
palmitoyl hexapeptide-14,1872,1,ANY,0,False
trideceth-6,1873,1,ANY,0,False
c11-15-isoalkanes,1874,1,ANY,0,False
oryza sativa rice hull extract,1875,1,ANY,0,False
saccharomyces lysate,1877,1,ANY,0,False
cucumis melo kiwano melon fruit extract,1878,1,ANY,0,False
lepidium meyenii root extract,1879,1,ANY,0,False
c18-36 acid triglyceride,1880,1,ANY,0,False
polyisobutene,1882,1,ANY,0,False
saccharum officinarum sugar cane extract,1883,1,ANY,0,False
aphanizomenon flos-aquae extract,1884,1,ANY,0,False
wine extract,1885,1,ANY,0,False
akebia quinata stem extract,1886,1,ANY,0,False
sebacic acid,1887,1,ANY,0,False
zinc oxide 1320 - 1400,1888,2,AM,0,False
polymethylsilsesquioxanetrimethylsiloxysilicate,1889,1,ANY,0,False
polyglyceryl-3 diisostearate,1890,1,ANY,0,False
disteardimonium,1891,1,ANY,0,False
hectorite,1892,1,ANY,0,False
eugenia caryophyllus clove bud extract,1893,1,ANY,0,False
octisalate 40,1894,2,AM,0,False
octocrylene 80,1895,2,AM,0,False
polyglyceryl-6 stearate,1896,1,ANY,0,False
theobroma cacao cocoa seed extract,1897,1,ANY,0,False
jasminum sambac jasmine leaf cell extract,1898,1,ANY,0,False
schinus molle extract,1899,1,ANY,0,False
polyglyceryl-6 behenate,1900,1,ANY,0,False
fragrance natural,1901,1,ANY,0,False
avobenzone 28,1902,2,AM,0,False
homosalate 35,1903,2,AM,0,False
octisalate 39,1904,2,AM,0,False
alcohol organic,1905,1,ANY,0,False
aloe barbadensis leaf extract organic,1906,1,ANY,0,False
algae extract organic,1907,1,ANY,0,False
citrus aurantium dulcis organic orange fruit water,1908,1,ANY,0,True
cucumis sativus organic cucumber fruit extract,1909,1,ANY,0,False
flavor,1910,1,ANY,0,False
glycerin organic,1911,1,ANY,0,False
juniperus communis callus extract,1912,1,ANY,0,False
paeonia lactiflora leaf cell extract,1913,1,ANY,0,False
phoenix dactilyfera date leaf cell extract,1914,1,ANY,0,False
pvp,1915,1,ANY,0,False
heptyl undecylenate,1916,1,ANY,0,False
argan oil,1917,1,ANY,0,False
polyglyceryl-6 esters,1918,1,ANY,0,False
capryliccapric glycerides polyglycerin-10 esters,1919,1,ANY,0,False
maris aqua,1920,1,ANY,0,False
cyamopsis tetragonoloba guar gum,1921,1,ANY,0,False
anisaldehyde,1922,1,ANY,0,False
cocos nucifera coconut water organic,1923,1,ANY,0,False
delta-decalactone,1924,1,ANY,0,False
didecyldimonium chloride,1925,1,ANY,0,False
ethyl butyrate,1926,1,ANY,0,False
gamma-nonalactone,1927,1,ANY,0,False
gamma-octalactone,1928,1,ANY,0,False
heliotropine,1929,1,ANY,0,False
juniperus mexicana,1930,1,ANY,0,False
methyl benzoate,1931,1,ANY,0,False
nerolidol,1932,1,ANY,0,False
polyquaternium-80,1933,1,ANY,0,False
avobenzone 2,1934,2,AM,0,False
homosalate 10,1935,2,AM,0,False
octocrylene 55,1936,2,AM,0,False
algae organic extract,1937,1,ANY,0,False
aloe barbadensis organic leaf extract,1938,1,ANY,0,False
fragaria vesca organic strawberry fruit extract,1939,1,ANY,0,False
vabutyl maleateisobornyl acrylate copolymer,1940,1,ANY,0,False
bisabolol organic,1941,1,ANY,0,False
carthamus tinctorius safflower seed oil organic,1942,1,ANY,0,False
decanal,1943,1,ANY,0,False
ethyl hexanoate,1944,1,ANY,0,False
gamma-undecalactone,1945,1,ANY,0,False
hexyl acetate,1946,1,ANY,0,False
mauritia flexuosa buriti fruit oil organic,1947,1,ANY,0,False
opuntia ficus-indica flower extract,1948,1,ANY,0,False
prunus persica peach flower extract,1949,1,ANY,0,False
rubus idaeus raspberry seed oil organic,1950,1,ANY,0,False
avobenzone 175 homosalate 5 octisalate 2 octocrylene 5,1951,2,AM,0,False
aloe barbadensis leaf juice organic,1952,1,ANY,0,False
carthamus tinctorius safflower oleosomes,1953,1,ANY,0,False
carthamus tinctorius safflower seedcake extract,1954,1,ANY,0,False
hydrogenated methyl abietata,1955,1,ANY,0,False
mauritia flexuosa fruit oil,1956,1,ANY,0,False
tropolone,1957,1,ANY,0,False
pisum sativum pea extract,1958,1,ANY,0,False
lavandula angustifolia lavender flower extract,1959,1,ANY,0,False
hydrolyzed adansonia digitata seed protein,1960,1,ANY,0,False
nephelium longana seed extract,1961,1,ANY,0,False
quillaja saponaria extract,1962,1,ANY,0,False
hydrolyzed quinoa,1963,1,ANY,0,False
caprylic acid,1964,1,ANY,0,False
polyglyceryl-6 ricinoleate,1965,1,ANY,0,False
polyglyceryl-3 cocoate,1966,1,ANY,0,False
homosalate 40,1967,2,AM,0,False
octocrylene 100 adipic aciddiglycol crosspolymer,1968,2,AM,0,False
polyurethane-79,1969,1,ANY,0,False
punica granatum flower extract,1970,1,ANY,0,False
sodium saccharin,1971,1,ANY,0,False
bismuth oxychloride,1972,1,ANY,0,False
ethylhexyl hydroxystearate,1973,1,ANY,0,False
zinc oxide 105,1974,2,AM,0,False
polyglyceryl-4 lauratesuccinate,1975,1,ANY,0,False
poly c10-30 alkyl acrylate,1976,1,ANY,0,False
trimethoxybenzylidene pentanedione,1977,1,ANY,0,False
oenothera,1978,1,ANY,0,False
biennis evening primrose oil,1979,1,ANY,0,False
rosa canina seed oil,1980,1,ANY,0,False
opuntia vulgaris extract,1981,1,ANY,0,False
ci 77891,1982,1,ANY,0,False
ci 77491,1983,1,ANY,0,False
avobenzone 175 homosalate 50 octisalate 20 octocrylene 50,1984,2,AM,0,False
mauritia flexuosa buriti fruit oil,1985,1,ANY,0,False
avobenzone 175,1986,2,AM,0,False
homosalate 50,1987,2,AM,0,False
octisalate 20,1988,2,AM,0,False
octocrylene 50,1989,2,AM,0,False
avobenzone 25,1990,2,AM,0,False
octisalate 215,1991,2,AM,0,False
polyglyceryl-10 caprylatecaprate,1992,1,ANY,0,False
cocos nucifera coconut fruit water,1993,1,ANY,0,False
propanediol dicaprylatecaprate,1994,1,ANY,0,False
perilla ocymoides leafstem oil,1995,1,ANY,0,False
mannan,1996,1,ANY,0,False
polyglyceryl-10 diisostearate,1997,1,ANY,0,False
caprylic,1998,1,ANY,0,False
capric triglyceride,1999,1,ANY,0,False
phytosteryl,2000,1,ANY,0,False
octyldodecyl lauroyl glutamatetocopheroljasminum officinale jasmine oilcitrus aurantium amara bitter orange leaf,2001,1,ANY,0,True
twig cinammon oilvetiveria zizanoides root vetivier oilcocos nucifera coconut oil,2002,1,ANY,0,False
soap base sekken soji,2003,1,ANY,0,False
polyepsilon-lysine,2004,1,ANY,0,False
boswellia carterii oil,2005,1,ANY,0,False
elettria cardamomum seed oil,2006,1,ANY,0,False
phytic,2007,1,ANY,0,False
cocos,2008,1,ANY,0,False
nucifera coconut oil,2009,1,ANY,0,False
salix alba willow,2010,1,ANY,0,False
bark extract,2011,1,ANY,0,False
cocoyl,2012,1,ANY,0,False
citrus grandis,2013,1,ANY,0,True
grapefruit peel oil,2014,1,ANY,0,True
dicaprylatecaprate,2015,1,ANY,0,False
salix alba,2016,1,ANY,0,False
willow bark extract,2017,1,ANY,0,False
camellia japonica seed oil,2018,1,ANY,0,False
juglans regia walnut seed oil,2019,1,ANY,0,False
vitis vinifera grape sead oil,2020,1,ANY,0,False
rosa multiflora seed oil,2021,1,ANY,0,False
papaya enzymes,2022,1,ANY,0,False
willow bark,2023,1,ANY,0,False
witch hazel,2024,1,ANY,0,False
magnesium oxide,2025,1,ANY,0,False
colloidal oatmeal,2026,1,ANY,0,False
disodium lauryl sulfosuccinate,2027,1,ANY,0,False
sodium lauroyl glutamate,2028,1,ANY,0,False
oryza sativa rice starch,2029,1,ANY,0,False
hydrogenated coconut acid,2030,1,ANY,0,False
ginkgo biloba leaf extract,2031,1,ANY,0,False
populus tremuloides bark extract,2032,1,ANY,0,False
lauryl methacrylateglycol dimethacrylate copolymer,2033,1,ANY,0,False
melaleuca,2034,1,ANY,0,False
alternifolia tea tree leaf oil,2035,1,ANY,0,False
citrus paradisi grapefruit peel oil,2036,1,ANY,0,True
hydrolyzed corn starch hydroxyethyl ether,2037,1,ANY,0,False
capryliccapric triglycerides,2038,1,ANY,0,False
solanum lycopersicum tomato extract,2039,1,ANY,0,False
aleurites moluccana seed oil,2040,1,ANY,0,False
salvia hispanica seed oil,2041,1,ANY,0,False
poria cocos polysaccharide,2042,1,ANY,0,False
tremella fuciformis sporocarp extract,2043,1,ANY,0,False
ascorbyl methylsilanol pectinate,2044,1,ANY,0,False
phytosteryl oleate,2045,1,ANY,0,False
inositol,2046,1,ANY,0,False
calcium gluconate,2047,1,ANY,0,False
sodium c14-16 olefin sulfonate,2048,1,ANY,0,False
quillaja saponaria bark extract,2049,1,ANY,0,False
cymbopogon nardus citronella oil,2050,1,ANY,0,False
sodium cocoamphoacetate,2051,1,ANY,0,False
ppg-5-ceteth-20,2052,1,ANY,0,False
sophora japonica flower extract,2053,1,ANY,0,False
chondrus crispus carrageenan,2054,1,ANY,0,False
camellia oleifera seed extract,2059,1,ANY,0,False
cocos nucifera coconut fruit extract,2060,1,ANY,0,False
cassia hydroxypropyltrimoniumchloride,2061,1,ANY,0,False
cucurbita pepo pumpkin fruit extract,2067,1,ANY,0,False
sea salt maris sal,2069,1,ANY,0,False
juniperus virginiana oil,2070,1,ANY,0,False
castorylmaleate,2071,1,ANY,0,False
sodium palmitate,2074,1,ANY,0,False
sodium laurylglucosides hydroxypropylsulfonate,2075,1,ANY,0,False
hydroxypropyl bis-hydroxyethyldimonium chloride,2076,1,ANY,0,False
fucus vesiculosus extract,2077,1,ANY,0,False
allium sativum garlic bulb extract,2078,1,ANY,0,False
laminaria ochroleuca extract,2079,1,ANY,0,False
camphor,2080,1,ANY,0,False
melissa officinalis flowerleafstem extract,2081,1,ANY,0,False
angelica archangelica extract,2082,1,ANY,0,False
echinacea angustifolia leaf extract,2083,1,ANY,0,False
benzyl pca,2084,1,ANY,0,False
aloe barbadensis extract,2085,1,ANY,0,False
vitis vinifera grape seed extract saccharide isomerate,2086,1,ANY,0,False
arnica montana flower extract,2087,1,ANY,0,False
hedera helix ivy extract,2088,1,ANY,0,False
malva sylvestris mallow flower extract,2089,1,ANY,0,False
parietaria officinalis extract,2090,1,ANY,0,False
sambucus nigra flower extract,2091,1,ANY,0,False
citrus aurantium amara bitter orange flower extract,2092,1,ANY,0,True
hexanediolpentylene glycol,2093,1,ANY,0,False
palmitoyl hydroxypropyltrimonium,2094,1,ANY,0,False
amylopectinglycerin crosspolymer,2095,1,ANY,0,False
polyquaternium-10,2096,1,ANY,0,False
aminomethyl,2097,1,ANY,0,False
propanol,2098,1,ANY,0,False
arctium lappa root extract,2099,1,ANY,0,False
nasturtium officinale extract,2100,1,ANY,0,False
citrus aurantium bergamia bergamot fruit extract,2101,1,ANY,0,True
citrus limon lemon peel extract,2102,1,ANY,0,True
lavandula hybrida flower extract,2103,1,ANY,0,False
aleurites moluccanus seed oil,2104,1,ANY,0,False
hexanediol,2105,1,ANY,0,False
palmitoyl hydroxypropyltrimonium amylopectinglycerin crosspolymer,2106,1,ANY,0,False
dipropylene glycol dibenzoate,2107,1,ANY,0,False
citrus medica limonum lemon peel extract,2108,1,ANY,0,True
symphytum officinale root extract,2109,1,ANY,0,False
arctium majus root extract,2110,1,ANY,0,False
decylene glycol,2111,1,ANY,0,False
ppg-15 stearyl ether benzoate,2112,1,ANY,0,False
annatto ci 75120,2113,1,ANY,0,False
cordyceps sinensis extract,2114,1,ANY,0,False
lavandula spica lavender flower oil,2115,1,ANY,0,False
stearalkonium hectorite,2116,1,ANY,0,False
ppg-24-glycereth-24,2117,1,ANY,0,False
jasminum sambac jasmine flower extract,2118,1,ANY,0,False
gigartina stellata extract,2119,1,ANY,0,False
macrocystis pyrifera kelp extract,2120,1,ANY,0,False
cistus ladaniferus leafstem extract,2121,1,ANY,0,False
rosmarinus officinalis rosemary flowerleafstem extract,2122,1,ANY,0,False
tagetes minuta flower oil,2123,1,ANY,0,False
rosa damascena flower,2124,1,ANY,0,False
lysine hcl,2125,1,ANY,0,False
silanetriol,2126,1,ANY,0,False
glutamic acid,2127,1,ANY,0,False
sodium acrylates crosspolymer-2,2129,1,ANY,0,False
olive oil decyl esters,2130,1,ANY,0,False
cornus officinalis fruit extract,2131,1,ANY,0,False
hydrolyzed wheat flour,2132,1,ANY,0,False
sodium mannose phosphate,2133,1,ANY,0,False
phytosteryl macadamiate,2134,1,ANY,0,False
hydrolyzed beta-glucan,2135,1,ANY,0,False
mimosa,2136,1,ANY,0,False
tenuiflora bark extract,2137,1,ANY,0,False
ilex paraguariensis leaf extract,2138,1,ANY,0,False
ferula galbaniflua galbanum resin oil,2139,1,ANY,0,False
vetiveria zizanoides root oil,2140,1,ANY,0,False
prunus amygdalus amara bitter almond kernel oil,2141,1,ANY,0,False
dipteryx odorata seed extract,2142,1,ANY,0,False
lactic,2143,1,ANY,0,False
c12-18 acid triglyceride,2144,1,ANY,0,False
sodium acetylated hyaluronate,2145,1,ANY,0,False
mannose,2146,1,ANY,0,False
aniba rosodora rosewood wood oil,2147,1,ANY,0,False
abies sibirica oil,2148,1,ANY,0,False
terpineol,2149,1,ANY,0,False
thymol,2150,1,ANY,0,False
citrus limon lemon peel oi,2151,1,ANY,0,True
lsoamyl laurate,2154,1,ANY,0,False
bambusa arundinacea stem extract,2155,1,ANY,0,False
acacia decurrens extract,2156,1,ANY,0,False
averrhoa carambola fruit extract,2157,1,ANY,0,False
nephelium lappaceum branchfruitleaf extract,2158,1,ANY,0,False
spirulina maxima extract,2160,1,ANY,0,False
tremella fuciformis extract,2161,1,ANY,0,False
viola odorata leaf extract,2162,1,ANY,0,False
bacillus ferment,2163,1,ANY,0,False
peg-75 stearate,2164,1,ANY,0,False
ceteth-20,2165,1,ANY,0,False
c12-13 pareth-3,2166,1,ANY,0,False
gluconic acid,2167,1,ANY,0,False
3-hexenol,2168,1,ANY,0,False
sodium acetate,2169,1,ANY,0,False
isopropyl alcohol,2170,1,ANY,0,False
citrus,2171,1,ANY,0,True
aurantium bergamia bergamot fruit oil,2172,1,ANY,0,True
cymbopogon winterianus herb oil,2173,1,ANY,0,False
serine lavandula angustifolia lavender oil,2174,1,ANY,0,False
polyquaternium-4,2175,1,ANY,0,False
ricinoleth-40,2176,1,ANY,0,False
isopropyl lauroyl sarcosinate,2177,1,ANY,0,False
retinyl propionate,2178,1,ANY,0,False
butyl avocadate,2179,1,ANY,0,False
phenylethyl resorcinol,2180,1,ANY,0,False
sclareolide,2181,1,ANY,0,False
triolein,2182,1,ANY,0,False
hydroxymethoxyphenyl decanone,2183,1,ANY,0,False
sodium myristoyl glutamate,2184,1,ANY,0,False
sapindus trifoliatus fruit extract,2185,1,ANY,0,False
citrus aurantium amara bitter orange peel oil,2186,1,ANY,0,True
zingiber of cinale ginger root extract,2187,1,ANY,0,False
camellia sinensis leaf,2188,1,ANY,0,False
rosmarinus of cinalis rosemary leaf oil,2189,1,ANY,0,False
salvia of cinalis sage oil,2190,1,ANY,0,False
subtilisin,2191,1,ANY,0,False
lipase,2192,1,ANY,0,False
calcium lactate,2193,1,ANY,0,False
undecylenoyl glycine,2194,1,ANY,0,False
cetrimonium chloride,2195,1,ANY,0,False
mangifera indica mango seed oil,2196,1,ANY,0,False
bixa orellana seed oil,2197,1,ANY,0,False
glycol stearate,2198,1,ANY,0,False
behenic acid,2199,1,ANY,0,False
arachidic acid,2200,1,ANY,0,False
gondoic acid,2201,1,ANY,0,False
coleus forskohlii root extract,2202,1,ANY,0,False
helichrysum italicum extract,2203,1,ANY,0,False
voandzeia subterranea seed extract,2204,1,ANY,0,False
diosmine,2205,1,ANY,0,False
sodium carbonate,2206,1,ANY,0,False
jojoba wax peg-120 esters,2207,1,ANY,0,False
verbascum thapsus extract,2208,1,ANY,0,False
raspberry ketone,2209,1,ANY,0,False
cystine,2210,1,ANY,0,False
hydrolyzed glycosaminoglycans,2211,1,ANY,0,False
p-anisic acid,2212,1,ANY,0,False
benzyl glycol,2213,1,ANY,0,False
eugenia caryophyllus clove leaf oil,2214,1,ANY,0,False
saccharomyces cerevisiae extract,2215,1,ANY,0,False
eugenia caryophyllus clove bud oil,2216,1,ANY,0,False
cupressus sempervirens leaf oil,2217,1,ANY,0,False
pyrus malus apple seed extract,2218,1,ANY,0,False
hydrogenated coconut oil,2219,1,ANY,0,False
gardenia taitensis flower,2220,1,ANY,0,False
cupressus sempervirens leafstem extract,2221,1,ANY,0,False
cetyl dimethicone,2222,1,ANY,0,False
aloe barbadensis aloe leaf juice,2223,1,ANY,0,False
opuntia ficus-indica stem extract,2224,1,ANY,0,False
potassium sorbate citric acid,2225,1,ANY,0,False
hydrogenated soybean oil,2226,1,ANY,0,False
salix alba bark extract,2228,1,ANY,0,False
usnea barbata lichen extract,2229,1,ANY,0,False
hydroxyphenyl,2230,1,ANY,0,False
ropamidobenzoic acid,2231,1,ANY,0,False
citrus medica limonum lemon fruit extract,2232,1,ANY,0,True
fumaria officinalis flowerleafstem extract,2233,1,ANY,0,False
fumaric acid,2234,1,ANY,0,False
acrylates c10-30 alkyl acrylate,2235,1,ANY,0,False
rosspolymer,2236,1,ANY,0,False
cocamidopropyl pg-dimonium chloride phosphate,2237,1,ANY,0,False
tropaeolum majus flowerleafstem extract,2238,1,ANY,0,False
spilanthes acmella flowerleafstem extract,2239,1,ANY,0,False
lavandula spica lavender flowerleafstem extract,2240,1,ANY,0,False
ligustrum lucidum seed extract,2241,1,ANY,0,False
rosmarinus,2242,1,ANY,0,False
officinalis rosemary flowerleafstem extract,2243,1,ANY,0,False
litsea cubeba fruit oil,2244,1,ANY,0,False
mentha piperita peppermint flowerleafstem extract,2245,1,ANY,0,False
luffa cylindrica root extract,2246,1,ANY,0,False
glycogen,2247,1,ANY,0,False
sodium,2248,1,ANY,0,False
hydroxide,2249,1,ANY,0,False
evodia rutaecarpa fruit extract,2250,1,ANY,0,False
lavandula hybrida abrial herb oil,2251,1,ANY,0,False
terminalia ferdinandiana fruit extract,2252,1,ANY,0,False
tamarindus indica seed polysaccharide,2253,1,ANY,0,False
fusanus spicatus wood oil,2254,1,ANY,0,False
pogostemon cablin leaf oil,2255,1,ANY,0,False
polyurethane crosspolymer-1,2256,1,ANY,0,False
ophiopogon japonicas root extract,2257,1,ANY,0,False
boerhavia diffusa root extract,2258,1,ANY,0,False
salvia officinalis sage oil,2259,1,ANY,0,False
cetyl caprylate,2260,1,ANY,0,False
rosa centifolia flower extract,2261,1,ANY,0,False
pentaclethra macroloba seed oil,2262,1,ANY,0,False
pseudozyma epicolacamellia sinensis seed oil ferment extract filtrate,2263,1,ANY,0,False
melia azadirachta leaf,2264,1,ANY,0,False
eclipta prostrata leaf extract,2265,1,ANY,0,False
melia azadirachta bark extract,2266,1,ANY,0,False
adipic acidneopentyl glycol crosspolymer,2267,1,ANY,0,False
cistus monspeliensis flowerleafstem extract,2268,1,ANY,0,False
myrciaria dubia fruit extract,2269,1,ANY,0,False
synthetic sapphire,2270,1,ANY,0,False
acer rubrum extract,2271,1,ANY,0,False
caffeyl glucoside,2272,1,ANY,0,False
tamarindus indica seed gum,2273,1,ANY,0,False
dimethyl capramide,2274,1,ANY,0,False
zingiber officinale ginger root oil,2275,1,ANY,0,False
oryza sativa rice bran,2278,1,ANY,0,False
lauryl methacrylateglycol dimethacrylate crosspolymer,2279,1,ANY,0,False
saccharomyces ferment lysate filtrate,2280,1,ANY,0,False
tephrosia purpurea seed extract,2281,1,ANY,0,False
diglucosyl gallic acid,2282,1,ANY,0,False
citrus reticulata tangerine leaf oil,2283,1,ANY,0,True
maris aqua sea water,2284,1,ANY,0,False
aniba rosaeodora rosewood wood oil,2285,1,ANY,0,False
methyl lactate,2286,1,ANY,0,False
peg-6 cocamide,2287,1,ANY,0,False
succinoglycan,2288,1,ANY,0,False
salvia hispanica chia seed extract,2289,1,ANY,0,False
ppg-2 hydroxyethyl cocamide,2290,1,ANY,0,False
polyacrylate-1 crosspolymer,2291,1,ANY,0,False
ethylhexyl glycerin,2292,1,ANY,0,False
rose damascena flower oil,2293,1,ANY,0,False
eugenia caryophyllus clove flower oil,2294,1,ANY,0,False
citrus medica limonum lemon peel oil,2295,1,ANY,0,True
eucalyptus citriodora oil,2296,1,ANY,0,False
sodium astrocaryum murumuruate,2297,1,ANY,0,False
bioflavonoids,2298,1,ANY,0,False
methylheptyl isostearate,2299,1,ANY,0,False
glyceryl stearate peg-100 stearate,2300,1,ANY,0,False
glycerinm,2301,1,ANY,0,False
dunaliella salina extract panthenol,2302,1,ANY,0,False
medicago sativa alfalfa seed extract,2303,1,ANY,0,False
fraxinus excelsior bark extract,2304,1,ANY,0,False
oleth-20,2305,1,ANY,0,False
bha,2306,3,ANY,3,False
capryliccapric triglyceride sodium cocoyl isethionate,2307,1,ANY,0,False
divinyldimethiconedimethicone copolymer,2308,1,ANY,0,False
hydrolyzed cottonseed protein,2309,1,ANY,0,False
trideceth-12,2310,1,ANY,0,False
canarium luzonicum gum nonvolatiles,2311,1,ANY,0,False
citrus aurantium dulcis orange flower oil,2312,1,ANY,0,True
guaiacum officinale wood oil,2313,1,ANY,0,False
equisetum arvense extract,2314,1,ANY,0,False
pinus sylvestris cone extract,2315,1,ANY,0,False
isethionate,2316,1,ANY,0,False
allantoin decylene glycol,2317,1,ANY,0,False
schlerotium gum,2318,1,ANY,0,False
decyloxazolidinone,2319,1,ANY,0,False
saponins,2320,1,ANY,0,False
palmaria palmata extract,2321,1,ANY,0,False
aframomum angustifolium seed extract,2322,1,ANY,0,False
jasminum officinale jasmine flower extract,2323,1,ANY,0,False
lilium candidum bulb extract,2324,1,ANY,0,False
secale cereale rye seed extract,2325,1,ANY,0,False
sodium tocopheryl phosphate,2326,1,ANY,0,False
sodium surfactin,2327,1,ANY,0,False
pyrus cydonia seed extract,2328,1,ANY,0,False
biosaccharide gum-2,2329,1,ANY,0,False
capryliccapricsuccinic triglyceride,2330,1,ANY,0,False
isostearyl hydroxystearate,2331,1,ANY,0,False
paeonia officinalis flower extract,2332,1,ANY,0,False
ormenis multicaulis flower wax,2334,1,ANY,0,False
centaurea cyanus flower water,2335,1,ANY,0,False
pentaerythrityl tetrabehenate,2336,1,ANY,0,False
nymphaea alba root extract,2337,1,ANY,0,False
yeast ferment extract,2338,1,ANY,0,False
ci 15985 yellow 6,2339,1,ANY,0,False
cera alba beeswax,2340,1,ANY,0,False
methylsilanol tri-peg-8 glyceryl cocoate,2341,1,ANY,0,False
faex yeast extract,2342,1,ANY,0,False
dimethylmethoxy chromanol,2343,1,ANY,0,False
haberlea rhodopensis leaf extract,2344,1,ANY,0,False
phaeodactylum tricornutum extract,2345,1,ANY,0,False
decyl oleate,2346,1,ANY,0,False
hydrogenated palm kernel glycerides,2347,1,ANY,0,False
aluminum starch octenylsuccinate,2348,1,ANY,0,False
myreth-3 myristate,2349,1,ANY,0,False
citrus madurensis fruit extract,2350,1,ANY,0,True
oenothera biennis evening primrose root extract,2351,1,ANY,0,False
kluyveromyces extract,2352,1,ANY,0,False
paeonia suffruticosa root extract,2353,1,ANY,0,False
ci 42090 blue 1,2354,1,ANY,0,False
crambe abyssinica seed oil,2355,1,ANY,0,False
siegesbeckia orientalis extract,2356,1,ANY,0,False
ruscus aculeatus root extract,2357,1,ANY,0,False
soybean glycerides,2358,1,ANY,0,False
butyrospermum parkii shea butter unsaponifiables,2359,1,ANY,0,False
jasminum officinale jasmine flower water,2360,1,ANY,0,False
hydroxylated lecithin,2361,1,ANY,0,False
ci 60730 ext violet 2,2362,1,ANY,0,False
alpinia galanga leaf extract,2363,1,ANY,0,False
sodium dilauramidoglutamide lysine,2364,1,ANY,0,False
aphanothece sacrum polysaccharides,2365,1,ANY,0,False
calophyllum inophyllum seed oil,2366,1,ANY,0,False
ci 19140 yellow 5,2367,1,ANY,0,False
zea mays corn germ oil,2369,1,ANY,0,False
baicalin,2370,1,ANY,0,False
macadamia integrifolia seed oil,2371,1,ANY,0,False
rhodiola rosea root extract,2372,1,ANY,0,False
sodium lauryl glucose carboxylate,2373,1,ANY,0,False
glycerine,2374,1,ANY,0,False
styreneacrylate copolymer,2375,1,ANY,0,False
glycereth-2 cocoate,2376,1,ANY,0,False
mpolysorbate 20,2377,1,ANY,0,False
cassia alata leaf extract,2378,1,ANY,0,False
onopordum acanthium flowerleafstem extract,2380,1,ANY,0,False
senna alata extract,2381,1,ANY,0,False
phragmites kharka extract,2382,1,ANY,0,False
olea europaea olive leaf extract,2383,1,ANY,0,False
ethylhexyl isononanoate,2384,1,ANY,0,False
dimethylimidazolidinone rice starch,2385,1,ANY,0,False
echium plantagineum seed oil,2386,1,ANY,0,False
unsaponifiables,2387,1,ANY,0,False
fructose,2389,1,ANY,0,False
water prunus amygdalus dulcis sweet almond oil,2390,1,ANY,0,False
albatrellus ovinus extract,2391,1,ANY,0,False
brassica campestris rapeseed sterols,2392,1,ANY,0,False
lens esculenta lentil seed extract,2393,1,ANY,0,False
coco- caprylate,2394,1,ANY,0,False
pistacia vera seed oil,2395,1,ANY,0,False
sodium poly acrylate,2396,1,ANY,0,False
melaleuca alternifolia ethylhexylglycerin,2397,1,ANY,0,False
maclura cochinchinensis leaf prenylflavonoids,2398,1,ANY,0,False
sea water maris aqua,2399,1,ANY,0,False
hydrolyzed algae extract,2400,1,ANY,0,False
tris tetramethylhydroxypiperidinol citrate,2402,1,ANY,0,False
methylsilanol mannuronate,2403,1,ANY,0,False
soy isoflavones,2404,1,ANY,0,False
teprenone,2407,1,ANY,0,False
microcrystalline wax cera microcristallina,2409,1,ANY,0,False
leuconostoc radish root ferment filtrate,2410,1,ANY,0,False
aesculus hippocastanum horse chestnut extract,2412,1,ANY,0,False
hydrolyzed rhizobian gum,2413,1,ANY,0,False
lactobacillus portulaca oleracea ferment extract,2415,1,ANY,0,False
maris aqua sea water maris aqua,2416,1,ANY,0,False
persea gratissima avocado fruit extract,2417,1,ANY,0,False
nonapeptide-1,2418,1,ANY,0,False
dimethicone peg-1015 crosspolymer,2419,1,ANY,0,False
yogurt powder,2420,1,ANY,0,False
cetylhydroxyproline palmitamide,2422,1,ANY,0,False
honey,2423,1,ANY,0,False
honey extract,2424,1,ANY,0,False
chlorophyllin-copper complex,2425,1,ANY,0,False
aspalathus linearis rooibos extract,2426,1,ANY,0,False
saccharomyces polypeptides,2427,1,ANY,0,False
perfluorohexane,2428,1,ANY,0,False
perfluoroperhydrophenanthrene,2429,1,ANY,0,False
perfluorodecalin,2430,1,ANY,0,False
butylene glycol dicaprylatedicaprate,2431,1,ANY,0,False
magnesium gluconate,2432,1,ANY,0,False
prolinamidoethyl imidazole,2433,1,ANY,0,False
glutamylamidoethyl imidazole,2434,1,ANY,0,False
palmitoyl heptapeptide-18,2435,1,ANY,0,False
gyceryl caprylate,2436,1,ANY,0,False
menthone glycerin acetal,2437,1,ANY,0,False
helianthus annus sunflower seed oil,2438,1,ANY,0,False
silanediol salicylate,2439,1,ANY,0,False
lactobacilluspumpkin fruit ferment filtrate,2440,1,ANY,0,False
sodium oxide,2441,1,ANY,0,False
iron powder,2442,1,ANY,0,False
tourmaline powder,2443,1,ANY,0,False
cermide ng,2444,1,ANY,0,False
polysorbate 40,2445,1,ANY,0,False
methyl nonafluorobutyl ether,2446,1,ANY,0,False
methyl nonfluoroisobutyl ether,2447,1,ANY,0,False
saccharide isomarate,2448,1,ANY,0,False
dipropylne glycol,2449,1,ANY,0,False
saccharide hydrolyase,2450,1,ANY,0,False
c12-14 pareth-12,2451,1,ANY,0,False
lavendula augustifolia lavender oil,2452,1,ANY,0,False
vaccinium myrtillus fruitleaf extract,2453,1,ANY,0,False
fructooligosaccharides,2454,1,ANY,0,False
saccharum officianrum sugarcane extract,2455,1,ANY,0,False
amaranthus caudatus seed extract,2456,1,ANY,0,False
ulmus davidiana root extract,2457,1,ANY,0,False
anemarrhena asphodeloides root extract,2458,1,ANY,0,False
polyglyceryl-2 dipolyhydroxystearate,2459,1,ANY,0,False
palmitoyl pentapeptide-4,2460,1,ANY,0,False
disodium stearoyl glutamate,2461,1,ANY,0,False
rosa multiflora rose fruit extract,2462,1,ANY,0,False
ci 77120 barium sulfate,2463,1,ANY,0,False
zinc oxide 17,2464,2,AM,0,False
polyglyceryl-10 dioleate,2465,1,ANY,0,False
polymethylsilesquioxane,2466,1,ANY,0,False
linalyl acetate,2467,1,ANY,0,False
hexylresorcinol,2468,1,ANY,0,False
chlorogenic acids,2469,1,ANY,0,False
methylsilanol hydroxyproline aspartate,2470,1,ANY,0,False
cetyl lactate,2471,1,ANY,0,False
octyldodecyl stearate,2472,1,ANY,0,False
bis-hydroxyethoxypropyl dimethicone,2473,1,ANY,0,False
acetyl citrull amido arginine,2475,1,ANY,0,False
lavender oil,2476,1,ANY,0,False
ascorbic acid polypeptide,2477,4,AM,3,False
sunflower seed oil,2478,1,ANY,0,False
grape fruit extract,2479,1,ANY,0,False
ophiopogon japonicus root extract,2480,1,ANY,0,False
yogurt,2481,1,ANY,0,False
maslinic acid,2482,1,ANY,0,False
aluminium hydroxide,2483,1,ANY,0,False
glucosyl hesperidin,2484,1,ANY,0,False
tocopherol acetate,2485,1,ANY,0,False
acrylatesbeheneth-25 methacrylate copolymer,2486,1,ANY,0,False
methyl glucose capratecaprylateoleate,2487,1,ANY,0,False
dimethiconedivinyldimethiconesilsesquioxane crosspolymer,2488,1,ANY,0,False
zinc sulfate,2490,1,ANY,0,False
diatomaceous earth,2491,1,ANY,0,False
trimethylsiloxyphenyl dimethicone,2493,1,ANY,0,False
canola oil,2494,1,ANY,0,False
pelargonium graveolens flower extract,2495,1,ANY,0,False
calcium hydroxymethionine,2496,1,ANY,0,False
3-aminopropane sulfonic acid,2497,1,ANY,0,False
cetyl babassuate,2498,1,ANY,0,False
zinc ricinoleate,2499,1,ANY,0,False
geranium maculatum oil,2500,1,ANY,0,False
lavandula hybrida lavandin oil,2501,1,ANY,0,False
pogostemon cablin patchouli oil,2502,1,ANY,0,False
glucosyl ceramide,2503,1,ANY,0,False
potassium azeloyl diglycinate,2504,1,ANY,0,False
tasmannia lanceolata fruitleaf extract,2505,1,ANY,0,False
tetrahydrodiferuloylmethane,2506,1,ANY,0,False
disodium c12-14 pareth-3 sulfosuccinate,2507,1,ANY,0,False
peg-150 pentaerythrityl tetrastearate,2508,1,ANY,0,False
hydroxypropyl guar,2509,1,ANY,0,False
peg-6 capryliccapric glycerides,2510,1,ANY,0,False
laureth-10,2511,1,ANY,0,False
stearamide amp,2512,1,ANY,0,False
geranium maculatum extract,2513,1,ANY,0,False
stearyl stearate,2514,1,ANY,0,False
copernicia cerifera carnauba wax cire de carnauba,2515,1,ANY,0,False
rhus verniciflua peel wax,2516,1,ANY,0,False
levulinic acid,2517,1,ANY,0,False
punica granatum pericarp extract,2518,1,ANY,0,False
geranylgeranylisopropanol,2519,1,ANY,0,False
dimethylsilanol hyaluronate,2520,1,ANY,0,False
isoceteth-10,2521,1,ANY,0,False
ornithine,2522,1,ANY,0,False
diethylhexyl adipate,2523,1,ANY,0,False
lavandula angustifolia lavender flower oil,2524,1,ANY,0,False
decapeptide-22,2525,1,ANY,0,False
oligopeptide-78,2526,1,ANY,0,False
palmitoyl decapeptide-21,2527,1,ANY,0,False
zinc palmitoyl nonapeptide-14,2528,1,ANY,0,False
am,2529,1,ANY,0,False
moringa oilhydrogenated moringa oil esters,2530,1,ANY,0,False
c30-45 alkyl dimethicone,2531,1,ANY,0,False
capsicum frutescens fruit extract,2532,1,ANY,0,False
simmondsia chinensis seed wax,2534,1,ANY,0,False
vitis vinifera seed oil,2535,1,ANY,0,False
flavor aroma,2536,1,ANY,0,False
phytosteryl sunflowerseedate,2537,1,ANY,0,False
isopulegol,2538,1,ANY,0,False
olea europaea husk oil,2539,1,ANY,0,False
vanillyl butyl ether,2540,1,ANY,0,False
pm,2541,1,ANY,0,False
phenoxethanol,2542,1,ANY,0,False
caprylyl capryl glucoside,2543,1,ANY,0,False
glycine soybean soja extract,2544,1,ANY,0,False
swertia chirata extract,2545,1,ANY,0,False
calcium pantetheine sulfonate,2546,1,ANY,0,False
cysteic acid,2547,1,ANY,0,False
carnatine,2548,1,ANY,0,False
shea butter cetyl esters,2549,1,ANY,0,False
peg-40,2550,1,ANY,0,False
aloe barbadensis leaf,2551,1,ANY,0,False
acrylatesc10 30 alkyl acrylate crosspolymer,2552,1,ANY,0,False
trisodium ethylenediamine,2553,1,ANY,0,False
disuccinate,2554,1,ANY,0,False
propylene glycol alginate,2555,1,ANY,0,False
yeast extractextrait de levure,2556,1,ANY,0,False
sd alcohol 40-a,2557,1,ANY,0,False
synthetic,2559,1,ANY,0,False
fluorphlogopite,2560,1,ANY,0,False
acetyl glutamine,2561,1,ANY,0,False
sh-oligopeptide-1,2562,1,ANY,0,False
sh- oligopeptide-2,2563,1,ANY,0,False
sh-polypeptide-1,2564,1,ANY,0,False
sh- polypeptide-9,2565,1,ANY,0,False
sh-polypeptide-11,2566,1,ANY,0,False
bacillussoybeanfolic acid ferment,2567,1,ANY,0,False
capryloyl salicylic acid,2568,3,ANY,3,False
dimethyl oxobenzo dioxasilane,2569,1,ANY,0,False
iron oxide ci 77492,2570,1,ANY,0,False
alcohol denat sd alcohol 40-b,2571,1,ANY,0,False
octoxynol-9,2573,1,ANY,0,False
carnitine hcl,2574,1,ANY,0,False
adipic acid,2575,1,ANY,0,False
siraitia grosvenorii fruit extract,2576,1,ANY,0,False
pentasodium pentetate,2577,1,ANY,0,False
quercetin,2578,1,ANY,0,False
isopropyl jojobate,2579,1,ANY,0,False
prunus persica peach fruit extract,2580,1,ANY,0,False
coriandrum sativum coriander fruitleaf extract,2581,1,ANY,0,False
caulerpa lentillifera extract,2583,1,ANY,0,False
citrus grandis grapefruit peel extract,2584,1,ANY,0,True
sodium lauroyl methyl isethionate,2585,1,ANY,0,False
disteareth-75 ipdi,2586,1,ANY,0,False
glycereth-7 caprylatecaprate,2587,1,ANY,0,False
barosma betulina leaf extract,2588,1,ANY,0,False
tremella fuciformis mushroom extract,2589,1,ANY,0,False
polyglyceryl-3 laurate,2590,1,ANY,0,False
eugenia caryophyllus clove flower extract,2591,1,ANY,0,False
tetrapeptide-21,2592,1,ANY,0,False
pvmma decadiene crosspolymer,2593,1,ANY,0,False
hydroxypropyl starch phosphate,2594,1,ANY,0,False
carnitine,2595,1,ANY,0,False
ammonium hydroxide,2596,1,ANY,0,False
elettaria cardamomum seed extract,2597,1,ANY,0,False
cananga odorata flower extract,2598,1,ANY,0,False
santalum album sandalwood wood extract,2599,1,ANY,0,False
silybum marianum extract,2600,1,ANY,0,False
citrus auranitum bergamia bergamot fruit extract,2601,1,ANY,0,True
morus alba fruit extract,2602,1,ANY,0,False
potassium gluconate,2603,1,ANY,0,False
smilax aristolochiifolia root extract,2604,1,ANY,0,False
asiaticoside,2605,1,ANY,0,False
disodium rutinyl disulfate,2606,1,ANY,0,False
rehmannia glutinosa root extract,2607,1,ANY,0,False
sodium olivate,2608,1,ANY,0,False
c13-16 isoparafn,2609,1,ANY,0,False
citrus sinensis orange fruit extract,2610,1,ANY,0,True
saccharum ofcinarum sugar cane extract,2611,1,ANY,0,False
octadecene,2612,1,ANY,0,False
caprylyl caprylatecaprate,2613,1,ANY,0,False
emblica officinalis fruit extract,2614,1,ANY,0,False
hippophae rhamnoides fruit oil,2615,1,ANY,0,False
tetrahydropiperine,2616,1,ANY,0,False
ethylhexyl olivate,2617,1,ANY,0,False
ilomastat,2618,1,ANY,0,False
oenothera biennis evening primrose flowerleafstem extract,2619,1,ANY,0,False
yucca aloifolia leafroot extract,2620,1,ANY,0,False
quercetin caprylate,2621,1,ANY,0,False
cocos nucifera coconut fruit juice,2622,1,ANY,0,False
symphytum officinale extract,2623,1,ANY,0,False
inonotus obliquus mushroom extract,2625,1,ANY,0,False
lauryl laurate,2626,1,ANY,0,False
sodium glycolate,2627,1,ANY,0,False
lavandula angustifolia lavender flower leafstem extract,2628,1,ANY,0,False
sanguisorba officinalis root extract,2629,1,ANY,0,False
cinnamomum cassia bark extract,2630,1,ANY,0,False
zingiber,2631,1,ANY,0,False
officinale ginger root extract,2632,1,ANY,0,False
cucumis,2633,1,ANY,0,False
sativus cucumber fruit extract,2634,1,ANY,0,False
lithium magnesium sodium silicate nano,2635,1,ANY,0,False
oryza sativa rice powder,2636,1,ANY,0,False
conchiolin powder,2637,1,ANY,0,False
hyroxycitronellal,2638,1,ANY,0,False
calcium sulfate,2639,1,ANY,0,False
tetrasodium pyrophosphate,2640,1,ANY,0,False
potassium sorbate exfoliant,2641,1,ANY,0,False
santalum album sandalwood wood,2642,1,ANY,0,False
olive oil glycereth-8 esters,2643,1,ANY,0,False
bromelain,2644,1,ANY,0,False
centella asiatica leaf water,2645,1,ANY,0,False
polyglyceryl-4 diisostearatepolyhydroxystearatesebacate,2648,1,ANY,0,False
polyglyceryl-2 triisostearate,2650,1,ANY,0,False
acrylatesdimethicone copolymer,2651,1,ANY,0,False
hydrogen dimethicone,2652,1,ANY,0,False
chromium oxide greens,2653,1,ANY,0,False
fragaria vesca strawberry leaf extract,2654,1,ANY,0,False
asiatic acid,2656,1,ANY,0,False
madecassic acid,2657,1,ANY,0,False
houttuynia cordata extract,2658,1,ANY,0,False
gentiana lutea root extract,2659,1,ANY,0,False
artemisia absinthium extract,2660,1,ANY,0,False
sodium glycerophosphate,2661,1,ANY,0,False
selaginella lepidophylla extract,2662,1,ANY,0,False
potassium magnesium aspartate,2663,1,ANY,0,False
polyglyceryl-3 methylglucose distearate,2665,1,ANY,0,False
vinyl dimethicone,2666,1,ANY,0,False
eryngium maritimum callus culture filtrate,2667,1,ANY,0,False
ilex aquifolium holly leaf extract,2668,1,ANY,0,False
streptococcus thermophilus ferment,2669,1,ANY,0,False
achillea millefolium oil,2670,1,ANY,0,False
dna,2671,1,ANY,0,False
trideceth-10,2672,1,ANY,0,False
2-hexanedoil,2674,1,ANY,0,False
vinyle dimethicone,2675,1,ANY,0,False
eryngium maritimum callus culture diltrate,2676,1,ANY,0,False
fusidium coccineum ferment filtrate,2677,1,ANY,0,False
diethiconol,2678,1,ANY,0,False
methylpropanedoil,2679,1,ANY,0,False
melisa azadirachta leaf extract,2680,1,ANY,0,False
bamboo vinegar,2681,1,ANY,0,False
glycine soja soybean peptide,2682,1,ANY,0,False
ethylhexlglycerin,2683,1,ANY,0,False
solanum meaongena eggplant fruit extract,2684,1,ANY,0,False
carallina officinalis extract,2685,1,ANY,0,False
moringa olefiera seed oil,2686,1,ANY,0,False
hydrolyzed hibiscus esculentus extract,2687,1,ANY,0,False
melaleuca alternifolia tea tree leaf extract,2688,1,ANY,0,False
laminaria japonica extract,2689,1,ANY,0,False
gloiopeltis furcata extract,2690,1,ANY,0,False
glycyrrhiza glabra licorice rhizomeroot,2691,1,ANY,0,False
cinnamomum zeylanicum bark extract,2692,1,ANY,0,False
pinus pinaster bark extract,2693,1,ANY,0,False
fructooligosacchadrides,2694,1,ANY,0,False
camphor silica,2695,1,ANY,0,False
sarcosine,2696,1,ANY,0,False
4-terpineol,2697,1,ANY,0,False
pinus sylvestris pine leaf oil,2698,1,ANY,0,False
citrus aurantium dulcis orange peel,2699,1,ANY,0,True
eucalyptus,2700,1,ANY,0,False
globulus leaf oil,2701,1,ANY,0,False
clitoria ternatea flower extract,2702,1,ANY,0,False
oligopeptide-76,2703,1,ANY,0,False
curcumin,2704,1,ANY,0,False
peg-240hdi copolymer bis-decyltetradeceth-20 ether,2705,1,ANY,0,False
corallina ofcinalis extract,2706,1,ANY,0,False
undaria pinnatida extract,2707,1,ANY,0,False
brassica oleracea capitata cabbage leaf extract,2708,1,ANY,0,False
asparagus ofcinalis extract,2709,1,ANY,0,False
allium cepa onion bulb extract,2710,1,ANY,0,False
ceratonia siliqua carob gum,2711,1,ANY,0,False
saccharum officinarum sugarcane extractextrait de canne sucre,2714,1,ANY,0,False
melaleuca alternifolia tea tree lead oil,2715,1,ANY,0,False
lauryl polyglyceryl-3 polydimethylsiloxyethyl dimethicone,2716,1,ANY,0,False
sorbitan caprylate,2717,1,ANY,0,False
beeswax,2718,1,ANY,0,False
diphenysiloxy phenyl trimethicone,2719,1,ANY,0,False
lauryl peg-10 tris trimethysiloxy silylethyl dimethicone,2720,1,ANY,0,False
zein,2722,1,ANY,0,False
dipotassium phosphate,2723,1,ANY,0,False
calcium stearate,2724,1,ANY,0,False
anastatica hierochuntica extract,2725,1,ANY,0,False
fragaria vesca strawberry fruit extract,2727,1,ANY,0,False
camellia sinesis leaf extract,2728,1,ANY,0,False
cinnamomum zelanicum bark extract,2729,1,ANY,0,False
octylododeceth-16,2730,1,ANY,0,False
carthamus tinctorius sunflower seed oil,2731,1,ANY,0,False
pogostemon cablin oil,2732,1,ANY,0,False
ceramide as,2733,1,ANY,0,False
ceramide ns,2734,1,ANY,0,False
schizandra chinensis fruit extract,2735,1,ANY,0,False
coptis japonica root extract,2736,1,ANY,0,False
citrus grandis grapefruit seed extract,2737,1,ANY,0,True
acorus calamus root extract,2738,1,ANY,0,False
peg-10 dimethiconevinyl dimethicone crosspolymer,2739,1,ANY,0,False
glycoproteins,2740,1,ANY,0,False
2,2741,1,ANY,0,False
3-butanediol,2742,1,ANY,0,False
polyglyceryl-10 myristate,2743,1,ANY,0,False
sucrose distearate,2744,1,ANY,0,False
ceramide np02,2745,1,ANY,0,False
pelargonium,2746,1,ANY,0,False
graveolens flower oil,2747,1,ANY,0,False
spent grain wax,2748,1,ANY,0,False
ethylhexyl methoxycinnamate,2749,1,ANY,0,False
hydroxypropyl methylcellulose stearoxy ether,2750,1,ANY,0,False
calcium pantothenate,2751,1,ANY,0,False
sodium starch octenylsuccinate,2752,1,ANY,0,False
peg-14m,2753,1,ANY,0,False
butylene gycol,2754,1,ANY,0,False
montmorillonite,2756,1,ANY,0,False
artemisia vulgaris mugwort oil,2757,1,ANY,0,False
gycerin,2758,1,ANY,0,False
glyoproteins,2759,1,ANY,0,False
polygylyceryl-10 laurate,2760,1,ANY,0,False
isotridecyl isononanoate,2761,1,ANY,0,False
gossypium herbaceum cotton extract,2765,1,ANY,0,False
bambusa vulgaris extract,2766,1,ANY,0,False
pinus densiflora leaf extract,2767,1,ANY,0,False
thuja orientalis extract,2768,1,ANY,0,False
chamaecyparis obtusa leaf extract,2769,1,ANY,0,False
hydroxyethyl acrylatesodium,2770,1,ANY,0,False
acryloyldimethyl taurate copolymer,2771,1,ANY,0,False
thymus vulgaris thyme flowerleaf oil,2772,1,ANY,0,False
tyrosine,2774,1,ANY,0,False
saccharum offlcinarum sugarcane extract,2775,1,ANY,0,False
maltose,2776,1,ANY,0,False
polyglceryl-10 oleate,2777,1,ANY,0,False
polyglyceryl-2 oleate,2778,1,ANY,0,False
beewaxcire dabelle,2779,1,ANY,0,False
carbon dioxide,2781,1,ANY,0,False
rose flower oil,2782,1,ANY,0,False
betaine saliculate,2783,1,ANY,0,False
papin,2784,1,ANY,0,False
citrus aurantifolia lima fruit extract,2785,1,ANY,0,True
ethlhexylglycerin,2786,1,ANY,0,False
ceratonia siliqua gum,2787,1,ANY,0,False
agar,2788,1,ANY,0,False
althaea rosea flower extract,2789,1,ANY,0,False
prunus persica peach resin extract,2790,1,ANY,0,False
ceratonia siliqua carob fruit extract,2792,1,ANY,0,False
3-o- ethyl ascorbic acid,2794,4,AM,3,False
diatomaceous earthterre de diatomes,2800,1,ANY,0,False
homosalate 150 octinoxate 75 octisalate 50 avobenzone 30,2801,2,AM,0,False
benzyl nicotinate,2802,1,ANY,0,False
portulaca pilosa extract,2803,1,ANY,0,False
palmitoyl tripeptide-38,2804,1,ANY,0,False
stevia rebaudiana leafstem powder,2805,1,ANY,0,False
yucca schidigera root extract,2806,1,ANY,0,False
essential oil of spearmint mentha viridis,2807,1,ANY,0,False
essential oil of peppermint mentha piperita,2808,1,ANY,0,False
sodium chondroitin sulfate,2809,1,ANY,0,False
methyl glucoside phosphate proline lysine copper complex,2810,1,ANY,0,False
glycosaminoglycans,2811,1,ANY,0,False
l-ascorbic acid vitamin c 15,2812,4,AM,3,False
dl-tocopherol vitamin e 1,2813,1,ANY,0,False
ferulic acid 05,2814,3,AM,1,False
deionized water,2815,1,ANY,0,False
phytonadione,2816,1,ANY,0,False
sugar cane extract,2817,1,ANY,0,False
lemon fruit extract,2818,1,ANY,0,True
apple fruit extract,2819,1,ANY,0,False
green tea leaf extract,2820,1,ANY,0,False
citrus medica limonum lemon extract,2821,1,ANY,0,True
pyrus malus apple extract,2822,1,ANY,0,False
blue 1,2823,1,ANY,0,False
camellia sinensis green tea polyphenols,2824,1,ANY,0,False
camellia sinensis black tea leaf extract,2825,1,ANY,0,False
cucumis sativus fruit extract,2826,1,ANY,0,False
kaempferia galanga root extract,2827,1,ANY,0,False
salvia sclarea extract,2828,1,ANY,0,False
citrus aurantium dulcis peel oil,2829,1,ANY,0,True
prunus amygdalus dulcis oil,2830,1,ANY,0,False
citrus grandis peel oil,2831,1,ANY,0,True
citrus aurantifolia oil,2832,1,ANY,0,True
zingiber officinale root oil,2833,1,ANY,0,False
citrus aurantium bergamia fruit oil,2834,1,ANY,0,True
mentha piperita oil,2835,1,ANY,0,False
yucca glauca root extract,2837,1,ANY,0,False
genistein,2838,1,ANY,0,False
punica granatum sterols,2839,1,ANY,0,False
ceramide 2,2840,1,ANY,0,False
caffeine usp,2841,1,ANY,0,False
benzoyl peroxide 100,2842,5,ANY,5,False
camellia sinensis green tea leaf polyphenols,2843,1,ANY,0,False
stearic acid usp,2844,1,ANY,0,False
glycerin usp,2845,1,ANY,0,False
lauramide dea,2846,1,ANY,0,False
steareth-4,2847,1,ANY,0,False
benzoyl peroxide 50,2848,5,ANY,5,False
sodium hydroxymethylglycinate,2849,1,ANY,0,False
peg-12 dimethiconeppg-20 crosspolymer,2850,1,ANY,0,False
disiloxane,2851,1,ANY,0,False
lauryl alcohol,2853,1,ANY,0,False
heasodium acryloyldimethyltaurate stearath-20 methacrylate copolymer,2855,1,ANY,0,False
c13-c14 isoparaffin,2856,1,ANY,0,False
camellia sinensis white tea extract,2857,1,ANY,0,False
camellia sinensis green tea extract,2858,1,ANY,0,False
camellia sinensis white tea leaf extract,2859,1,ANY,0,False
symphytum officinale comfrey extract,2860,1,ANY,0,False
salicylic acid 20,2861,3,ANY,3,False
sd alcohol 40b,2862,1,ANY,0,False
bakuchoil,2863,1,ANY,0,False
acetone,2864,1,ANY,0,False
glyceryl dilaurate,2865,1,ANY,0,False
acrylatessteareth-20 methacrylate copolymer,2866,1,ANY,0,False
glyceryl acrylateacrylic acid polymer,2867,1,ANY,0,False
bakuchiol punica granatum sterols,2868,2,ANY,0,False
phytonadione vitamin k,2869,1,ANY,0,False
hydrolyzed vegetable protein,2870,1,ANY,0,False
arnica montana powder,2871,1,ANY,0,False
butylated pvp,2872,1,ANY,0,False
sclerocarya birrea seed oil,2873,1,ANY,0,False
bacillus folic acid ferment filtrate extract,2874,1,ANY,0,False
symphytum officinale callus culture extract,2877,1,ANY,0,False
vitis vinifera grape juice extract,2878,1,ANY,0,False
opuntia ficus-indica extract,2879,1,ANY,0,False
aesculus hippocastanum horse chestnut seed extract,2880,1,ANY,0,False
buddleja davidii meristem cell culture,2881,1,ANY,0,False
cucumis melo cantalupensis fruit extract,2882,1,ANY,0,False
polylysine,2883,1,ANY,0,False
ananas sativus pineapple fruit extract,2884,1,ANY,0,False
berberis vulgaris root extract,2885,1,ANY,0,False
silybum marianum seed extract,2886,1,ANY,0,False
camellia sinensis leaf powder,2887,1,ANY,0,False
cicer arietinum seed powder,2888,1,ANY,0,False
passiflora edulis seed oil,2889,1,ANY,0,False
glyceryl oleate citrate,2890,1,ANY,0,False
acetyl tetrapeptide-17,2891,1,ANY,0,False
colloidal platinum nano,2892,1,ANY,0,False
pseudozyma epicolacamellia sinensis seed oilglucoseglycine soja soybean mealmalt extractyeast extract ferment filtrate,2893,1,ANY,0,False
adansonia digitata seed oil,2894,1,ANY,0,False
schinziophyton rautanenii kernel oil,2895,1,ANY,0,False
polyglyceryl-6 ximenia americana seedate,2896,1,ANY,0,False
copernicia cerifera carnauba waxcera carnaubacire de carnauba,2897,1,ANY,0,False
euphorbia cerifera candelilla waxcandelilla ceracire de candelilla,2898,1,ANY,0,False
dictyopteris membranacea extract,2899,1,ANY,0,False
schinziophyton rautanenii mongongo kernel oil,2900,1,ANY,0,False
100 unrefined sclerocraya birrea marula kernel oil,2901,1,ANY,0,False
tetrahydrobisdemethoxydiferuloylmethane,2902,1,ANY,0,False
tetrahydrodemethoxydiferuloylmethane,2903,1,ANY,0,False
euterpe oleracea fruit oil,2904,1,ANY,0,False
fragaria ananassa strawberry seed extract,2905,1,ANY,0,False
ximenia americana seed oil,2906,1,ANY,0,False
ceteareth-6 olivate,2907,1,ANY,0,False
palmitoyl dipeptide-5 diaminobutyroyl hydroxythreonine,2908,1,ANY,0,False
palmitoyl dipeptide-5 diaminohydroxybutyrate,2909,1,ANY,0,False
morus alba leaf extract,2910,1,ANY,0,False
thioctic acid,2911,1,ANY,0,False
zinc oxide 20,2912,2,AM,0,False
haematococcus pluvialis extract,2913,1,ANY,0,False
sea water,2915,1,ANY,0,False
brassica oleracea acephala leaf extract,2916,1,ANY,0,False
xanthophylls,2917,1,ANY,0,False
physalis pubescens fruit juice,2918,1,ANY,0,False
carthamus tinctorium safflower seed oil,2919,1,ANY,0,False
sclerocarya birrea seed butter,2920,1,ANY,0,False
opuntia tuna fruit extract,2921,1,ANY,0,False
zea mays corn oil,2922,1,ANY,0,False
hydroxytyrosol,2923,1,ANY,0,False
ceramide eos,2924,1,ANY,0,False
magnesium pca,2925,1,ANY,0,False
caprooyl phytosphingosine,2926,1,ANY,0,False
caprooyl sphingosine,2927,1,ANY,0,False
ceteareth-25,2928,1,ANY,0,False
hippophae rhamnoides oil,2929,1,ANY,0,False
pentylene glycol ethylhexylglycerin,2930,1,ANY,0,False
glycine max soybean seed extract,2931,1,ANY,0,False
camellia sinesis seed oil,2932,1,ANY,0,False
galactomyces ferment filtrate,2934,1,ANY,0,False
beta vulgaris beet root extract,2935,1,ANY,0,False
potassium lactate,2936,1,ANY,0,False
sodium coco-sulfate,2937,1,ANY,0,False
triticum vulgare wheat starch,2938,1,ANY,0,False
heilmoor clay,2939,1,ANY,0,False
euterpe oleracea fruit extract,2940,1,ANY,0,False
cucurbita pepo pumpkin seed oil,2941,1,ANY,0,False
ellagic acid,2942,1,ANY,0,False
juju bar is vegan,2943,1,ANY,0,False
sodium nitrate,2944,1,ANY,0,False
crambe abyssinica seed oil phytosterol esters,2945,1,ANY,0,False
polyglyceryl-10 oleate,2946,1,ANY,0,False
honokiol,2947,1,ANY,0,False
magnolol,2948,1,ANY,0,False
astrocaryum vulgare kernel oil,2949,1,ANY,0,False
shorea stenoptera seed butter,2950,1,ANY,0,False
citrus aurantium dulcis peel oil expressed,2951,1,ANY,0,True
citrus bergamia peel oil,2952,1,ANY,0,True
lime oil terpenes,2953,1,ANY,0,False
thuja occidentalis leaf oil,2954,1,ANY,0,False
hydrolyzed gardenia florida extract,2955,1,ANY,0,False
gardenia jasminoides fruit extract,2956,1,ANY,0,False
aureobasidium pullulans ferment,2959,1,ANY,0,False
bacillussoybean ferment extract,2960,1,ANY,0,False
codium tomentosum extract,2961,1,ANY,0,False
calamine,2962,1,ANY,0,False
octanediol,2963,1,ANY,0,False
crataegus monogyna flower extract,2964,1,ANY,0,False
origanum vulgare leaf extract,2965,1,ANY,0,False
oryza sativa rice extract,2966,1,ANY,0,False
garcinia mangostana fruit extract,2967,1,ANY,0,False
litchi chinensis fruit extract,2968,1,ANY,0,False
sea salt maris saltsel marin,2969,1,ANY,0,False
passiflora incarnata fruit extract,2970,1,ANY,0,False
psidium guajava fruit extract,2971,1,ANY,0,False
ziziphus jujuba fruit extract,2972,1,ANY,0,False
sodium palm kernelate,2973,1,ANY,0,False
silt dead sea mud,2974,1,ANY,0,False
evernia prunastri oakmoss extract,2975,1,ANY,0,False
ci 77289 chromium hydroxide green,2976,1,ANY,0,False
amyl cinnamal,2977,1,ANY,0,False
artemisia vulgaris extract,2978,1,ANY,0,False
solanum lycopersicum tomato fruitleafstem extract,2979,1,ANY,0,False
pink quartz,2980,1,ANY,0,False
hibiscus sinensis flower extract,2981,1,ANY,0,False
narcissus tazetta bulb extract,2982,1,ANY,0,False
isoceteth-20,2983,1,ANY,0,False
bifida ferment lysate,2984,1,ANY,0,False
adansonia digitata seed extract,2985,1,ANY,0,False
tripeptide-32,2986,1,ANY,0,False
oleth-3 phosphate,2987,1,ANY,0,False
oleth-3,2988,1,ANY,0,False
choleth-24,2989,1,ANY,0,False
ceteth-24,2990,1,ANY,0,False
hypnea musciformis extract,2991,1,ANY,0,False
hordeum distichon barley extractextrait dorge a deux rangs,2992,1,ANY,0,False
lythrum salicaria extract,2993,1,ANY,0,False
hordeum vulgare extractextrait dorge,2994,1,ANY,0,False
polyvinyl acetate,2995,1,ANY,0,False
psidium guajava guava fruit extract,2996,1,ANY,0,False
hydrolyzed rice bran extract,2997,1,ANY,0,False
artemia extract,2998,1,ANY,0,False
triacontanyl pvp,2999,1,ANY,0,False
acrylic acidvp crosspolymer,3000,1,ANY,0,False
homosalate 200,3001,2,AM,0,False
methylisothiazolinone iln39605,3002,1,ANY,0,False
hydrolyzed fish pisces collagen,3003,1,ANY,0,False
zea mays corn kernel extract,3004,1,ANY,0,False
fish pisces collagen,3005,1,ANY,0,False
sodium beta-sitosteryl sulfate,3006,1,ANY,0,False
titanium dioxide ci 77891 iln38704,3007,2,AM,0,False
anthemis nobilis chamomile,3008,1,ANY,0,False
phenoxyethanol iln41968,3009,1,ANY,0,False
polypropylene,3010,1,ANY,0,False
blue 1 ci 42090 iln42547,3011,1,ANY,0,False
limonium vulgare flowerleafstem extract,3012,1,ANY,0,False
yellow 5 ci 19140 iln41390,3013,1,ANY,0,False
yellow 5 ci 19140 iln46063,3014,1,ANY,0,False
mimosa tenuiflora bark extract,3015,1,ANY,0,False
titanium dioxide ci 77891 iln42230,3016,2,AM,0,False
hydrolyzed yeast protein,3017,1,ANY,0,False
phenoxyethanol iln41131,3018,1,ANY,0,False
myrtus communis leaf extract,3019,1,ANY,0,False
hydrolyzed prunus domestica,3020,1,ANY,0,False
paeonia suffruticosa peony root extract,3021,1,ANY,0,False
gellidiella acerosa extract,3022,1,ANY,0,False
punica granatum pomegranate extract,3023,1,ANY,0,False
echinacea purpurea coneflower extract,3024,1,ANY,0,False
garcinia mangostana peel extract,3025,1,ANY,0,False
peg-8 glyceryl isostearate,3026,1,ANY,0,False
phoenix dactylifera date fruit extract,3027,1,ANY,0,False
bambusa vulgaris bamboo extract,3028,1,ANY,0,False
phytosteryl canola glycerides,3029,1,ANY,0,False
ci 77499 iln43743,3030,1,ANY,0,False
blue 1 ci 42090 iln43725,3031,1,ANY,0,False
lactoperoxidase,3032,1,ANY,0,False
glucose oxidase,3033,1,ANY,0,False
potassium myristoyl glutamate,3034,1,ANY,0,False
peg-40 glyceryl cocoate,3035,1,ANY,0,False
sodium coceth sulfate,3036,1,ANY,0,False
c20-24 olefin,3037,1,ANY,0,False
zinc stearate,3038,1,ANY,0,False
calcium sodium borosilicate,3039,1,ANY,0,False
aluminum calcium sodium silicate,3040,1,ANY,0,False
lauryl dimethicone,3041,1,ANY,0,False
aluminum powder ci 77000,3042,1,ANY,0,False
maltodxtrin,3043,1,ANY,0,False
mica dimethicone squalane carmine ci 75470,3044,1,ANY,0,False
titanium dioxide ci 77891 silica trimethylsiloxysilicate talc,3045,2,AM,0,False
hydrogenated styreneisoprene copolymer blue 1 lake ci 42090,3046,1,ANY,0,False
dimethiconevinyl dimethicone,3047,1,ANY,0,False
crosspolymer,3048,1,ANY,0,False
pentaerythrityl tetra-di-t-butyl,3049,1,ANY,0,False
hydroxyhydrocinnamate,3050,1,ANY,0,False
ultramarines ci 77007,3051,1,ANY,0,False
hydrogenated styreneisoprene copolymer,3052,1,ANY,0,False
calcium aluminum borosilicate,3053,1,ANY,0,False
hydrogenated rapeseed oil,3054,1,ANY,0,False
butyl acrylatehydroxypropyl dimethicone acrylate copolymer,3055,1,ANY,0,False
ethylhexylglycerin hydrogenated styreneisoprene copolymer,3056,1,ANY,0,False
hordeum distichon barley extract,3057,1,ANY,0,False
melissa officinalis lemon balm leaf extract,3058,1,ANY,0,True
calcium pca,3059,1,ANY,0,False
hydrogenated vegetable glycerides citrate,3060,1,ANY,0,False
almondboragelinseedolive acidsglycerides,3061,1,ANY,0,False
avena sativa kernel oil,3062,1,ANY,0,False
arnica montana flower,3063,1,ANY,0,False
rubus idaeus seed oil,3064,1,ANY,0,False
pistacia lentiscus gum,3065,1,ANY,0,False
hordeum vulgare barley seed extractextrait de semence dorge,3066,1,ANY,0,False
hexapeptide-9,3067,1,ANY,0,False
oligopeptide-1,3068,1,ANY,0,False
made from high-quality pvc vinyl free from harmful chemicals such as phthalates,3069,1,ANY,0,False
latex,3070,1,ANY,0,False
lead,3071,1,ANY,0,False
and bpa,3072,1,ANY,0,False
sh-polypeptide-123,3073,1,ANY,0,False
potassium hydrolyzed polygamma-glutamate,3074,1,ANY,0,False
sodium glucuronate,3075,1,ANY,0,False
cucurbita pepo pumpkin seed extract,3076,1,ANY,0,False
cydonia oblonga quince leaf extract,3077,1,ANY,0,False
acacia senegal gum arabic gum,3078,1,ANY,0,False
borago borage officinalis seed oil,3079,1,ANY,0,False
santalum album sandalwood wood oil,3080,1,ANY,0,False
carapa guaianensis andiroba seed oil,3081,1,ANY,0,False
bulnesia sarmientoi palo santo wood oil,3082,1,ANY,0,False
arnica montana arnica flower,3083,1,ANY,0,False
pogostemon cablin patchouli leaf extract,3084,1,ANY,0,False
vanilla planifolia vanilla bean extract,3085,1,ANY,0,False
glyceryl dioleate,3086,1,ANY,0,False
ethyl hexanediol,3088,1,ANY,0,False
nicotiana benthamiana hexapeptide-40 shpolypeptide-76,3089,1,ANY,0,False
simmondsia chinensis seed oil,3091,1,ANY,0,False
echinacea purpurea root extract,3092,1,ANY,0,False
propolis extract,3093,1,ANY,0,False
royal jelly extract,3094,1,ANY,0,False
amaranthus caudatus seed oil,3095,1,ANY,0,False
moringa oleifera leaf water,3096,1,ANY,0,False
bis-diglyceryl polyacyladipate-1,3097,1,ANY,0,False
sodium benzoate natural flavor arome naturel,3098,1,ANY,0,False
vaccinium corymbosum blueberry seed oil,3099,1,ANY,0,False
chamomilla recutita matricaria flower water,3100,1,ANY,0,False
alpha-arbutin,3101,1,ANY,0,False
citrus aurantium amara bitter orange fruit extract,3102,1,ANY,0,True
citrus reticulata tangerine fruit extract,3103,1,ANY,0,True
citrus aurantium sinensis peel extract,3104,1,ANY,0,True
eucalyptus globulus leaf water,3106,1,ANY,0,False
chlorella ferment,3107,1,ANY,0,False
polyglyceryl-6 dicaprate,3108,1,ANY,0,False
potassium olivate,3109,1,ANY,0,False
tridecapeptide-1,3110,1,ANY,0,False
hydroxysteariclinoleniclinoleic polyglycerides,3111,1,ANY,0,False
aroma flavor,3112,1,ANY,0,False
sodium lauroyl isethionate,3113,1,ANY,0,False
quillaja saponaria wood extract,3114,1,ANY,0,False
citronellal,3115,1,ANY,0,False
citrus aurantifolia lime fruit extract,3116,1,ANY,0,True
hexenyl acetate,3117,1,ANY,0,False
capric acid,3118,1,ANY,0,False
saponaria officinalis leafroot extract,3119,1,ANY,0,False
pongamia glabra seed oil,3120,1,ANY,0,False
honey grail contains a highly purified version of coconut oil that reduces the risk for comedogenicity through a process called fractionation,3121,1,ANY,0,False
the coconut oil becomes completely liquid vs solid at room temperature the result is a light non-greasy texture,3122,1,ANY,0,False
enhanced slip,3123,1,ANY,0,False
and absorption vs a standard,3124,1,ANY,0,False
unrefined coconut oil,3125,1,ANY,0,False
zinc oxide 1823,3126,2,AM,0,False
physalis alkekengi calyx extract,3127,1,ANY,0,False
polyglyceryl-3 lactatelaurate,3128,1,ANY,0,False
arachidyl,3129,1,ANY,0,False
glucoside sodium benzoate,3130,1,ANY,0,False
gluconolactone 1,3131,1,ANY,0,False
2-hexanediol ocimum basilicum basil flowerleaf extract,3132,1,ANY,0,False
calcium,3133,1,ANY,0,False
gluconate,3134,1,ANY,0,False
natural flavor arome naturel,3136,1,ANY,0,False
melia azadirachta extract,3137,1,ANY,0,False
citrullus lanatus watermelon seed extract,3138,1,ANY,0,False
adansonia digitata pulp extract,3139,1,ANY,0,False
prunus avium sweet cherry seed oil,3140,1,ANY,0,False
malpighia glabra acerola fruit extract,3141,1,ANY,0,False
prunus serotina wild cherry fruit extract,3142,1,ANY,0,False
raphanus sativus radish root extract,3143,1,ANY,0,False
cereus grandiflorus cactus flower extract,3145,1,ANY,0,False
hovenia dulcis fruit extract,3146,1,ANY,0,False
malpighia punicifolia acerola fruit extract,3147,1,ANY,0,False
chaenomeles sinensis fruit extract,3148,1,ANY,0,False
sodium benzotriazolyl butylphenol sulfonate,3149,1,ANY,0,False
rheum palmatum root extract,3150,1,ANY,0,False
dicalcium phosphate,3151,1,ANY,0,False
potassium palm kernelate,3152,1,ANY,0,False
palm kernel acid,3153,1,ANY,0,False
potassium palmate,3154,1,ANY,0,False
theobroma cacao cocoa seed powder,3155,1,ANY,0,False
plantago major leaf extract,3156,1,ANY,0,False
psidium guajava leaf extract,3157,1,ANY,0,False
palm acid,3158,1,ANY,0,False
potassium carbonate,3159,1,ANY,0,False
manganese pca,3160,1,ANY,0,False
sodium formate,3161,1,ANY,0,False
homosalate 9,3162,2,AM,0,False
octisalate 45,3163,2,AM,0,False
ammonium acryloyldimethyltauratebeheneth-25 methacrylate crosspolymer,3164,1,ANY,0,False
aspalathus linearis leaf extract,3165,1,ANY,0,False
adansonia digitata fruit extract,3166,1,ANY,0,False
dipentaerythrityl hexa c5-9 acid esters,3167,1,ANY,0,False
sambucus nigra seed oil,3168,1,ANY,0,False
cucumis sativus cucumber seed oil,3169,1,ANY,0,False
carthamus tinctorius oleosomes,3170,1,ANY,0,False
dl-alpha tocopheryl acetate,3171,1,ANY,0,False
d-alpha tocopherol,3172,1,ANY,0,False
colloidal oatmeal 050,3173,1,ANY,0,False
chrysanthemum parthenium feverfew extract,3174,1,ANY,0,False
citrus nobilis mandarin orange fruit extract,3177,1,ANY,0,True
prunus armeniaca apricot fruit extract,3182,1,ANY,0,False
saccharomyceszinc ferment,3183,1,ANY,0,False
saccharomycessilicon ferment,3184,1,ANY,0,False
saccharomycesmagnesium ferment,3185,1,ANY,0,False
saccharomycesiron ferment,3186,1,ANY,0,False
saccharomycescopper ferment,3187,1,ANY,0,False
alteromonas ferment filtrate,3189,1,ANY,0,False
sal marin,3190,1,ANY,0,False
cetyl diglyceryl tristrimethylsiloxysilylethyl dimethicone,3193,1,ANY,0,False
laureth-8,3194,1,ANY,0,False
ci 77491 iron oxide,3195,1,ANY,0,False
soluble collagen,3196,1,ANY,0,False
pentapeptide-34 trifluoroacetate,3197,1,ANY,0,False
miel,3198,1,ANY,0,False
saccharomyceshoney ferment filtrate,3199,1,ANY,0,False
ribes nigrum black currant seed extract,3202,1,ANY,0,False
eau de mer,3203,1,ANY,0,False
gigartina stellatakappaphycus alvarezii extract,3205,1,ANY,0,False
hydrogenated polycyclopentadiene,3206,1,ANY,0,False
acrylates crosspolymer,3210,1,ANY,0,False
glyceryl,3211,1,ANY,0,False
stearate citrate,3212,1,ANY,0,False
avena sativa oat kernel,3213,1,ANY,0,False
undecylenoyl phenylalanine,3214,1,ANY,0,False
acrylatesvinyl isodecanoate crosspolymer,3215,1,ANY,0,False
pvmma copolymer,3216,1,ANY,0,False
hydrogenated polyc6-12 olefin,3217,1,ANY,0,False
steareth-30,3220,1,ANY,0,False
atelocollagen,3221,1,ANY,0,False
hydrolyzed corn protein,3222,1,ANY,0,False
coco glucoside,3224,1,ANY,0,False
phyllanthus emblica indian gooseberry fruit extract,3225,1,ANY,0,False
eucalyptus globulus,3226,1,ANY,0,False
butlyene glycol,3227,1,ANY,0,False
salix nigra willow bark extract,3228,1,ANY,0,False
rosmarinus officinalis rosemary leaf essential oil,3230,1,ANY,0,False
d-limonene,3231,1,ANY,0,True
bis-stearyl dimethicone,3232,1,ANY,0,False
iron oxide c177491,3233,1,ANY,0,False
colloidal oatmeal 05 percent,3234,1,ANY,0,False
colloidal oatmeal 05,3236,1,ANY,0,False
fractionated coconut oil,3238,1,ANY,0,False
cannabis sativa extract,3239,1,ANY,0,False
cocoa butter,3240,1,ANY,0,False
cannabis sativa terpenes,3241,1,ANY,0,False
cardamon essential oil,3242,1,ANY,0,False
cinnamon essential oil,3243,1,ANY,0,False
cannabis hydrosol,3244,1,ANY,0,False
lavender hydrosol,3245,1,ANY,0,False
cucumber hydrosol,3246,1,ANY,0,False
german chamomile hydrosol,3247,1,ANY,0,False
pegppg-147 dimethyl ether,3248,1,ANY,0,False
gelatin,3250,1,ANY,0,False
crataegus oxyacantha fruit extract,3251,1,ANY,0,False
gelidium cartilagineum extract,3252,1,ANY,0,False
decyl cocoate,3253,1,ANY,0,False
capryliccapric glycerides,3254,1,ANY,0,False
brassica oleracea italica broccoli sprout extract,3255,1,ANY,0,False
pearl extract,3256,1,ANY,0,False
hydrogenated palm oil,3257,1,ANY,0,False
hydrogenated coco glycerides,3258,1,ANY,0,False
opuntia ficus-indica prickly pear seed oil,3259,1,ANY,0,False
ascophyllum nodosum kelp extract,3260,1,ANY,0,False
fragranceflavor,3261,1,ANY,0,False
hydrogenated olive oil decyl esters,3262,1,ANY,0,False
cera carnauba copernicia cerifera carnauba wax,3263,1,ANY,0,False
ethyl vanillin,3265,1,ANY,0,False
rosa centifolia flower,3266,1,ANY,0,False
c10-30 cholesterollanosterol esters,3267,1,ANY,0,False
cera microcristallina microcrystalline wax,3268,1,ANY,0,False
glyceryl behenateeicosadio-,3269,1,ANY,0,False
ate,3270,1,ANY,0,False
butyleneethylenestyrene copoly-,3271,1,ANY,0,False
mer,3272,1,ANY,0,False
vitis vinifera,3273,1,ANY,0,False
grape seed oil,3274,1,ANY,0,False
mel extract honey extract,3275,1,ANY,0,False
ammonium gly-,3276,1,ANY,0,False
cyrrhizate,3277,1,ANY,0,False
ci 77492 iron,3278,1,ANY,0,False
oxides,3279,1,ANY,0,False
trimethylolpropane triisostearate,3280,1,ANY,0,False
butylene glycol cocoate,3281,1,ANY,0,False
angelica keiskei extract,3282,1,ANY,0,False
nelumbo nucifera extract,3283,1,ANY,0,False
prunus persica peach leaf extract,3284,1,ANY,0,False
alpinia speciosa leaf extract,3285,1,ANY,0,False
rosa multiflora fruit extract,3286,1,ANY,0,False
ribes nigrum black currant fruit extract,3287,1,ANY,0,False
fragaria ananassa strawberry fruit juice,3288,1,ANY,0,False
sapindus mukorossi peel extract,3289,1,ANY,0,False
oryza sativa rice bran wax,3290,1,ANY,0,False
passi ora edulis seed oil,3291,1,ANY,0,False
prunus cerasus bitter cherry flower extract,3292,1,ANY,0,False
averrhoa carambola leaf extract,3294,1,ANY,0,False
pheno xyethano,3295,1,ANY,0,False
rice ferment filtrate sake,3296,1,ANY,0,False
filtrate,3297,1,ANY,0,False
vitis vinif-,3298,1,ANY,0,False
era grape seed oil,3299,1,ANY,0,False
rubus fruticosus blackberry leaf,3300,1,ANY,0,False
tocopheryl ac-,3301,1,ANY,0,False
etate,3302,1,ANY,0,False
poloxamer 407,3303,1,ANY,0,False
ci,3304,1,ANY,0,False
77891 titanium dioxide,3305,2,AM,0,False
disodium,3306,1,ANY,0,False
poloxamer 338,3307,1,ANY,0,False
ci 15850 red 7,3312,1,ANY,0,False
ci 15985 yellow 6 lake,3313,1,ANY,0,False
morinda citrifolia fruit juice,3314,1,ANY,0,False
rubus fruticosus blackberry leaf extract,3315,1,ANY,0,False
glyceryl hydroxystearate,3316,1,ANY,0,False
menthyl pca,3317,1,ANY,0,False
candelilla cera euphorbia cerifera candelilla wax,3318,1,ANY,0,False
citral - ci 19140 yellow 5 lake,3319,1,ANY,0,False
ci 42090 blue 1 lake,3320,1,ANY,0,False
lithothamnion calcareum powder,3321,1,ANY,0,False
polyacrylate,3322,1,ANY,0,False
crosspolymer-6,3323,1,ANY,0,False
cocos nucifera,3324,1,ANY,0,False
coconut shell powder,3325,1,ANY,0,False
nelumbo nucifera seed powder,3326,1,ANY,0,False
citrus limon lemon,3327,1,ANY,0,True
peel oil,3328,1,ANY,0,False
ficus carica fig fruit,3329,1,ANY,0,False
hibiscus esculentus fruit extract,3330,1,ANY,0,False
tocopheryl,3331,1,ANY,0,False
acetate,3332,1,ANY,0,False
glucoside,3333,1,ANY,0,False
polyacrylate starch,3334,1,ANY,0,False
xanthan,3335,1,ANY,0,False
gum,3336,1,ANY,0,False
mirabilis jalapa extract,3337,1,ANY,0,False
oxidized corn oil,3338,1,ANY,0,False
kigelia,3339,1,ANY,0,False
africana fruit extract,3340,1,ANY,0,False
litichi chinensis seed extract,3341,1,ANY,0,False
ceteareth-12,3342,1,ANY,0,False
steareth-25,3343,1,ANY,0,False
alpinia galanga extract,3344,1,ANY,0,False
lycium chinense fruit extract,3345,1,ANY,0,False
zingiber officinale ginger water,3346,1,ANY,0,False
cichorium intybus chicory root extract,3347,1,ANY,0,False
lonicera japonica honeysuckle leaf extract,3348,1,ANY,0,False
peg-90,3349,1,ANY,0,False
rhizobian gum,3350,1,ANY,0,False
jojoba oil peg-150 esters,3351,1,ANY,0,False
stevioside,3352,1,ANY,0,False
passiflora incarnata seed oil,3353,1,ANY,0,False
peg-6 isostearate,3354,1,ANY,0,False
hesperetin laurate,3355,1,ANY,0,False
artemisia capillaris flower extract,3356,1,ANY,0,False
propolis cera propolis wax,3357,1,ANY,0,False
cire de propolis,3358,1,ANY,0,False
distilled water,3359,1,ANY,0,False
polyethylene glycol,3360,1,ANY,0,False
hydrogen peroxide,3361,1,ANY,0,False
potassium nitrate,3362,1,ANY,0,False
edetate disodium,3363,1,ANY,0,False
sodium fluoride,3364,1,ANY,0,False
myrica cerifera bayberry wax,3365,1,ANY,0,False
butyrospermum parkii shea nut butter,3366,1,ANY,0,False
medium chain triglyceride,3367,1,ANY,0,False
monoammonium glycyrrhizinate,3368,1,ANY,0,False
natural flavor,3369,1,ANY,0,False
ethyl alcohol,3370,1,ANY,0,False
hydrogen peroxide 6,3371,1,ANY,0,False
beeswax cire dabeille,3372,1,ANY,0,False
mentha piperita peppermint leaf,3373,1,ANY,0,False
silicone dioxide,3374,1,ANY,0,False
polyvinylpyrrolidone,3375,1,ANY,0,False
wintergreen oil,3376,1,ANY,0,False
natural cinnamon flavor,3377,1,ANY,0,False
sodium tripolyphosphate,3378,1,ANY,0,False
eucalyptus extract,3379,1,ANY,0,False
thyme extract,3380,1,ANY,0,False
olive oil polyglyceryl-6 esters,3381,1,ANY,0,False
polyglyceryl-6 pentaoleate,3382,1,ANY,0,False
phytosterylbehenyloctyldodecyl lauroyl glutamate,3383,1,ANY,0,False
lactobacillus ferment lysate filtrate,3384,1,ANY,0,False
glycereth-7 trimethyl ether,3385,1,ANY,0,False
acetic acid,3386,1,ANY,0,False
salicylic acid 05,3387,3,ANY,3,False
buddleja officinalis flower extract,3388,1,ANY,0,False
lonicera caprifolium honeysuckle extract,3389,1,ANY,0,False
pseudozyma epicolacamellia japonica seed oil ferment extract filtrate,3390,1,ANY,0,False
bis-ethylhexyl hydroxydimethoxy benzylmalonate,3391,1,ANY,0,False
dibutyl lauroyl glutamide,3392,1,ANY,0,False
dibutyl ethylhexanoyl glutamide,3393,1,ANY,0,False
homosalate 6,3394,2,AM,0,False
retinyl sunflowerseedate,3395,1,ANY,0,False
sodium laurate,3396,1,ANY,0,False
opuntia ficus-indica cactus extract,3397,1,ANY,0,False
melaleuca alternifolia tea tree extract,3398,1,ANY,0,False
lactobacilluswatermelon fruit ferment extract,3399,1,ANY,0,False
citrullus lanatus fruit extract,3400,1,ANY,0,False
citrullus lanatus watermelon fruit,3401,1,ANY,0,False
glutamic acid derived from fermented grains,3402,1,ANY,0,False
cetearyl olivate derived from olive,3403,1,ANY,0,False
sorbitan olivate derived from olive,3404,1,ANY,0,False
apricot kernel amino acid,3405,1,ANY,0,False
alkanna tinctoria root extract,3406,1,ANY,0,False
jasminum grandiflorum jasmine flower wax,3407,1,ANY,0,False
ipomoea batatas sweet potato root extract,3408,1,ANY,0,False
pleiogynium timorense fruit extract,3409,1,ANY,0,False
podocarpus elatus fruit extract,3410,1,ANY,0,False
acacia seyal gum extract,3411,1,ANY,0,False
sr-spider polypeptide-1,3412,1,ANY,0,False
pantothenic acid,3413,1,ANY,0,False
raphanus sativus root extract,3414,1,ANY,0,False
coffea arabica coffee fruit extract,3415,1,ANY,0,False
pei-10,3416,1,ANY,0,False
fructan,3417,1,ANY,0,False
ci 75300,3418,1,ANY,0,False
carthamus tinctorius safflower seed extract,3419,1,ANY,0,False
ppg-3 benzyl ether myristate,3420,1,ANY,0,False
sodium hydroxypropylsulfonate laurylglucoside crosspolymer,3421,1,ANY,0,False
terminalia ferdinandiana seed oil,3422,1,ANY,0,False
davidsonia jerseyana fruit extract,3423,1,ANY,0,False
terminalia ferdinandiana fruit powder,3424,1,ANY,0,False
pleiogynium timoriense fruit extract,3425,1,ANY,0,False
epilobium fleischeri alpine willowherb flowerleafstem extract,3426,1,ANY,0,False
hydroxypropylcellulose,3427,1,ANY,0,False
carica papaya papaya seed oil,3428,1,ANY,0,False
fragaria ananassa strawberry fruit extract,3429,1,ANY,0,False
potassium palmitoyl hydrolyzed wheat protein,3430,1,ANY,0,False
chlorophyllin-copper complex ci 75810,3431,1,ANY,0,False
homosalate 85,3432,2,AM,0,False
octocrylene 85,3433,2,AM,0,False
zinc oxide 121,3434,2,AM,0,False
diethylhexyl syringylidenemalonate,3435,1,ANY,0,False
palm kernelcoco glucoside,3436,1,ANY,0,False
caulerpa lentillifera seaweed extract,3437,1,ANY,0,False
vaccinium angustifolium blueberry fruit,3438,1,ANY,0,False
physalis peruviana groundcherry fruit extract,3439,1,ANY,0,False
morus nigra mulberry fruit extract,3440,1,ANY,0,False
vaccinium myrtillus bilberry fruit extract,3441,1,ANY,0,False
scutellaria baicalensis skullcap root extract,3442,1,ANY,0,False
macadamia seed oil polyglyceryl-6 esters behenate,3444,1,ANY,0,False
coconut flower sugar,3445,1,ANY,0,False
opuntia ficus-indica prickly pear flower extract,3446,1,ANY,0,False
glucosamine,3447,1,ANY,0,False
fragranceparfum 100 naturally derived,3448,1,ANY,0,False
oryza sativa rice germ oil,3449,1,ANY,0,False
oryza sativa rice germ extract,3450,1,ANY,0,False
lithospermum erythrorhizon root extract,3451,1,ANY,0,False
natto gum,3452,1,ANY,0,False
apple cider vinegar,3453,1,ANY,0,False
sea watermaris aquaeau de mer,3454,1,ANY,0,False
vaccinium corymbosum blueberry seed,3455,1,ANY,0,False
psidium guajava seed oil,3456,1,ANY,0,False
batyl alcohol,3457,1,ANY,0,False
polyglyceryl-10 dipalmitate,3458,1,ANY,0,False
prunus armeniaca apricot kernel extract,3459,1,ANY,0,False
pyrus communis pear fruit extract,3460,1,ANY,0,False
hexanoyl dipeptide-3 norleucine acetate,3461,1,ANY,0,False
leuconostoc ferment filtrate,3462,1,ANY,0,False
myristamidopropyl betaine,3463,1,ANY,0,False
caprylyl glyceryl ether,3464,1,ANY,0,False
distarch phosphate,3465,1,ANY,0,False
jasminum officinale flowerleaf extract,3466,1,ANY,0,False
cucumis melo fruit extract,3467,1,ANY,0,False
azelamidopropyl dimethyl amine,3468,1,ANY,0,False
garnet powder,3469,1,ANY,0,False
zizyphus jujuba seed extract,3470,1,ANY,0,False
citrus nobilis mandarin orange oil,3471,1,ANY,0,True
lavendula hybrida oil,3472,1,ANY,0,False
levan,3473,1,ANY,0,False
spondias mombin pulp extract,3474,1,ANY,0,False
mangifera indica mango pulp extract,3475,1,ANY,0,False
musa sapientum banana pulp extract,3476,1,ANY,0,False
lavendula angustifolia lavender oil,3477,1,ANY,0,False
piperonyl glucose,3478,1,ANY,0,False
vitamin c,3479,4,AM,3,False
grape vitis vinifera seed extract,3480,1,ANY,0,False
coq10,3481,1,ANY,0,False
lutein,3482,1,ANY,0,False
zeaxanthin,3483,1,ANY,0,False
isomalto-oligosaccharides,3484,1,ANY,0,False
rebaudioside a,3485,1,ANY,0,False
anadenanthera colubrina bark extract,3486,1,ANY,0,False
vegetable oil olus oil,3487,1,ANY,0,False
schisandra chinensis fruit extract,3488,1,ANY,0,False
glycosphingolipids,3489,1,ANY,0,False
gossypium herbaceum seed oil,3490,1,ANY,0,False
polyglyceryl-3 diisosterate,3491,1,ANY,0,False
astrocaryum murumuru palm seed butter,3492,1,ANY,0,False
polygonum aviculare knotweed extract,3493,1,ANY,0,False
microcitrus australascica fruit extract,3494,1,ANY,0,True
rosmarinus officinalis rosemary leaf,3496,1,ANY,0,False
capryloyl glycerin sebacic acid copolymer,3497,1,ANY,0,False
citrus aurantium amara bitter orange peel powder,3498,1,ANY,0,True
rubus chamaemorus fruit extract,3499,1,ANY,0,False
piperonyl glucoside,3501,1,ANY,0,False
caryodendron orinocense seed oil,3502,1,ANY,0,False
oenocarpus bataua fruit oil,3503,1,ANY,0,False
citrus aurantium amara bitter orange leaftwig oil,3504,1,ANY,0,True
bidens pilosa black-jack extract,3505,1,ANY,0,False
adansonia digitata baobab pulp extract,3506,1,ANY,0,False
astrocaryum murumuru murumuru seed butter,3507,1,ANY,0,False
theobroma grandiflorum cupuacu seed butter,3508,1,ANY,0,False
morus alba white mulberry leaf extract,3509,1,ANY,0,False
citrus reticulata peel extract,3510,1,ANY,0,True
emblica officinalis indian gooseberry fruit extract,3511,1,ANY,0,False
rosa moschata oil,3512,1,ANY,0,False
simmondsia chinensis seed extract,3513,1,ANY,0,False
juniperus mexicana cedarwood oil,3514,1,ANY,0,False
juniperus communis juniper fruit oil,3515,1,ANY,0,False
schinus terebinthifolia fruit extract,3516,1,ANY,0,False
allyl caproate,3517,1,ANY,0,False
melatonin,3518,1,ANY,0,False
l-tryptophan,3519,1,ANY,0,False
vitamin b6,3520,1,ANY,0,False
organic tapioca syrup,3521,1,ANY,0,False
organic coconut sugar,3522,1,ANY,0,False
palm fruit oil,3523,1,ANY,0,False
cocoa powder processed with alkali,3524,1,ANY,0,False
sunflower lecithin,3525,1,ANY,0,False
monk fruit extract contains tree nuts coconut,3526,1,ANY,0,False
capryloylcaproyl methyl glucamide,3527,1,ANY,0,False
lauroylmyristoyl methyl glucamide,3528,1,ANY,0,False
citrus aurantium dulcis sweet orange peel oil,3529,1,ANY,0,True
dimethyl heptenal,3530,1,ANY,0,False
rosmarinus officinalis rosemary flowerleafstem water,3531,1,ANY,0,False
pelargonium graveolens flowerleafstem water,3532,1,ANY,0,False
citrus limon fruit water,3533,1,ANY,0,True
heptapeptide-7,3534,1,ANY,0,False
bellis perennis daisy flower extract,3535,1,ANY,0,False
helichrysum italicum immortelle extract,3536,1,ANY,0,False
hydroxyectoin,3537,1,ANY,0,False
and sodium benzoate,3538,1,ANY,0,False
rosa centifolia flower water,3539,1,ANY,0,False
rosa hybrid flower extract,3540,1,ANY,0,False
royal jelly,3541,1,ANY,0,False
hydrolyzed soy flour,3542,1,ANY,0,False
tocopheryl linoleate,3543,1,ANY,0,False
skeletonema costatum extract,3544,1,ANY,0,False
irvingia gabonensis kernel butter,3545,1,ANY,0,False
homosalate 98,3546,2,AM,0,False
octisalate 49,3547,2,AM,0,False
octocrylene 95,3548,2,AM,0,False
diisooctyl succinate,3549,1,ANY,0,False
ethyl ferulat,3550,1,ANY,0,False
citrus paradisi grapefruit fruit extract,3551,1,ANY,0,True
diisooctyl succinat,3552,1,ANY,0,False
prunus amygdalus,3553,1,ANY,0,False
amara bitter almond kernel oil,3554,1,ANY,0,False
avobenzone 29 homosalate 98 octisalate 49 octocrylene 95,3555,2,AM,0,False
europaea olive fruit oil,3556,1,ANY,0,False
opuntia ficus-indica stem water,3557,1,ANY,0,False
coriolus versicolor mushroom extract,3558,1,ANY,0,False
ganoderma lucidum mushroom extract,3559,1,ANY,0,False
carica papaya papaya leaf extract,3560,1,ANY,0,False
jasminum sambac floral extract,3561,1,ANY,0,False
cannabis hemp sativa seed oil,3562,1,ANY,0,False
capryliccapric triglyceride mctfractionated coconut oil,3563,1,ANY,0,False
withania somnifera ashwagandha root extract,3564,1,ANY,0,False
lentinus edodes shiitake extract,3565,1,ANY,0,False
borago officinalis,3566,1,ANY,0,False
cannabidiol cbd,3567,1,ANY,0,False
tocopheryl acetate vitamin e,3568,1,ANY,0,False
cannabis sativa cannabis hemp seed extract,3569,1,ANY,0,False
amino esters-1 ex mimosa tenuiflora,3570,1,ANY,0,False
corallina ocinalis extract,3571,1,ANY,0,False
withania somnifera root extract,3572,1,ANY,0,False
lentinus edodes extract,3573,1,ANY,0,False
rosa canina seed extract,3574,1,ANY,0,False
elaeis guineesis palm kernel oil,3575,1,ANY,0,False
hamamelis virginiana witch hazel flower water,3576,1,ANY,0,False
jasminum grandiflorum floral extract,3579,1,ANY,0,False
wateraquaeau aqua,3580,1,ANY,0,False
helianthus annuus sunflower oil,3581,1,ANY,0,False
octyl palmitate,3582,1,ANY,0,False
rhodiola rosea extract,3583,1,ANY,0,False
ocimum tenuiflorum holy basil extract,3584,1,ANY,0,False
withania somnifera ashwagandha extract,3585,1,ANY,0,False
ganoderma lucidum reishi mushroom extract,3586,1,ANY,0,False
squalane olive,3587,1,ANY,0,False
pentapeptide-59,3588,1,ANY,0,False
mixed tocopherols,3589,1,ANY,0,False
borago officinalis borage oil,3590,1,ANY,0,False
caramel color,3591,1,ANY,0,False
terminalia chebula fruit extract,3592,1,ANY,0,False
ananas sativus pineapple fruit juice,3593,1,ANY,0,False
capric triglycerides fractionated coconut oil,3594,1,ANY,0,False
cymbidium grandiflorum orchid flower extract,3595,1,ANY,0,False
amaranthus squalane oil,3596,1,ANY,0,False
jasminum sambac jasmine extract,3597,1,ANY,0,False
rosa damascena rose flower water,3598,1,ANY,0,False
hibiscus sabdariffa hibiscus flower extract,3599,1,ANY,0,False
cellulose gum gluconolactone,3600,1,ANY,0,False
eclipta prostrata false daisy extract,3601,1,ANY,0,False
melia azadirachta neem leaf extract,3602,1,ANY,0,False
moringa oleifera moringa seed oil,3603,1,ANY,0,False
hydrolyzed ganoderma lucidum mushroom extract,3604,1,ANY,0,False
ocimum,3605,1,ANY,0,False
sanctum leaf extract,3606,1,ANY,0,False
garcinia cambogia fruit extract,3607,1,ANY,0,False
wasabia japonica root extract,3608,1,ANY,0,False
laurus nobilis leaf extract,3609,1,ANY,0,False
diospyros kaki leaf extract,3610,1,ANY,0,False
sophora japonica fruit extract,3611,1,ANY,0,False
artemisia princeps extract,3612,1,ANY,0,False
polyglyceryl-6 dioleate,3613,1,ANY,0,False
polyglyceryl-4 laurate,3614,1,ANY,0,False
silica dimethyl silicate,3616,1,ANY,0,False
hydrolyzed eragrostis tef seed extract,3617,1,ANY,0,False
anigozanthos flavidus flowerleaf extract,3618,1,ANY,0,False
punica granatum fruit extract,3619,1,ANY,0,False
ginkgo biloba nut extract,3620,1,ANY,0,False
caprylylcapryl glucoside sclerotium gum,3621,1,ANY,0,False
musa sapientum banana fruit extract citrus aurantium amara bitter orange leaftwig extract,3622,1,ANY,0,True
cocos nucifera coconut fruit powder,3623,1,ANY,0,False
hordeum vulgare leaf juice,3624,1,ANY,0,False
lavandula angustifolia lavender flowerleafstem water,3625,1,ANY,0,False
musa sapientum flower extract,3626,1,ANY,0,False
banksia serrata flower extract,3627,1,ANY,0,False
grevillea speciosa flower extract,3628,1,ANY,0,False
arnica montana arnica extract,3629,1,ANY,0,False
borago officinalis borage leaf extract,3630,1,ANY,0,False
spiraea ulmaria meadowsweet extract,3631,1,ANY,0,False
beet root extract,3632,1,ANY,0,False
myrica cerifera fruit wax,3633,1,ANY,0,False
olea europaea olive oil,3634,1,ANY,0,False
octyldodecanol glyceryl caprylate,3635,1,ANY,0,False
hylocereus undatus fruit extract,3636,1,ANY,0,False
basilicum basil flowerleaf extract,3637,1,ANY,0,False
opuntia ficus-indica seed oil,3638,1,ANY,0,False
rubus fruticosus blackberry fruit extract,3639,1,ANY,0,False
vaccinium myrtillus bilberry extract,3640,1,ANY,0,False
lauryl,3641,1,ANY,0,False
isopropyl myristate,3642,1,ANY,0,False
dilauryl thiodipropionate,3643,1,ANY,0,False
glyceryl dibehenate,3644,1,ANY,0,False
phoenix dactylifera date seed extract,3645,1,ANY,0,False
phosphatidylglycerol,3646,1,ANY,0,False
agastache mexicana flowerleafstem extract,3647,1,ANY,0,False
homosalate 99,3648,2,AM,0,False
octisalate 30,3649,2,AM,0,False
glyceryl cocoate,3650,1,ANY,0,False
polyglyceryl-10 monodioleate,3651,1,ANY,0,False
polyglyceryl-3 oleate,3652,1,ANY,0,False
dipentaerythrityl hexahydroxystearate hexastearate hexarosinate,3653,1,ANY,0,False
hydrogenated rapeseed alcohol,3654,1,ANY,0,False
angelica polymorpha sinensis root extract,3655,1,ANY,0,False
glycine soja sterols,3656,1,ANY,0,False
behenyl behenate,3657,1,ANY,0,False
zinc,3658,1,ANY,0,False
selenium,3659,1,ANY,0,False
copper,3660,1,ANY,0,False
manganese,3661,1,ANY,0,False
chlorella,3662,1,ANY,0,False
spirulina,3663,1,ANY,0,False
msm,3664,1,ANY,0,False
beet root powder,3665,1,ANY,0,False
red clover extract,3666,1,ANY,0,False
dandelion leaf,3667,1,ANY,0,False
oregon grape root,3668,1,ANY,0,False
milk thistle extract,3669,1,ANY,0,False
matcha green tea,3670,1,ANY,0,False
alpha lipoic acid,3671,1,ANY,0,False
cranberry pacs,3672,1,ANY,0,False
lactobacillus acidophilus,3673,1,ANY,0,False
lactobacillus rhamnosus,3674,1,ANY,0,False
lactobaciilus reuteri,3675,1,ANY,0,False
microcrystalline celluose,3676,1,ANY,0,False
bamboo extract bambusa vulgarisshoots,3677,1,ANY,0,False
vitamin c ascorbic acid,3678,4,AM,3,False
potassium bicarbonate,3679,1,ANY,0,False
hydrolyzed marine collagen,3680,1,ANY,0,False
sunflower oil,3681,1,ANY,0,False
stevia,3682,1,ANY,0,False
beet powder,3683,1,ANY,0,False
monk fruit,3684,1,ANY,0,False
acacia,3685,1,ANY,0,False
evaporated cane juice,3686,1,ANY,0,False
tapioca syrup,3687,1,ANY,0,False
vegetable glycerin,3688,1,ANY,0,False
pectin,3689,1,ANY,0,False
natural orange flavor,3690,1,ANY,0,False
natural annatto color,3691,1,ANY,0,False
vegetable oil,3692,1,ANY,0,False
carnauba wax,3693,1,ANY,0,False
cane sugar,3694,1,ANY,0,False
medium chain triglycerides mct,3695,1,ANY,0,False
sodium malate,3696,1,ANY,0,False
organic tapioca starch,3697,1,ANY,0,False
vegetable juice color,3698,1,ANY,0,False
collagen peptide hydro-matrix blend includes types i and iii collagen,3699,1,ANY,0,False
skin repair and protection blend chondroitin sulfate,3700,1,ANY,0,False
red wine extract,3701,1,ANY,0,False
grape seed extract,3702,1,ANY,0,False
gelatin capsule,3703,1,ANY,0,False
magnesium stearate vegetable source,3704,1,ANY,0,False
forskolin,3705,1,ANY,0,False
seaweed extract,3706,1,ANY,0,False
chromium,3707,1,ANY,0,False
l-theanine,3708,1,ANY,0,False
rice flour,3709,1,ANY,0,False
pea protein,3710,1,ANY,0,False
hemp seed protein,3711,1,ANY,0,False
pumpkin seed protein,3712,1,ANY,0,False
flax seed powder,3713,1,ANY,0,False
amylase,3714,1,ANY,0,False
protease,3715,1,ANY,0,False
lactase,3716,1,ANY,0,False
cellulase,3717,1,ANY,0,False
l acidophilus,3718,1,ANY,0,False
guar gum,3719,1,ANY,0,False
monk fruit extract,3720,1,ANY,0,False
lactobacillus plantarum dr7,3721,1,ANY,0,False
err731,3722,1,ANY,0,False
vegetarian capsule hypromellose,3723,1,ANY,0,False
chasteberry tree extract,3724,1,ANY,0,False
dong quai,3725,1,ANY,0,False
vitamin a,3726,1,ANY,0,False
vitamin d3,3727,1,ANY,0,False
vitamin k,3728,1,ANY,0,False
vitamin,3729,1,ANY,0,False
k1,3730,1,ANY,0,False
vitamin k2,3731,1,ANY,0,False
vitamin b1,3732,1,ANY,0,False
vitamin b-2,3733,1,ANY,0,False
vitamin b3,3734,1,ANY,0,False
vitamin b12,3736,1,ANY,0,False
folate,3737,1,ANY,0,False
iron,3738,1,ANY,0,False
iodine,3739,1,ANY,0,False
magnesium,3740,1,ANY,0,False
molybdenum,3741,1,ANY,0,False
choline,3742,1,ANY,0,False
baron,3743,1,ANY,0,False
algal oil,3744,1,ANY,0,False
docosahexaenoic acid dha,3745,1,ANY,0,False
omega 3 fish oil with epa and dha,3746,1,ANY,0,False
vitamin b5,3747,1,ANY,0,False
l-tyrosine,3748,1,ANY,0,False
rhodiola,3749,1,ANY,0,False
eleuthero,3750,1,ANY,0,False
ashwagandha,3751,1,ANY,0,False
ginger,3752,1,ANY,0,False
licorice,3753,1,ANY,0,False
astragalus,3754,1,ANY,0,False
gotu kola,3755,1,ANY,0,False
schizandra,3756,1,ANY,0,False
dandelion root,3757,1,ANY,0,False
artichoke leaf,3758,1,ANY,0,False
cellulose powder,3759,1,ANY,0,False
olive oil,3760,1,ANY,0,False
tapioca,3761,1,ANY,0,False
skin-nurturing complex proprietary blend polypodium leucotomos extract,3762,1,ANY,0,False
ala,3763,1,ANY,0,False
green tea extract,3764,1,ANY,0,False
turmeric,3765,1,ANY,0,False
vegetarian capsule,3766,1,ANY,0,False
lingonberry seed oil containing omega-3 alpha linolenic acid,3767,1,ANY,0,False
omega-6 linoleic acid,3768,1,ANY,0,False
omega-9 oleic acid,3769,1,ANY,0,False
vitamin e from gamma-tocotrienol,3770,1,ANY,0,False
vitamin a from beta carotene,3771,1,ANY,0,False
modified non-gmo maize starch,3772,1,ANY,0,False
glycerol,3773,1,ANY,0,False
carrageenan from red algae,3774,1,ANY,0,False
rosemary extract,3775,1,ANY,0,False
3-0-ethyl ascorbic acid vitamin c,3776,4,AM,3,False
kojic acid,3777,1,ANY,0,False
ocimum basilicum basil flower leaf extract,3778,1,ANY,0,False
arbutin,3779,1,ANY,0,False
chamomilla,3780,1,ANY,0,False
hippophae rhamnoides sea buckthorn oil,3782,1,ANY,0,False
lactobacillus papaya fruit ferment extract,3783,1,ANY,0,False
peg-20 glyceryl laurate,3784,1,ANY,0,False
cl 77891 titanium dioxide,3785,2,AM,0,False
cl 77491 iron oxides,3786,1,ANY,0,False
candelillajojobarice bran polyglyceryl-3 esters,3787,1,ANY,0,False
jojoba oilmacadamia seed oil esters,3788,1,ANY,0,False
chondrus crispus seaweed extract,3790,1,ANY,0,False
nephrite powder,3791,1,ANY,0,False
tourmaline,3792,1,ANY,0,False
sapphire powder,3793,1,ANY,0,False
silver,3794,1,ANY,0,False
ci 77000 aluminum,3795,1,ANY,0,False
polyethylene terephthalate,3796,1,ANY,0,False
methylpropanediol chondrus crispus extract,3797,1,ANY,0,False
sodium hyaluronate crosspolymer hydrolyzed glycosaminoglycans,3798,1,ANY,0,False
cellulos gum,3799,1,ANY,0,False
peg-60 hydrogenated castor oil nacinamide,3800,1,ANY,0,False
2 hexanediol parfum fragrance,3801,1,ANY,0,False
c,3802,1,ANY,0,False
42090 blue 1,3803,1,ANY,0,False
rosa canina rosehip seed extract,3804,1,ANY,0,False
citrus junos yuzu seed oil,3805,1,ANY,0,True
phosphatidylcholine,3806,1,ANY,0,False
docosahexaenoic acid,3807,1,ANY,0,False
eicosapentaenoic acid,3808,1,ANY,0,False
citrus junos yuzu peel,3809,1,ANY,0,True
monascus extract,3810,1,ANY,0,False
helianthus annuus sunflower seed oilhelianthus annuus seed oil,3811,1,ANY,0,False
isosorbide dicaprylate,3812,1,ANY,0,False
chenopodium quinoa seed oil,3813,1,ANY,0,False
crithmum maritimum callus culture filtrate,3815,1,ANY,0,False
punica granatum pomegranate seed extract,3816,1,ANY,0,False
salvia hispanica chia seed oil,3817,1,ANY,0,False
ocimum sanctum holy basil leaf extract,3818,1,ANY,0,False
origanum vulgare oregano oil,3819,1,ANY,0,False
thymus vulgaris thyme oil,3820,1,ANY,0,False
curcuma longa turmeric leaf extract,3821,1,ANY,0,False
pinus pinaster pine bark extract,3822,1,ANY,0,False
c18-36 acid glycol ester,3823,1,ANY,0,False
sulfur,3824,1,ANY,0,False
origanum vulgare oregano leaf oil,3825,1,ANY,0,False
cinnamomum camphora bark oil,3826,1,ANY,0,False
genipa americana extract,3827,1,ANY,0,False
n-prolyl palmitoyl tripeptide-56 acetate,3828,1,ANY,0,False
erythrorhizon root oil ferment filtrate,3829,1,ANY,0,False
punica granatum pomegranate seed oil,3830,1,ANY,0,False
malus domestica apple fruit extract,3831,1,ANY,0,False
terminalia ferdinandiana kakadu plum fruit extract,3832,1,ANY,0,False
pelargonium graveolens extract,3833,1,ANY,0,False
alpha-glucan,3834,1,ANY,0,False
vinegar,3835,1,ANY,0,False
vaccinium myrtillus bilberry fruitleaf extract,3836,1,ANY,0,False
arctium lappa burdock root extract,3837,1,ANY,0,False
mangifera indica mango fruit extract,3838,1,ANY,0,False
citrus aurantifolia lime peel extract,3839,1,ANY,0,True
citrus paradisi grapefruit peel extract,3840,1,ANY,0,True
impatiens balsamina flower extract,3841,1,ANY,0,False
glyceryl olivate,3842,1,ANY,0,False
rosa damascena damask rose extract,3843,1,ANY,0,False
rubius idaeus raspberry fruit extract,3844,1,ANY,0,False
prunus perscia peach fruit extract,3845,1,ANY,0,False
vanila planifolia fruit extract,3846,1,ANY,0,False
lauryl glucoised,3847,1,ANY,0,False
potassium azeloyl digyclinate,3849,1,ANY,0,False
cannabis sativa hemp seed oil,3850,1,ANY,0,False
camellia oleifera green tea leaf extract,3851,1,ANY,0,False
sea water extract,3852,1,ANY,0,False
spirulina maxima spirulina extract,3853,1,ANY,0,False
citrus unshiu peel extract,3856,1,ANY,0,True
opuntia coccinellifera fruit extract,3857,1,ANY,0,False
orchid extract,3858,1,ANY,0,False
camellia japonica leaf extract,3859,1,ANY,0,False
volcanic ash,3860,1,ANY,0,False
juglans regia walnut shell powder,3864,1,ANY,0,False
camellia sinensis seed oil,3866,1,ANY,0,False
camellia sinensis seed extract,3867,1,ANY,0,False
poloxamer 235,3868,1,ANY,0,False
tocophersolan,3869,1,ANY,0,False
prunus yedoensis leaf extract,3870,1,ANY,0,False
ppg-13-decyltetradeceth-24,3871,1,ANY,0,False
colloidal sulfur,3872,1,ANY,0,False
torreya nucifera seed oil,3873,1,ANY,0,False
sodium cocoyl alaninate,3874,1,ANY,0,False
lauryl hydroxysultaine,3875,1,ANY,0,False
amellia sinensis leaf extract,3877,1,ANY,0,False
acrylatesstearyl methacrylate opolymer,3878,1,ANY,0,False
acrylatesstearyl methacrylate copolymer,3879,1,ANY,0,False
utylene glycol,3880,1,ANY,0,False
peg100 stearate,3881,1,ANY,0,False
onsen-sui,3882,1,ANY,0,False
sodium metaphosphate,3883,1,ANY,0,False
tocopheryl acetate vitamin e acetate,3884,1,ANY,0,False
methoxyphenyl t-butylphenyl propanediol,3885,1,ANY,0,False
triethylene glycol,3886,1,ANY,0,False
ci 19140 fdc yellow no5,3887,1,ANY,0,False
ci 42090 fdc blue no1,3888,1,ANY,0,False
ci 16035 fdc red no40,3889,1,ANY,0,False
argania spinosa argan kernel oil,3890,1,ANY,0,False
eucalyptus globulus eucalyptus leaf oil tropaeolum majus flowerleafstem extract,3891,1,ANY,0,False
aloe barbadensis aloe vera extract,3892,1,ANY,0,False
agave tequilana,3893,1,ANY,0,False
ci 15985 fdc yellow no6,3895,1,ANY,0,False
ci 14700 fdc red no4,3896,1,ANY,0,False
lavandula angustifolia lavender herb oil,3898,1,ANY,0,False
ci 16035 red 40,3899,1,ANY,0,False
peg-40 hydrogenated caster oil,3901,1,ANY,0,False
retinyl acetate,3902,1,ANY,0,False
euphorbia cerifera candelilla cera wax,3903,1,ANY,0,False
coconut oil,3904,1,ANY,0,False
polyurethane-62,3905,1,ANY,0,False
ci 26100 red 17,3906,1,ANY,0,False
alcohol denat alcohol,3907,1,ANY,0,False
hydroxypalmitoyl sphinganine,3909,1,ANY,0,False
snail secretion filtrate,3911,1,ANY,0,False
canadian colloidal clay,3912,1,ANY,0,False
moroccan lava clay,3913,1,ANY,0,False
silk extract,3914,1,ANY,0,False
melaleuca alternifolia tea tree flowerleafstem extract,3915,1,ANY,0,False
palmitoyl tetrapeptide- 7,3916,1,ANY,0,False
titanium dioxide 74,3917,2,AM,0,False
zinc oxide 63 may contain titanium dioxide,3918,2,AM,0,False
iron oxide v2824661,3919,1,ANY,0,False
peg-20 stearate,3921,1,ANY,0,False
octyldodecanolsynthetic wax,3925,1,ANY,0,False
peg-55 propylene glycol oleate,3928,1,ANY,0,False
polyquaternium-53,3929,1,ANY,0,False
simmondsia chinensis seed oiljojoba seed oil,3930,1,ANY,0,False
hydrogenated castor oil dimer dilinoleate,3931,1,ANY,0,False
cereus grandiflorus flower extractcactus flower extract,3933,1,ANY,0,False
butyrospermum parkii buttershea butter,3934,1,ANY,0,False
hydroxypropyl tetrahydropyrantriol,3936,1,ANY,0,False
silica nanosilica,3937,1,ANY,0,False
cocos nucifera fruit juicecoconut fruit juice,3938,1,ANY,0,False
hamamelis virginiana waterwitch hazel water,3939,1,ANY,0,False
avena sativa kernel flouroat kernel flour,3940,1,ANY,0,False
glycine soja oilsoybean oil,3941,1,ANY,0,False
cocos nucifera oilcoconut oil,3942,1,ANY,0,False
citrus aurantium dulcis peel oilorange peel oil,3943,1,ANY,0,True
polyimide-1,3944,1,ANY,0,False
citrus paradisi peel oilgrapefruit peel oil,3945,1,ANY,0,True
buteth-3,3946,1,ANY,0,False
tributyl citrate,3947,1,ANY,0,False
lactobacilluscoconut fruit juice ferment filtrate,3948,1,ANY,0,False
citrus sinensis peel oil expressed,3949,1,ANY,0,True
panax ginseng callus culture extract,3950,1,ANY,0,False
rosa damascena callus culture extract,3951,1,ANY,0,False
daucus carota sativa carrot callus culture extract,3952,1,ANY,0,False
camellia sinensis callus culture extract,3953,1,ANY,0,False
asparagine,3954,1,ANY,0,False
1-methylhydantoin-2-imide,3955,1,ANY,0,False
methionine,3956,1,ANY,0,False
formic acid,3957,1,ANY,0,False
magnesium citrate,3958,1,ANY,0,False
tryptophan,3959,1,ANY,0,False
hydrolyzed elastin,3960,1,ANY,0,False
citrulline,3961,1,ANY,0,False
cysteine,3962,1,ANY,0,False
glutamine,3963,1,ANY,0,False
usnea barbata extractlichen extract,3964,1,ANY,0,False
pulsatilla koreana extract,3965,1,ANY,0,False
zanthoxylum piperitum fruit extract,3966,1,ANY,0,False
hydroxypropyl bispalmitamide mea,3967,1,ANY,0,False
meadowfoam estolide,3968,1,ANY,0,False
ethylhexyl isonanoate,3969,1,ANY,0,False
fdc yellow no 5 ci 19140,3970,1,ANY,0,False
limnanthes alba seed oilmeadowfoam seed oil,3971,1,ANY,0,False
hydroxyethylpiperazine ethane,3972,1,ANY,0,False
sulfonic acid,3973,1,ANY,0,False
rgania spinosa kernel oil,3974,1,ANY,0,False
saccharum officinarum extract sugarcane extractextrait de canne a sucre,3975,1,ANY,0,False
curcuma longa root extractturmeric root extract,3976,1,ANY,0,False
citrus aurantium dulcis fruit extractorange fruit extract,3977,1,ANY,0,True
citrus limon fruit extractlemon fruit extract,3978,1,ANY,0,True
helianthus annuus seed oilsunflower seed oil,3980,1,ANY,0,False
ci 40800beta-carotene,3981,1,ANY,0,False
c 18-38 alkyl hydroxystearol stearate,3982,1,ANY,0,False
camellia sinenesis green tea leaf extract,3983,1,ANY,0,False
lanolin,3984,1,ANY,0,False
polyglyceryl 3 beeswax,3985,1,ANY,0,False
avobenzone,3986,2,AM,0,False
octinoxate,3987,1,ANY,0,False
lanolin oil,3988,1,ANY,0,False
petrolatum 402,3989,1,ANY,0,False
lavandula angustifolia lavenderlavande extract,3990,1,ANY,0,False
salvia officinalis sagesauge leaf extract,3991,1,ANY,0,False
rosmarinus officinalis rosemaryromarin leaf oil,3992,1,ANY,0,False
salvia officinalis sagesauge oil,3993,1,ANY,0,False
backhousia citriodora leaf oil,3994,1,ANY,0,False
hamamelis virginiana witch hazelhamamlis leaf extract,3995,1,ANY,0,False
chamomilla recutita flower oil,3996,1,ANY,0,False
peg-150 distearate,3997,1,ANY,0,False
sodium c14-15 olefin sulfonate,3998,1,ANY,0,False
cucumis sativus cucumberconcombre fruit extract,3999,1,ANY,0,False
glycyrrhiza glabra licoricerglisse root extract,4000,1,ANY,0,False
hydrogenated camelina sativa seed oil,4001,1,ANY,0,False
potassium bitartrate,4002,1,ANY,0,False
flower oil,4003,1,ANY,0,False
dimethcone,4004,1,ANY,0,False
haslea ostrearia extract,4005,1,ANY,0,False
lodopropynyl butylcarbamate,4006,1,ANY,0,False
phenethyl benzoate,4007,1,ANY,0,False
plantago lanceolata potassium sorbate,4008,1,ANY,0,False
salicylic acid 1,4009,3,ANY,3,False
tribehenin peg-20 esters,4010,1,ANY,0,False
hydroxycinnamic acid,4011,1,ANY,0,False
rutin,4012,1,ANY,0,False
water hamamelis virginiana witch hazelhamamlis water,4013,1,ANY,0,False
rosmarinus oficinalis rosemaryromarin leaf oil,4014,1,ANY,0,False
betula alba juice,4015,1,ANY,0,False
hydrolyzed rhodophycea extract,4016,1,ANY,0,False
iris germanica florentina root extract,4017,1,ANY,0,False
aloe barbadensis aloe vera leaf extract,4018,1,ANY,0,False
olive oil glycerth 8 esters,4019,1,ANY,0,False
pseudozyma epicolaolive fruit oil ferment filtrate,4020,1,ANY,0,False
aspalathus linearis extract,4021,1,ANY,0,False
tetrapeptide-14,4022,1,ANY,0,False
hydrogenated cottonseed oil,4023,1,ANY,0,False
himanthalia elongata extract,4024,1,ANY,0,False
ethyl ferulate trehalose,4025,1,ANY,0,False
palmitoyl tetrapeptide-10,4026,1,ANY,0,False
pentaerythrityl tetracaprylatetetracaprate,4027,1,ANY,0,False
polyurethane-35,4028,1,ANY,0,False
vpva copolymer,4029,1,ANY,0,False
acrylates crosspolymer-4,4030,1,ANY,0,False
sodium hydroxypropylphosphate,4031,1,ANY,0,False
decylglucoside crosspolymer,4032,1,ANY,0,False
pentadecalactone,4033,1,ANY,0,False
citrus grandis pomelo grapefruit seed oil,4035,1,ANY,0,True
hydroxyethyl acrylatesodium acryloyl dimethyl taurate copolymer,4036,1,ANY,0,False
citrullus lanatus watermelon extract,4037,1,ANY,0,False
water and argania spinosa argan,4038,1,ANY,0,False
kernel oil and propanediol and glyceryl caprylate and,4039,1,ANY,0,False
glyceryl undecylenate and phosphatidylglycerol and,4040,1,ANY,0,False
sodium benzoate and xanthan gum and citric acid organic natural,4041,1,ANY,0,False
oleyl lactate,4042,1,ANY,0,False
octyldodecyl pca,4043,1,ANY,0,False
isosorbide disunflowerseedate,4044,1,ANY,0,False
isostearyl lactate,4045,1,ANY,0,False
psoralea corylifolia seed,4047,1,ANY,0,False
quercus suber oak bark extract,4048,1,ANY,0,False
glyceryl palmitate,4049,1,ANY,0,False
glyceryl linolenate,4051,1,ANY,0,False
oak root extract,4053,1,ANY,0,False
crithmum maritimum sea fennel extract,4054,1,ANY,0,False
hydrogenated palm glycerides citratenaturally derived,4056,1,ANY,0,False
dunaliella salina pink algae extract,4057,1,ANY,0,False
glyceryl linoleate,4058,1,ANY,0,False
pterocarpus marsupium bark extract,4059,1,ANY,0,False
dunaliella salina extract beta carotene source,4060,1,ANY,0,False
polyglyceryl-2 isostearate,4061,1,ANY,0,False
dicapryl succinate,4062,1,ANY,0,False
furcellaran,4063,1,ANY,0,False
titanium dioxide 315 sunscreen,4064,2,AM,0,False
zinc oxide 408 sunscreen,4065,2,AM,0,False
argania spinosa argan leaf extract,4067,1,ANY,0,False
aminopropyl triethoxysilane,4068,1,ANY,0,False
pleiogynium timoriense burkedin plum fruit extract,4069,1,ANY,0,False
podocarpus elatus illawarra plum fruit extract,4070,1,ANY,0,False
cinnamal,4071,1,ANY,0,False
symphytum officinale comfrey leaf extract,4072,1,ANY,0,False
beta carotene,4073,1,ANY,0,False
helianthus annuus sunflower flower extract,4074,1,ANY,0,False
argania spinosa kernel argan oil,4075,1,ANY,0,False
capryl hydroxamic acid,4076,1,ANY,0,False
helianthus annus sunflower flower extract,4077,1,ANY,0,False
camellia sinensis green white tea leaf extract,4078,1,ANY,0,False
garcinia indica kokum butter,4079,1,ANY,0,False
prunus domestica plum kernel oil,4080,1,ANY,0,False
borago officinalis borage seed oil,4081,1,ANY,0,False
calophyllum inophyllum tamanu oil,4082,1,ANY,0,False
camellia oleifara camellia seed oil,4084,1,ANY,0,False
rosa canina l rosehip oil,4085,1,ANY,0,False
vigtia annua blue tansy oil,4086,1,ANY,0,False
carica papaya papaya fruit,4087,1,ANY,0,False
melhoneymiel,4088,1,ANY,0,False
cinnamomum cassia leaf oil,4089,1,ANY,0,False
aniba rosaeodora rosewood wood extract,4090,1,ANY,0,False
ci 75810 chlorophyllin-copper complex,4091,1,ANY,0,False
opuntia ficus-indica fruit extract,4092,1,ANY,0,False
lauramide dipa,4094,1,ANY,0,False
isocetyl stearate,4096,1,ANY,0,False
polyamide-5,4097,1,ANY,0,False
ahnfeltiopsis concinna extract,4098,1,ANY,0,False
coconut alcohol,4099,1,ANY,0,False
glycereth-18 ethylhexanoate,4100,1,ANY,0,False
glycereth-18,4101,1,ANY,0,False
mel extracthoney extractextrait de miel,4102,1,ANY,0,False
oligopeptide-10,4103,1,ANY,0,False
disodium carboxyethyl siliconate,4104,1,ANY,0,False
goat milk powder,4105,1,ANY,0,False
lactose,4106,1,ANY,0,False
milk protein,4107,1,ANY,0,False
benzoyl peroxide 5,4108,5,ANY,5,False
argania spinosa kernel extract,4109,1,ANY,0,False
peg-40 sterate,4110,1,ANY,0,False
serenoa serrulata fruit extract,4111,1,ANY,0,False
sesamum indicum sesame seed extract,4112,1,ANY,0,False
hydrogenated methyl abeitate,4113,1,ANY,0,False
isobutane,4114,1,ANY,0,False
propane,4115,1,ANY,0,False
sodium ascorbyl glucoside,4116,1,ANY,0,False
bis-pegppg-205 pegppg-205 dimethicone,4117,1,ANY,0,False
methoxy pegppg-254 dimethicone,4118,1,ANY,0,False
sh-polypeptide-7,4119,1,ANY,0,False
c12-13 pareth-23,4120,1,ANY,0,False
maltodextrin ethylhexylglycerin,4121,1,ANY,0,False
cichorium intybus chicory leaf extract,4122,1,ANY,0,False
bacillusforlic acid ferment extract,4124,1,ANY,0,False
capryl glycol,4125,1,ANY,0,False
zanthoxylum bungeanum fruit extract,4126,1,ANY,0,False
trimethylolpropane tricaprylatetricaprate,4128,1,ANY,0,False
mel honey extract,4129,1,ANY,0,False
extrait de miel,4130,1,ANY,0,False
phtosphingosine,4131,1,ANY,0,False
pegppg-83 diisostearate,4133,1,ANY,0,False
silicone quaternium-8,4134,1,ANY,0,False
water sodium cocoyl isethionate,4135,1,ANY,0,False
glyceryl distearate,4136,1,ANY,0,False
caprae lac goat milk,4137,1,ANY,0,False
lait de chvre,4138,1,ANY,0,False
tasmannia lanceolata fruit extract,4139,1,ANY,0,False
aspergillusmolasses ferment filtrate,4140,1,ANY,0,False
trimethylpentanedioladipic acid copolymer,4141,1,ANY,0,False
glabridin,4142,1,ANY,0,False
volcanic soil,4143,1,ANY,0,False
physalis angulata extract,4144,1,ANY,0,False
hexapeptide-2,4145,1,ANY,0,False
peg-7 trimethylolpropane coconut ether,4146,1,ANY,0,False
centipeda cunninghamii extract,4147,1,ANY,0,False
melaleuca alternifolia leaf oil,4148,1,ANY,0,False
polymethylsilsesquioxanesilica crosspolymer,4149,1,ANY,0,False
faexyeast extractextrait de levure,4150,1,ANY,0,False
hordeum vulgarehordeum vulgare extractextrait dorge,4151,1,ANY,0,False
cetearyl dimethicone,4152,1,ANY,0,False
isocetyl stearoyl stearate,4153,1,ANY,0,False
sericasilk powderpoudre de soie,4154,1,ANY,0,False
sodium benzate,4155,1,ANY,0,False
gluconolacctone,4156,1,ANY,0,False
microcitrus australis fruit extract,4157,1,ANY,0,True
citrus glauca fruit extract,4158,1,ANY,0,True
tridecyl neopentanoate,4159,1,ANY,0,False
palmitoyl dipeptide-10,4160,1,ANY,0,False
cupressus sempervirens seed extract,4161,1,ANY,0,False
coriandrum sativum coriander seed extract,4162,1,ANY,0,False
peg-9 cocoate,4165,1,ANY,0,False
peg-32 distearate,4166,1,ANY,0,False
peg-175 distearate,4167,1,ANY,0,False
sorbeth-450 tristearate,4168,1,ANY,0,False
cetearyl phosphate,4169,1,ANY,0,False
cyclotetrasiloxane,4170,1,ANY,0,False
hydrolyzed rice bran protein,4171,1,ANY,0,False
acetyl hexapeptide-3,4172,1,ANY,0,False
oxido reductases,4173,1,ANY,0,False
chrysanthellum indicum extract,4174,1,ANY,0,False
acacia decurrensjojobasunflower seed wax polyglyceryl-3 esters,4175,1,ANY,0,False
sulfur 3,4176,1,ANY,0,False
melhoney extractextrait de miel,4177,1,ANY,0,False
sulfur 10,4178,1,ANY,0,False
delikate soothing cleanser,4179,1,ANY,0,False
delikate recovery serum,4180,1,ANY,0,False
delikate recovery cream,4181,1,ANY,0,False
2-hexandiol,4182,1,ANY,0,False
peg-8 stearate,4183,1,ANY,0,False
palmitic acid carbomer,4188,1,ANY,0,False
acrylatesc10-30 alkyl acrylate crosspolymer trisodium ethylenediamine disuccinate,4189,1,ANY,0,False
sodium hydroxide tocopherol,4191,1,ANY,0,False
hydroxypalmitoyl sphinganine salicylic acid,4193,3,ANY,3,False
rosmarinus officinalis leaf extract rosemary leaf extract citric acid,4195,1,ANY,0,False
bis-peg-18,4196,1,ANY,0,False
methyl ether dimethyl silane,4197,1,ANY,0,False
prunus armeniaca kernel oil apricot kernel,4198,1,ANY,0,False
cetyl,4199,1,ANY,0,False
olea europaea fruit oil olive,4200,1,ANY,0,False
fruit oil,4201,1,ANY,0,False
acrylatesc10-30,4202,1,ANY,0,False
alkyl acrylate crosspolymer trisodium ethylenediamine disuccinate,4203,1,ANY,0,False
prunus,4204,1,ANY,0,False
amygdalus dulcis oil sweet almond oil,4205,1,ANY,0,False
hydroxide tocopherol,4206,1,ANY,0,False
pseudoalteromonas ferment,4207,1,ANY,0,False
annuus seed oil sunflower seed oil,4208,1,ANY,0,False
isodecyl salicylate,4210,1,ANY,0,False
oenothera biennis oilevening primrose oil,4212,1,ANY,0,False
simmondsia chinensis oiljojoba seed oil,4213,1,ANY,0,False
coriandrum sativum oilcoriander seed oil,4214,1,ANY,0,False
lavandula angustifolia oillavender oil,4215,1,ANY,0,False
cucumis sativus extractcucumber fruit extract,4217,1,ANY,0,False
curcuma longa extractturmeric root extract,4218,1,ANY,0,False
rosa spprose flower oil,4219,1,ANY,0,False
jasminum officinale extractjasmine extract,4220,1,ANY,0,False
citrus aurantium tachibana peel extract,4222,1,ANY,0,True
peg-200 hydrogenated glyceryl palmate,4223,1,ANY,0,False
distearyl ether,4224,1,ANY,0,False
methylparaben,4225,1,ANY,0,False
propylparaben,4226,1,ANY,0,False
sodium methylparaben,4227,1,ANY,0,False
prunus amygdalus dulcis oilsweet almond oil,4228,1,ANY,0,False
prunus armeniaca kernel oilapricot kernel oil,4229,1,ANY,0,False
persea gratissima oilavocado oil,4230,1,ANY,0,False
glycereth-25 pca isostearate,4231,1,ANY,0,False
cellulose acetate butyrate,4232,1,ANY,0,False
tricaprylin,4233,1,ANY,0,False
2-oleamido-1,4234,1,ANY,0,False
3-octadecanediol,4235,1,ANY,0,False
polycaprolactone,4236,1,ANY,0,False
steareth-100,4237,1,ANY,0,False
hamamelis virginiana,4239,1,ANY,0,False
waterwitch hazel water,4240,1,ANY,0,False
capryloyl,4242,1,ANY,0,False
cymbopogon,4244,1,ANY,0,False
schoenanthus oil,4245,1,ANY,0,False
rosmarinus officinalis leaf oilrosemary leaf oil,4246,1,ANY,0,False
di-c12-13 alkyl malate,4247,1,ANY,0,False
bis-pegppg-1616 pegppg-1616 dimethicone,4248,1,ANY,0,False
zea mays starchcorn starch,4249,1,ANY,0,False
aloe barbadensisaloe barbadensis leaf juice,4250,1,ANY,0,False
avena sativa flouroat kernel flour,4251,1,ANY,0,False
aloe barbadensisaloe barbadensis,4252,1,ANY,0,False
leaf juice,4253,1,ANY,0,False
saccharomycesrice ferment filtrate,4254,1,ANY,0,False
brassica campestris extractrapeseed extract,4255,1,ANY,0,False
brassica campestris sprout extractrapeseed sprout extract,4256,1,ANY,0,False
mentha piperita oilpeppermint oil,4257,1,ANY,0,False
origanum majorana leaf oil,4258,1,ANY,0,False
candelilla cera candelilla wax,4259,1,ANY,0,False
propylene glycol dimethicone glycerin ascorbic acid ethylhexyl palmitate cetyl pegppg-101 dimethicone dimethicone crosspolymer ascorbyl glucoside cyclohexasiloxane hydroxyethylpiperazine ethane sulfonic acid lauroyl lysine acrylonitrilemethyl methacrylatevinylidene chloride copolymer polysilicone-11 adenosine hydrolyzed hyaluronic acid limonene isobutane citrus aurantium dulcis orange peel oil citrus limon peel oil lemon peel oil citral pentaerythrityl tetra-di-t-butyl hydroxyhydrocinnamate,4260,4,AM,3,True
persea gratissima fruit extractavocado fruit extract,4261,1,ANY,0,False
melia azadirachta flower,4264,1,ANY,0,False
hydroxyethyl acrylatesodium acryloyldimethyl taurate,4265,1,ANY,0,False
cynanchum atratum extract,4266,1,ANY,0,False
citrus limon peel oillemon peel oil,4267,1,ANY,0,True
carthamus tinctorius seed oilsafflower seed oil,4268,1,ANY,0,False
citrus nobilis peel oilmandarin orange peel oil,4269,1,ANY,0,True
prunus amygdalus dulcis seed extractsweet almond seed extract,4270,1,ANY,0,False
pelargonium graveolens flow oil,4276,1,ANY,0,False
origanum heracleoticum flower oil sunflower seed oil,4277,1,ANY,0,False
bulnesia sarmientoi wood oil,4281,1,ANY,0,False
arctium lappa extractarctium lappa root extract,4283,1,ANY,0,False
calendula officinalis extractcalendula officinalis flower extract,4284,1,ANY,0,False
hedera helix extract - ivy leafstem extract,4285,1,ANY,0,False
althaea officinalisalthaea officinalis root extract,4286,1,ANY,0,False
ricinus communis seed oil castor seed oil,4289,1,ANY,0,False
candelilla cera candelilla wax cire de candelilla,4290,1,ANY,0,False
helianthus annuus seed cera sunflower seed wax,4291,1,ANY,0,False
salix nigra bark extract willow bark extract,4292,1,ANY,0,False
acacia decurrens flower cera acacia decurrens flower wax,4293,1,ANY,0,False
vigna aconitifolia seed extract,4294,1,ANY,0,False
jasminum officinale flower extract jasmine flower extract,4295,1,ANY,0,False
helianthus annuus seed oil unsaponifiablessunflower seed oil unsaponifiables,4296,1,ANY,0,False
coriandrum sativum seed oilcoriander seed oil,4297,1,ANY,0,False
citrus grandis peel oilgrapefruit peel oil,4298,1,ANY,0,True
zingiber officinale root oilginger root oil,4299,1,ANY,0,False
sodium dodecylbenzenesulfonate,4301,1,ANY,0,False
sweet almond oil,4302,1,ANY,0,False
apricot kernel oil,4303,1,ANY,0,False
avocado oil,4304,1,ANY,0,False
water squalane,4305,1,ANY,0,False
paraffinum liquidum mineral oil,4306,1,ANY,0,False
solum diatomeaediatomaceous earth,4308,1,ANY,0,False
butylparaben,4310,1,ANY,0,False
epilobium angustifolium epilobium angustifolium extract,4311,1,ANY,0,False
calendula officinalis flower,4312,1,ANY,0,False
glycyrrhiza glabra root extractlicorice root extract,4313,1,ANY,0,False
chamomilla recutita flower extractmatricaria flower extract,4314,1,ANY,0,False
rosmarinus officinalis leaf extractrosemary leaf extract,4315,1,ANY,0,False
zingiber officinale root extractginger root extract,4316,1,ANY,0,False
theobroma cacao seed buttercocoa seed butter,4317,1,ANY,0,False
sesamum indicum seed oilsesame seed oil,4318,1,ANY,0,False
oat kernel flour,4319,1,ANY,0,False
witch hazel leaf water,4320,1,ANY,0,False
homosalate 5,4321,2,AM,0,False
octocrylene 7,4322,2,AM,0,False
pentaerythrityl tetraethlhexanoate,4323,1,ANY,0,False
prunus armeniaca kernal oilapricot kernal oil,4324,1,ANY,0,False
cetl alcohol,4325,1,ANY,0,False
oryza sativa bran oilrice bran oil,4326,1,ANY,0,False
olea europaea fruit oilolive fruit oil,4327,1,ANY,0,False
hydroxypalmitol sphinganine,4328,1,ANY,0,False
methylsilanolsilicate crosspolymer,4329,1,ANY,0,False
aqua water glycerin dimethicone squalane bis-peg-18 methyl ether dimethyl silane sucrose stearate stearyl alcohol peg-8 stearate myristyl myristate prunus armeniaca kernel oil apricot kernel oil phenoxyethanol persea gratissima oil avocado oil glyceryl stearate cetyl alcohol oryza sativa bran oil rice bran oil olea europaea fruit oil olive fruit oil chlorphenesin stearic acid palmitic acid carbomer acrylatesc10-30 alkyl acrylate crosspolymer trisodium ethylenediamine disuccinate prunus amygdalus dulcis oil sweet almond oil xanthan gum ethylhexylglycerin sodium hydroxide tocopherol c1 - internal use glycine soja oil soybean oil pseudoalteromonas ferment extract myristic acid hydroxypalmitoyl sphinganine salicylic acid helianthus annuus seed oil sunflower seed oil rosmarinus officinalis leaf extract rosemary leaf extract citric acid,4330,3,ANY,3,False
ultra facial cream,4331,1,ANY,0,False
helianthus annuus sunower seed oil,4333,1,ANY,0,False
jasminum ofcinale jasmine flowerleaf extract,4334,1,ANY,0,False
punica granatum seed oil,4335,1,ANY,0,False
hippophae rhamnoides sea buckthorn seed oil,4336,1,ANY,0,False
farnesol citral,4337,1,ANY,0,False
rosa canina rosehip seed oil,4338,1,ANY,0,False
hippophae rhamnoides seabuckthorn fruit oil,4339,1,ANY,0,False
passiflora edulis maracuja seed oil,4340,1,ANY,0,False
lactobacillusarundinaria gigantea leaf ferment filtrate,4341,1,ANY,0,False
mentha piperita peppermint indian leaf oil,4342,1,ANY,0,False
yeast faex powder,4343,1,ANY,0,False
juniperus virginiana cedarwood oil,4344,1,ANY,0,False
soybean peroxidase,4345,1,ANY,0,False
brassica alcohol,4346,1,ANY,0,False
lactobacillusdipteryx odorata seed ferment filtrate,4347,1,ANY,0,False
xylityl sesquicaprylate,4348,1,ANY,0,False
citrus aurantium neroli flower oil,4349,1,ANY,0,True
pelargonium graveolens chinese geranium flower oil,4350,1,ANY,0,False
rosa canina rose hip seed powder,4351,1,ANY,0,False
maranta arundinacea arrowroot root powder,4352,1,ANY,0,False
bambusa arundinacea stem powder,4353,1,ANY,0,False
rosa canina rose hip fruit oil,4354,1,ANY,0,False
morinda citrifolia noni fruit powder,4355,1,ANY,0,False
curcuma longa turmeric root powder,4356,1,ANY,0,False
pyrus malus apple seed oil,4357,1,ANY,0,False
tremella fuciformis sporocarp silver earsnow mushroom extract,4358,1,ANY,0,False
rosa centifolia rose moroccan flower oil,4359,1,ANY,0,False
macadamia ternifolia macadamia nut seed oil,4360,1,ANY,0,False
ocimum basilicum basil oil,4361,1,ANY,0,False
macadamia ternifolia macadamia nut oil,4362,1,ANY,0,False
morinda citrifolia noni fruit extract,4363,1,ANY,0,False
coffee arabica seed extract,4364,1,ANY,0,False
lactobacillusacerola cherry ferment,4365,1,ANY,0,False
capsicum annuum capsicum fruit extract,4366,1,ANY,0,False
salvia sclarea clary sage extract,4367,1,ANY,0,False
euterpe oleracea acai juice,4368,1,ANY,0,False
bursera graveolens wood oil,4370,1,ANY,0,False
ocimum basillicum basil oil,4371,1,ANY,0,False
rosa centifolia flower oil,4372,1,ANY,0,False
chlamydomonas reinhardtii extract,4373,1,ANY,0,False
cocos nucifera fruit extract,4374,1,ANY,0,False
rhododendron ferrugineum extract,4375,1,ANY,0,False
rosmarinus officinalis rosemary leafstem oil,4376,1,ANY,0,False
mentha piperita peppermint flowerleafstem oil,4377,1,ANY,0,False
citrus aurantium dulcis,4378,1,ANY,0,True
orange peel oil,4379,1,ANY,0,True
bursera graveolens palo santo wood oil,4380,1,ANY,0,False
globularia alypum leaf extract,4381,1,ANY,0,False
tetraselmis suecica extract,4382,1,ANY,0,False
cocos nucifera coconut extract,4383,1,ANY,0,False
cyamposis tetragonoloba guar gum,4384,1,ANY,0,False
maltodextrin tapioca starch,4385,1,ANY,0,False
lactis proteinumwhey proteinprotine du lait,4386,1,ANY,0,False
macadamia integrifolia macadamia seed oil,4387,1,ANY,0,False
epilobium fleischeri flowerleafstem extract,4388,1,ANY,0,False
sodium gluceptate,4389,1,ANY,0,False
troxerutin,4390,1,ANY,0,False
imperata cylindrica root extract,4391,1,ANY,0,False
rosa gallica flower powder,4393,1,ANY,0,False
gallyl glucoside,4394,1,ANY,0,False
ozonized oryza sativa rice callus culture extract,4395,1,ANY,0,False
ethyl linolenate,4396,1,ANY,0,False
ethyl palmitate,4397,1,ANY,0,False
ethyl stearate,4398,1,ANY,0,False
copper lysinate prolinate,4399,1,ANY,0,False
hexapeptide-11,4400,1,ANY,0,False
peucedanum graveolens dill extract,4401,1,ANY,0,False
pinus nigra budneedle extract,4402,1,ANY,0,False
polyglyceryl-5 laurate,4403,1,ANY,0,False
avena strigosa seed extract,4404,1,ANY,0,False
hydrolyzed soybean fiber,4405,1,ANY,0,False
pinus heldreichii bark extract,4406,1,ANY,0,False
dl-alpha tocopheryl nicotinate,4407,1,ANY,0,False
punica granatum flower extract butyrospermum parkii shea butter unsaponifiables,4408,1,ANY,0,False
foeniculum vulgare fruit oil,4409,1,ANY,0,False
rosmarinus officinalis leaf oil,4410,1,ANY,0,False
may contain - titanium dioxide ci 77891,4411,2,AM,0,False
hydrolyzed rice proteinhydrolyzed vegetable protein,4412,1,ANY,0,False
hibiscus sabdariffa fruit extracthibiscus sabdariffa flower extract,4413,1,ANY,0,False
hydrolyzed sodium hyaluronatesodium hyaluronate,4414,1,ANY,0,False
palmitoyl tripeptide-37,4415,1,ANY,0,False
helichrysum italicum flower oil,4416,1,ANY,0,False
myrtus communis oil,4417,1,ANY,0,False
dextrin palmitateethylhexanoate,4419,1,ANY,0,False
origanum majorana leaf extract,4420,1,ANY,0,False
ammonium glycerrhizate,4423,1,ANY,0,False
oleyl erucate,4424,1,ANY,0,False
sodium hyrdoxide,4425,1,ANY,0,False
butyrospermum parkii shea buttercoco- caprylatecaprate- corn starch modified,4426,1,ANY,0,False
prunus amygdalus dulcis sweet almond protein,4427,1,ANY,0,False
ceteareth-33,4428,1,ANY,0,False
corn starch modified,4429,1,ANY,0,False
prunus amygdalus dulcis sweet almond fruit extract,4431,1,ANY,0,False
algae seaweed extract,4433,1,ANY,0,False
mineral oil,4434,1,ANY,0,False
citrus aurantifolia lime extract,4435,1,ANY,0,True
eucalyptus globulus eucalyptus leaf oil,4436,1,ANY,0,False
sesamum indicum sesame seed powder,4437,1,ANY,0,False
medicago sativa alfalfa seed powder,4438,1,ANY,0,False
prunus amygdalus dulcis sweet almond seed meal,4439,1,ANY,0,False
tocopheryl succinate,4440,1,ANY,0,False
niacin,4441,1,ANY,0,False
aluminum distearate,4442,1,ANY,0,False
eucalyptus globulus ecalyptus leaf oil,4444,1,ANY,0,False
helichrysum arenarium everlasting extract,4445,1,ANY,0,False
triticum vulgare wheat flour lipids,4446,1,ANY,0,False
tetraacetylphytosphingosine,4447,1,ANY,0,False
ecklonia cava extract,4448,1,ANY,0,False
polygonum fagopyrum seed extract,4449,1,ANY,0,False
althaea officinalis marshmallow root extract,4450,1,ANY,0,False
glyceryl triacetyl ricinoleate,4451,1,ANY,0,False
oxycoccus palustris cranberry seed oil,4452,1,ANY,0,False
yellow 6 ci 15985 iln41590,4453,1,ANY,0,False
polyglyceryl-10 pentaoleate,4454,1,ANY,0,False
seaweed algae extract,4455,1,ANY,0,False
malachite,4456,1,ANY,0,False
sesamum indicum sesame seed,4457,1,ANY,0,False
calcium carbonate,4458,1,ANY,0,False
coenzyme a,4459,1,ANY,0,False
eryngium maritimum extract,4460,1,ANY,0,False
humic acids,4462,1,ANY,0,False
macrocystis pyrifera kelp protein,4463,1,ANY,0,False
distearyldimonium chloride,4464,1,ANY,0,False
spirulina platensis algae powder,4465,1,ANY,0,False
potassium stearate,4466,1,ANY,0,False
titaniumtitanium dioxide,4467,2,AM,0,False
bronze powder ci 77400,4468,1,ANY,0,False
copper powder ci 77400,4469,1,ANY,0,False
propylene glycol dioctanoate,4470,1,ANY,0,False
vegetable oilolushuile vegetale,4471,1,ANY,0,False
declustered water -aquaeau de-structuree -,4472,1,ANY,0,False
ppg-28-buteth-35,4473,1,ANY,0,False
prunus mume fruit extract,4474,1,ANY,0,False
rosma rinus officinalis rosemary extract,4475,1,ANY,0,False
propylene glycol diethylhexanoate,4476,1,ANY,0,False
yeast polysaccharides,4477,1,ANY,0,False
mentha viridis spearmint,4478,1,ANY,0,False
lavandula angustifolia lavender flower wax,4479,1,ANY,0,False
laureth-3,4480,1,ANY,0,False
styrenevp copolymer,4481,1,ANY,0,False
faex extractyeast extractextrait de levure,4482,1,ANY,0,False
ammonium polyacryldimethyltauramideammonium polyacryloyldimethyl taurate,4483,1,ANY,0,False
prunus amygdalus dulcis proteinsweet almond protein,4484,1,ANY,0,False
disodium succinate,4486,1,ANY,0,False
beheneth-10,4487,1,ANY,0,False
glycol palmitate,4488,1,ANY,0,False
coriandrum sativum fruit oilcoriander fruit oil,4489,1,ANY,0,False
rosa gallica flower extract,4490,1,ANY,0,False
homosalate 15,4492,2,AM,0,False
rosa meichibondelgramaue callus,4493,1,ANY,0,False
ananas sativus fruit extractpineapple fruit extract,4495,1,ANY,0,False
faex extractyeast extract,4496,1,ANY,0,False
fagus sylvatica bud extract,4497,1,ANY,0,False
rosmarinus officinalis extractrosemary extract,4498,1,ANY,0,False
vitis vinifera seed oilgrape seed oil,4499,1,ANY,0,False
guanosine,4500,1,ANY,0,False
caprylyl,4504,1,ANY,0,False
octyldodecyl xyloside,4506,1,ANY,0,False
fil b2603712,4507,1,ANY,0,False
rosa gallica extract,4510,1,ANY,0,False
cryptomeria japonica bud extract,4511,1,ANY,0,False
cyathea medullaris leaf extract,4512,1,ANY,0,False
hydrolyzed linseed extract,4513,1,ANY,0,False
ammonium acryloyldimethyltauratesteareth-25 methacrylate crosspolymer,4514,1,ANY,0,False
cinnamic acid,4515,1,ANY,0,False
secale cereale seed extractrye seed extract,4516,1,ANY,0,False
rosa gallica extractrosa gallica flower extract,4517,1,ANY,0,False
zea mays oilcorn oil,4518,1,ANY,0,False
zea mays germ oilcorn germ oil,4521,1,ANY,0,False
sodium succinate,4522,1,ANY,0,False
arginine ethylhexylglycerin,4524,1,ANY,0,False
ceratonia siliqua gum carob gum,4525,1,ANY,0,False
theobroma cacao extractcocoa extract,4526,1,ANY,0,False
paeonia suffruticosa extractpaeonia suffruticosa root extract,4527,1,ANY,0,False
ethylparaben,4528,1,ANY,0,False
jasminum officinale extractjasmine flower extract,4529,1,ANY,0,False
saccharomycesxylinum black tea ferment,4530,1,ANY,0,False
argania spinosa shell powder,4533,1,ANY,0,False
red 4,4534,1,ANY,0,False
yellow 5,4535,1,ANY,0,False
carob gum,4536,1,ANY,0,False
carboxymethyl starch,4537,1,ANY,0,False
saccharum officinarum extractsugarcane extract,4538,1,ANY,0,False
acer saccharum extract sugar maple extract,4540,1,ANY,0,False
perlite,4541,1,ANY,0,False
rosa centifolia stem extract,4542,1,ANY,0,False
hydroxypalmitoyl sphinganine hydroxypropyl starch phosphate,4543,1,ANY,0,False
candelilla wax esters,4547,1,ANY,0,False
polyglyceryl-2 diisostearate,4548,1,ANY,0,False
punica granatum fruit juice,4550,1,ANY,0,False
rubus idaeus raspberry juice,4551,1,ANY,0,False
polyglyceryl- 10 stearate,4571,1,ANY,0,False
phytosteryl isostearylcetylstearylbehenyl dimer dilinoleate,4572,1,ANY,0,False
hydrogenated poly c6-14 olefin,4573,1,ANY,0,False
euphorbia cerifera candelilla waxcandelilla cera hydrocarbonscire de candelilla,4574,1,ANY,0,False
thymol trimethoxycinnamate,4576,1,ANY,0,False
raffinose,4578,1,ANY,0,False
stearyl behenate,4579,1,ANY,0,False
acetyl heptapeptide-4,4583,1,ANY,0,False
malpighia emarginata acerola fruit extract,4584,1,ANY,0,False
sodium magne sium silicate,4585,1,ANY,0,False
isostearylcetylstearylbehenyl dimer dilinoleate,4587,1,ANY,0,False
hydrogenated poly c6-14,4588,1,ANY,0,False
olefin,4589,1,ANY,0,False
butyrospermum,4590,1,ANY,0,False
parkii shea butter,4591,1,ANY,0,False
sucrose tetra stearate triacetate,4592,1,ANY,0,False
euphorbia cerifera candelilla waxeuphorbia cerifera cera,4593,1,ANY,0,False
cire de candelilla,4594,1,ANY,0,False
astrocaryum murumuru,4595,1,ANY,0,False
seed butter,4596,1,ANY,0,False
oxides ci 77492,4597,1,ANY,0,False
vitis,4598,1,ANY,0,False
vinifera grape juice,4599,1,ANY,0,False
mentha arvensis leaf extract,4600,1,ANY,0,False
diphenyl siloxy phenyl trimethicone,4601,1,ANY,0,False
cyclo pentasiloxane,4602,1,ANY,0,False
trimethylsilo xysilicate,4603,1,ANY,0,False
polyacry late-13,4605,1,ANY,0,False
lavan dula angustifolia lavender flower water,4606,1,ANY,0,False
hydroxyci tronellal,4607,1,ANY,0,False
alphaisomethyl ionone,4608,1,ANY,0,False
pen tylene glycol,4609,1,ANY,0,False
bra ssica oleracea italica broc coli extract,4610,1,ANY,0,False
hibiscus abelmo schus extract,4611,1,ANY,0,False
magnesium sul fate,4612,1,ANY,0,False
toco pherol,4613,1,ANY,0,False
pota ssium sorbate,4614,1,ANY,0,False
manganese sul fate,4615,1,ANY,0,False
homosalate 90,4616,2,AM,0,False
octocrylene 90,4617,2,AM,0,False
tocopherol c3,4618,1,ANY,0,False
acorus gramineus extract,4619,1,ANY,0,False
fragaria chiloensis strawberry fruit extract,4620,1,ANY,0,False
rubus chamaemorus seed extract,4621,1,ANY,0,False
euphorbia cerifera candelilla waxeuphorbia cerifera ceracire de candelilla,4622,1,ANY,0,False
potassium alginate,4623,1,ANY,0,False
diethoxyethyl succinate,4625,1,ANY,0,False
hippophae rhamnoides seed oil,4626,1,ANY,0,False
picea abies extract,4627,1,ANY,0,False
ilex paraguariensis yerba mate tea leaf extract,4628,1,ANY,0,False
coffea robusta green coffee seed extract,4629,1,ANY,0,False
tremella fuciformis sporocarp silver ear mushroom extract,4630,1,ANY,0,False
kappaphycus alvarezii red algae extract,4631,1,ANY,0,False
scenedesmus rubescens microalgae extract,4632,1,ANY,0,False
sodium methyl stearoyl taurate,4634,1,ANY,0,False
leontopodium alpinum edelweiss flowerleaf extract,4636,1,ANY,0,False
mentha arvensis oil,4637,1,ANY,0,False
solidago virgaurea goldenrod extract,4638,1,ANY,0,False
cnidium monnieri fruit extract,4639,1,ANY,0,False
sesamum indicum seed extract,4640,1,ANY,0,False
palmitoyl hexapeptide,4641,1,ANY,0,False
ilex paraguariensis yerba mate leaf extract,4642,1,ANY,0,False
palmaria palmata red algae extract,4643,1,ANY,0,False
sodium hydroxypropyl starch phosphate,4644,1,ANY,0,False
punica granatum pomegranate juice extract,4645,1,ANY,0,False
mentha viridis spearmint leaf extract,4647,1,ANY,0,False
chrondus crispus extract,4648,1,ANY,0,False
citrus grandis grapefruit fruit extract,4649,1,ANY,0,True
crambe abyssinica seed oillimnanthes alba meadowfoam seed oil,4650,1,ANY,0,False
cannabis sativa seed oilglycine soja soybean oil,4651,1,ANY,0,False
oenothera biennis evening primrose seed oil,4653,1,ANY,0,False
pseudozyma epicolaapricot kernel oilolive fruit oilsunflower seed oilsweet almond oilangelica gigas root extract ferment extract filtrate,4657,1,ANY,0,False
pseudozyma epicolaargania spinosa kernel oil ferment filtrate,4658,1,ANY,0,False
pseudozyma epicolacamellia sinensis seed oilglucosemalt extractsoybean flouryeast extract ferment filtrate,4659,1,ANY,0,False
crambe maritima leaf extract,4660,1,ANY,0,False
aster tripolium sea starwort oil extract,4661,1,ANY,0,False
ganoderma lucidum reishi extract,4662,1,ANY,0,False
chlorella vulgaris dermochlorella algae extract,4663,1,ANY,0,False
panax ginseng ginseng root extract,4664,1,ANY,0,False
citrus aurantifolia lime seed oil,4665,1,ANY,0,True
fragaria ananassa strawberry seed oil,4666,1,ANY,0,False
thymus vulgaris common thyme extract,4668,1,ANY,0,False
petroselinum crispum parsley leaf extract,4669,1,ANY,0,False
bellis perennis daisy flowerhelichrysum italicum extract,4670,1,ANY,0,False
euphorbia cerifera candelilla waxcire de candelilla,4671,1,ANY,0,False
polyhydroxystearic acidhelianthus annuus sunflower seed wax,4672,1,ANY,0,False
platonia insignis bacuri seed butter,4673,1,ANY,0,False
rosmarinus officinalis rosemary leaf extracthypnea musciformis red algae extractundaria pinnatifida brown algae extract,4674,1,ANY,0,False
dictyopteris polypodioides extract,4675,1,ANY,0,False
linaloolgeraniol,4677,1,ANY,0,False
organic helianthus annuus sunflower seed oil,4678,1,ANY,0,False
unum usitatissimum linseed seed oil,4679,1,ANY,0,False
rubus ldaeus raspberry seed oil,4680,1,ANY,0,False
aster tripolium extract,4681,1,ANY,0,False
zinc oxide 132,4682,2,AM,0,False
kaolincapryliccapric triglyceride,4683,1,ANY,0,False
glycerincetyl alcohol,4684,1,ANY,0,False
alaria esculenta wakame seaweed extract,4685,1,ANY,0,False
arthrospira platensis extract,4686,1,ANY,0,False
sea salt maris salsel marin,4687,1,ANY,0,False
honey melmiel,4688,1,ANY,0,False
vaccinium myrtillus bilberry seed oil,4689,1,ANY,0,False
rosa canina extract,4690,1,ANY,0,False
ci 17200 red 33,4691,1,ANY,0,False
brassica glycerides,4692,1,ANY,0,False
cire dabeille,4693,1,ANY,0,False
raspberry seed oil tocopheryl succinate aminopropanediol esters,4694,1,ANY,0,False
glyceryl rosinate,4695,1,ANY,0,False
ricinus communis seed oil,4696,1,ANY,0,False
acacia decurrens flower cera,4697,1,ANY,0,False
euphorbia cerifera cera candelilla wax,4698,1,ANY,0,False
mentha piperita peppermint leaf water,4699,1,ANY,0,False
ethyl ascorbic acid,4700,4,AM,3,False
silver citrate,4701,1,ANY,0,False
ci 60730 violet 2,4703,1,ANY,0,False
huile minrale,4704,1,ANY,0,False
olus vegetable oil,4705,1,ANY,0,False
huile vgtale,4706,1,ANY,0,False
polyquaternium-24,4707,1,ANY,0,False
ci 45410 red 28,4708,1,ANY,0,False
cocamide mea,4709,1,ANY,0,False
hypericum perforatum extract,4710,1,ANY,0,False
althaea officinalis leafroot extract,4711,1,ANY,0,False
ci 77288 chromium oxide green,4712,1,ANY,0,False
phytelephas aequatorialis seed powder,4713,1,ANY,0,False
cetrimonium bromide,4714,1,ANY,0,False
salvia officinalis sage flowerleafstem water,4715,1,ANY,0,False
fucus vesiculosus bladderwrack extract,4716,1,ANY,0,False
thymus vulgaris thyme extract,4717,1,ANY,0,False
acanthopanax senticosus eleuthero root extract,4718,1,ANY,0,False
rhaponticum carthamoides root extract,4719,1,ANY,0,False
chlorophenesin,4720,1,ANY,0,False
althaea officinalis marsh mallow leaf root extract,4721,1,ANY,0,False
achillea millefolium yarrow extract,4722,1,ANY,0,False
hypericum perforatum st johns wort extract,4723,1,ANY,0,False
oxybenzone 5,4724,1,ANY,0,False
ethylhexyl,4725,1,ANY,0,False
methoxycrylene,4726,1,ANY,0,False
olus oil vegetable oil,4728,1,ANY,0,False
zinc oxide 12025,4729,2,AM,0,False
peg-25 hydrogenated castor oil,4733,1,ANY,0,False
cire microcristalline,4734,1,ANY,0,False
gardenia florida extract,4735,1,ANY,0,False
oenothera biennis evening primrose seed extract,4736,1,ANY,0,False
potassium aspartate,4737,1,ANY,0,False
ichthammol,4738,1,ANY,0,False
nasturtium officinale flowerleaf extract,4739,1,ANY,0,False
sodium lauroyl glycinate,4740,1,ANY,0,False
resorcinol,4743,1,ANY,0,False
trisodium dicarboxymethyl alaninate,4744,1,ANY,0,False
hippophae rhamnoides seabuckhorn kernel oil,4745,1,ANY,0,False
citrus reticulata tangerine peel oil,4746,1,ANY,0,True
disodium sebacoyl bis-lauramidolysine,4747,1,ANY,0,False
oleth-2,4748,1,ANY,0,False
prunus domestica plum fruit extract,4749,1,ANY,0,False
vc12-15 alkyl benzoate,4750,1,ANY,0,False
polyglyceryl-2 sesquicaprylate,4751,1,ANY,0,False
cannabis sativa hemp seed extract,4752,1,ANY,0,False
prunus avium sweet cherry flower extract,4753,1,ANY,0,False
poloxamer 184,4754,1,ANY,0,False
shatavari root extract,4755,1,ANY,0,False
ashwagandha root and leaf extract,4756,1,ANY,0,False
amla fruit extract,4757,1,ANY,0,False
rhodiola root extract,4758,1,ANY,0,False
capsule hypromellose,4759,1,ANY,0,False
rice hulls,4760,1,ANY,0,False
medium chain triglycerides,4761,1,ANY,0,False
rice bran extract,4762,1,ANY,0,False
gum arabic,4763,1,ANY,0,False
and sunflower oil,4764,1,ANY,0,False
wateraquaeau hydrator,4766,1,ANY,0,False
betaine amino acid from sugar beet molasses that helps protect against dehydration,4767,1,ANY,0,False
coconut oil polyglyceryl-6 esters lauric acids from coconut oil with emollient properties,4768,1,ANY,0,False
glycerin humectant,4769,1,ANY,0,False
tremella fuciformis sporocarp silver ear mushroom extract hydrating supermushroom,4770,1,ANY,0,False
sodium polyglutamate an amino acid produced by fermentation that provides silkiness and smoothness,4771,1,ANY,0,False
hydrolyzed hyaluronic acid low molecular weight hyaluronic acid that penetrates deeply within the skins surface,4772,1,ANY,0,False
ganoderma lucidum reishi mushroom extract anti-inflammaging supermushroom,4773,1,ANY,0,False
rosa damascena oil essential oil for fragrance,4774,1,ANY,0,False
santalum austrocaledonicum wood oil essential oil for fragrance,4775,1,ANY,0,False
pogostemon cablin oil essential oil for fragrance,4776,1,ANY,0,False
polyglyceryl-10 oleate an ester of oleic acid that works as an emulsifier,4777,1,ANY,0,False
oryza sativa rice bran oil emollient,4778,1,ANY,0,False
tocopherol antioxidant vitamin e,4779,1,ANY,0,False
tocotrienols antioxidant vitamin e,4780,1,ANY,0,False
citric acid extract derived from citrus fruits to modify the formulas ph,4781,1,ANY,0,True
lonicera japonica honeysuckle flower extract natural preservation system,4782,1,ANY,0,False
lonicera caprifolium honeysuckle flower extract natural preservation system,4783,1,ANY,0,False
sex dust proprietary blend cacao powder,4784,1,ANY,0,False
shilajit extract,4785,1,ANY,0,False
shatavari root powder,4786,1,ANY,0,False
epimedium horny goat weed leaf extract,4787,1,ANY,0,False
maca root extract,4788,1,ANY,0,False
schisandra berry powder,4789,1,ANY,0,False
stevia leaf extract reb a,4790,1,ANY,0,False
hydrolyzed hyaluronlc acid,4791,1,ANY,0,False
nu-mag certified organic rice extract,4792,1,ANY,0,False
rice oryza sativa cera flour,4793,1,ANY,0,False
organic rice hulls,4794,1,ANY,0,False
organic gum arabic,4795,1,ANY,0,False
organic sunflower oil,4796,1,ANY,0,False
thiamin as b complex from organic blend of psidium guajava,4797,1,ANY,0,False
ocimum sanctum,4798,1,ANY,0,False
citrus limon extracts,4799,1,ANY,0,True
riboflavin as b complex from organic blend of psidium guajava,4800,1,ANY,0,False
niacin as b complex from organic blend of psidium guajava,4801,1,ANY,0,False
vitamin b6 as b complex from organic blend of psidium guajava,4802,1,ANY,0,False
folate as l-5-methyltetrahydrofolate calcium-l- methylfolate metafolin,4803,1,ANY,0,False
b complex from organic blend of psidium guajava,4804,1,ANY,0,False
vitamin b12 as vitamin b12 as methylcobalamin mecobalactive,4805,1,ANY,0,False
pantothenic acid as b complex from organic blend of psidium guajava,4806,1,ANY,0,False
fermented l-glutamine powder,4807,1,ANY,0,False
ginseng panax quinquefolius l root extract cereboost,4808,1,ANY,0,False
organic mango flavor,4809,1,ANY,0,False
organic monk fruit powder,4810,1,ANY,0,False
beta carotene organic,4811,1,ANY,0,False
brain dust proprietary blend lions mane mushroom extract,4812,1,ANY,0,False
astragalus root extract,4813,1,ANY,0,False
ginkgo leaf extract,4814,1,ANY,0,False
stevia leaf extract reb a organic,4815,1,ANY,0,False
wateraquaedu,4816,1,ANY,0,False
coco betaine,4817,1,ANY,0,False
mentha piperita peppermint flowerleafstem,4818,1,ANY,0,False
ashwagandha root extract ksm66,4819,1,ANY,0,False
red radix root powder,4820,1,ANY,0,False
pumpkin seed powder,4821,1,ANY,0,False
horsetail grass extract,4822,1,ANY,0,False
kelp powder,4823,1,ANY,0,False
saw palmetto fruit extract,4824,1,ANY,0,False
vitamin k2 as mk-7 menaquinone-7,4825,1,ANY,0,False
vitamin a as vitamin a palmitate,4826,1,ANY,0,False
vitamin c as ascorbic acid,4827,4,AM,3,False
vitamin d3 as vitashine d3 cholecalciferol,4828,1,ANY,0,False
vitamin e as d-alpha tocopherol,4829,1,ANY,0,False
vitamin b1 as thiamine hydrochloride,4830,1,ANY,0,False
vitamin b2 as riboflavin 5-phosphate,4831,1,ANY,0,False
vitamin b3 as niacinamide,4832,3,ANY,0,False
vitamin b6 as pyridoxal 5-phosphate,4833,1,ANY,0,False
folate as l-methylfolate monosodium magnafolate pro,4834,1,ANY,0,False
vitamin b12 as methylcobalamin,4835,1,ANY,0,False
vitamin b5 as d-calcium pantothenate,4836,1,ANY,0,False
iron as iron bisglycinate,4837,1,ANY,0,False
iodine as kelp powder,4838,1,ANY,0,False
zinc as zinc bisglycinate,4839,1,ANY,0,False
rice concentrate nu-flow,4840,1,ANY,0,False
hydroxypropyl methylcellulose vegetarian capsule,4841,1,ANY,0,False
vitamin c as acerola powder,4842,4,AM,3,False
glutathione as setria l-glutathione reduced,4843,1,ANY,0,False
n-acetyl-cysteine,4844,1,ANY,0,False
schisandra chinesis berry extract,4845,1,ANY,0,False
silicon as living silica stabilized monomethylsilanetriol powder,4846,1,ANY,0,False
astaxanthin as astazine haematococcus pluvialis microalgae,4847,1,ANY,0,False
vegetable capsule hypromellose,4848,1,ANY,0,False
rice extract,4849,1,ANY,0,False
beta-glucan from ganoderma lucidum mbg,4850,1,ANY,0,False
zinc as l-optizinc l-methionine bound complex,4851,1,ANY,0,False
vitamin d2 from agaricus bisporus,4852,1,ANY,0,False
xiyuan jade,4853,1,ANY,0,False
helianthus annuus sunflower seed butter,4855,1,ANY,0,False
squalane plant derived,4856,1,ANY,0,False
lithospermum erythrorhizon gromwell root extract,4857,1,ANY,0,False
achillea millefolium yarrow oil,4858,1,ANY,0,False
juniperus communis juniper berry fruit oil,4859,1,ANY,0,False
sambucus nigra elderberry fruit extract,4860,1,ANY,0,False
glycyrrhiza glabra licorice root,4861,1,ANY,0,False
rhodiola rosea rhodiola root,4862,1,ANY,0,False
astragalus membranaceus astragalus root,4863,1,ANY,0,False
taraxacum officinale dandelion root,4864,1,ANY,0,False
angelica archangelica angelica root,4865,1,ANY,0,False
rosemary officinalis rosemary extract,4866,1,ANY,0,False
indigofera tinctoria indigo extract,4867,1,ANY,0,False
tanacetum annuum blue tansy oil,4868,1,ANY,0,False
rose quartz,4869,1,ANY,0,False
silver plated iron,4870,1,ANY,0,False
salicylic acid 15,4871,3,ANY,3,False
yeast amino acids,4872,1,ANY,0,False
cimicifuga racemosa root extract,4873,1,ANY,0,False
peg-10 stearate,4874,1,ANY,0,False
chitosan,4875,1,ANY,0,False
witch hazel water,4876,1,ANY,0,False
carrageenan extract,4877,1,ANY,0,False
cucumber fruit extract,4878,1,ANY,0,False
pelvetia canaliculata extract,4879,1,ANY,0,False
red 33 ci 17200 allergen,4880,1,ANY,0,False
dimethiconebis-isobutyl ppg-20 crosspolymer,4881,1,ANY,0,False
diethylhexyl 2,4882,1,ANY,0,False
6-naphthalate,4883,1,ANY,0,False
hordeum vulgare barley extract,4884,1,ANY,0,False
lentinus edodes shiitake mushroom extract,4885,1,ANY,0,False
mucor miehei extract,4886,1,ANY,0,False
hydrogenated soy polyglycerides,4887,1,ANY,0,False
c15-23 alkane,4888,1,ANY,0,False
4-ethylresorcinol,4889,1,ANY,0,False
rice amino acids,4890,1,ANY,0,False
nymphaea coerulea flower extract,4891,1,ANY,0,False
bacillusfolic acid ferment extract,4892,1,ANY,0,False
salicylic acid 2,4893,3,ANY,3,False
c12-15 alkyl lactate,4894,1,ANY,0,False
propanediol dicaprylate,4895,1,ANY,0,False
albatrellus confluens mushroom extract,4896,1,ANY,0,False
zinc oxide 170,4897,2,AM,0,False
glyceryl behenateeiosadioate,4898,1,ANY,0,False
oat kernel extract,4899,1,ANY,0,False
soybean sterols,4900,1,ANY,0,False
corn starch,4901,1,ANY,0,False
olive fruit oil,4902,1,ANY,0,False
glucosamine hci,4903,1,ANY,0,False
zinc aspartate,4904,1,ANY,0,False
orange oil,4905,1,ANY,0,False
mandarin orange peel oil,4906,1,ANY,0,True
basil oil,4907,1,ANY,0,False
galbanum resin oil,4908,1,ANY,0,False
passiflora edulis fruit extract,4909,1,ANY,0,False
meadowfoam delta-lactone,4910,1,ANY,0,False
sodium bisulfite,4911,1,ANY,0,False
polyglyceryl-10 tristearate,4912,1,ANY,0,False
yellow 5 cl 19140,4913,1,ANY,0,False
c13-16 isoparaffin,4914,1,ANY,0,False
amino esters-1,4915,1,ANY,0,False
2 hexanedio,4916,1,ANY,0,False
marrubium vulgare meristem cell culture,4917,1,ANY,0,False
hydrolyzed verbascum thapsus flower,4918,1,ANY,0,False
xanthophyll,4919,1,ANY,0,False
aluminum stearate,4920,1,ANY,0,False
hydrolyzed yeast extract,4921,1,ANY,0,False
polyglucuronic acid,4923,1,ANY,0,False
dioscorea villosa wild yam room extract,4924,1,ANY,0,False
cetyl hydroxethylcellulose,4925,1,ANY,0,False
picolinamide,4926,1,ANY,0,False
peach fruit extract,4927,1,ANY,0,False
indigofera tinctoria leaf extract,4928,1,ANY,0,False
fucus vesiculusus extract,4929,1,ANY,0,False
acetyl zingerone,4930,1,ANY,0,False
asparagospsis armata extract,4931,1,ANY,0,False
peg-8 methyl ether triethoxysilane,4932,1,ANY,0,False
bitter orange flower extract,4933,1,ANY,0,False
orange fruit extract,4934,1,ANY,0,False
green 3 ci 42053,4935,1,ANY,0,False
10-decanediol,4936,1,ANY,0,False
tricaprylyl citrate,4937,1,ANY,0,False
dioscorea villosa wild yam root extract,4938,1,ANY,0,False
avena sativa oat kernel protein,4939,1,ANY,0,False
olive oil unsaponifiables,4940,1,ANY,0,False
watermelon fruit extract,4941,1,ANY,0,False
lentil fruit extract,4942,1,ANY,0,False
panthenyl triacetate,4943,1,ANY,0,False
homosalate 100,4944,2,AM,0,False
homosalate 65,4945,2,AM,0,False
oxybenzone 20,4946,1,ANY,0,False
glyceryl ricinoleate,4947,1,ANY,0,False
coleus barbatus root extract,4949,1,ANY,0,False
peucedanum ostruthium leaf extract,4950,1,ANY,0,False
pinus cembra wood extract,4951,1,ANY,0,False
geraniol and fragranceparfum,4952,1,ANY,0,False
volcanic sand,4953,1,ANY,0,False
zinc oxide ci 77947,4954,2,AM,0,False
angelica archangelica root extract,4955,1,ANY,0,False
limonene linalool,4956,1,ANY,0,True
pinus strobus bark extract,4957,1,ANY,0,False
limonene and fragranceparfum,4958,1,ANY,0,True
and fragranceparfum,4959,1,ANY,0,False
lavandula stoechas extract,4960,1,ANY,0,False
titanium dioxide 428,4961,2,AM,0,False
zinc oxide 1903,4962,2,AM,0,False
sorbitolsebacic acid copolymer behenate,4963,1,ANY,0,False
octyldodecyl erucate,4964,1,ANY,0,False
citrus limon lemon seed oil,4965,1,ANY,0,True
citrus aurantifolia lime peel oil,4966,1,ANY,0,True
juniperus virginiana wood oil,4967,1,ANY,0,False
perilla ocymoides seed oil,4968,1,ANY,0,False
polyglyceryl-10 heptahydroxystearate,4969,1,ANY,0,False
polyglyceryl-3 ricinoleate,4970,1,ANY,0,False
20 zinc oxide,4971,2,AM,0,False
cetyl glyceryl ether,4972,1,ANY,0,False
zinc oxide 15,4973,2,AM,0,False
pyrus malus apple peel extract,4974,1,ANY,0,False
citrus junos seed oil,4975,1,ANY,0,True
tricholoma matsutake extract,4977,1,ANY,0,False
hydrolyzed cicer seed extract,4978,1,ANY,0,False
rhododendron chrysanthum leaf extract,4979,1,ANY,0,False
tocopherol limonene,4980,1,ANY,0,True
sea silt extract,4981,1,ANY,0,False
olivine extract,4982,1,ANY,0,False
leucojum aestivum bulb extract,4983,1,ANY,0,False
2 propanediol,4984,1,ANY,0,False
acrylic acid polymer,4985,1,ANY,0,False
cellulose polymer,4986,1,ANY,0,False
butyrospermum parkii butter,4987,1,ANY,0,False
isopentyldiol 1,4988,1,ANY,0,False
bellis perennis flower extract,4989,1,ANY,0,False
biosaccharide,4990,1,ANY,0,False
gum-4,4991,1,ANY,0,False
trifolium pratense flower extract,4992,1,ANY,0,False
zingiber officinale root extract,4993,1,ANY,0,False
hippophae rhamnoides extract,4994,1,ANY,0,False
santalum album sandalwood extract,4995,1,ANY,0,False
eriophorum spissum flowerstem extract,4996,1,ANY,0,False
gylcerin,4997,1,ANY,0,False
eucalpytus globulus leaf oil,4998,1,ANY,0,False
melia azadirachta seed oil,4999,1,ANY,0,False
epilobium fleischeri extract,5000,1,ANY,0,False
saussurea involucrata extract,5001,1,ANY,0,False
gossypium herbaceum cotton fruit water,5002,1,ANY,0,False
sodium riboflavin phosphate,5003,1,ANY,0,False
dimethylhydroxy furanone,5004,1,ANY,0,False
chonrus crispus carrageenan extract,5005,1,ANY,0,False
citrus limon lemon peel powder,5006,1,ANY,0,True
violet 2 ci 60730,5007,1,ANY,0,False
calanthe discolor extract,5008,1,ANY,0,False
peg-400,5009,1,ANY,0,False
eucalyptus globululs leaf oil,5010,1,ANY,0,False
acetyl hexapeptide-1,5013,1,ANY,0,False
citrus aurantium dulcis orange callus culture extract,5020,1,ANY,0,True
colloidal gold,5021,1,ANY,0,False
morus alba root extract,5022,1,ANY,0,False
beheneth-5,5023,1,ANY,0,False
hippophae rhamnoides kernel extract,5024,1,ANY,0,False
riboflavin,5025,1,ANY,0,False
saccharum officinarum sugar cane extractextrait de canne a sucre,5026,1,ANY,0,False
cera microcristallinamicrocrystalline waxcire microcristalline,5027,1,ANY,0,False
vaccinium vitis-idaea seed oil,5029,1,ANY,0,False
calcium ascorbate,5031,1,ANY,0,False
glycolici acid,5059,1,ANY,0,False
polyglyceryl-3 rice branate,5060,1,ANY,0,False
3-0-ethyl ascorbic acid,5061,4,AM,3,False
ethyl trisiloxane,5063,1,ANY,0,False
myrtus communis myrtle leaf water,5064,1,ANY,0,False
styrax benzoin gum,5065,1,ANY,0,False
cistus incanus flowerleafstem extract,5066,1,ANY,0,False
origanum heracleoticum flower oil,5067,1,ANY,0,False
osmanthus fragrans flower extract,5069,1,ANY,0,False
ribes nigrum bud extract,5070,1,ANY,0,False
cinnamomum camphora camphor leaf extract,5071,1,ANY,0,False
benzaldehyde,5072,1,ANY,0,False
gamma-decalactone,5073,1,ANY,0,False
ethyl acetate,5074,1,ANY,0,False
citrus aurantium dulcis orange peel wax,5075,1,ANY,0,True
punica granatum pomegranate sterols,5076,1,ANY,0,False
cinnamomum zeylanicum leaf oil,5077,1,ANY,0,False
valeriana officinalis root oil,5078,1,ANY,0,False
ppg-14 butyl ether,5079,1,ANY,0,False
gaultheria procumbens wintergreen leaf oil,5080,1,ANY,0,False
cananga odorata ylang ylang flower oil,5081,1,ANY,0,False
porphyra yezoensis algae extract,5082,1,ANY,0,False
ethyl phenylacetate,5083,1,ANY,0,False
phellinus linteus extract,5084,1,ANY,0,False
fuscoporia obliqua sclerotium extract,5085,1,ANY,0,False
trideceth-9,5086,1,ANY,0,False
peg-4 dilaurate,5087,1,ANY,0,False
cucumis sativus cucumber oil,5088,1,ANY,0,False
gigartina stellata algae extract,5089,1,ANY,0,False
tocopheryl linoleateoleate,5090,1,ANY,0,False
phenoxyethanol iln42077,5091,1,ANY,0,False
illicium verum anise fruitseed oil,5092,1,ANY,0,False
myristica fragrans nutmeg kernel oil,5093,1,ANY,0,False
anogeissus leiocarpus bark extract,5095,1,ANY,0,False
viola odorata flowerleaf extract,5096,1,ANY,0,False
polianthes tuberosa extract,5097,1,ANY,0,False
rosa roxburghii fruit extract,5098,1,ANY,0,False
paeonia albiflora peony root extract,5099,1,ANY,0,False
essential oil,5100,1,ANY,0,False
organic sucrose brown sugar,5101,1,ANY,0,False
lactobacilluspanax ginseng root ferment filtrate,5102,1,ANY,0,False
dimer dilinoleyl dimer dilinoleate,5103,1,ANY,0,False
lavandula angustifolia lavender oil pelargonium graveolens flower oil,5104,1,ANY,0,False
illicium verum anise oil,5105,1,ANY,0,False
phenoxyethanol iln38656 essential oil,5106,1,ANY,0,False
isodecyl isononanoate,5107,1,ANY,0,False
phenoxyethanol iln42228,5108,1,ANY,0,False
mica iln42082,5109,1,ANY,0,False
octocrylene 28,5110,2,AM,0,False
mica iln42148,5111,1,ANY,0,False
peg-4,5112,1,ANY,0,False
boswellia carterii olibanum oil,5113,1,ANY,0,False
cordyceps sinensis mushroom extract,5114,1,ANY,0,False
hydroxyethyl ure,5115,1,ANY,0,False
linum alpinum flowerleafstem extract,5116,1,ANY,0,False
palargonium graveolens flower oil,5117,1,ANY,0,False
stearoxymethiconedimethicone copolymer,5118,1,ANY,0,False
ocimum sanctum holy basil leaf extract silybum marianum fruit extract,5119,1,ANY,0,False
phenoxyethanol iln45124,5120,1,ANY,0,False
octocrylene 2,5121,2,AM,0,False
sambucus nigra black elderberry fruit extract,5122,1,ANY,0,False
c13-16 isoalkane,5123,1,ANY,0,False
sh-polypeptide-121,5124,1,ANY,0,False
zerumbone,5125,1,ANY,0,False
acetyl sh-hexapeptide-5 amide acetate,5126,1,ANY,0,False
palmitoyl tetrapeptide-72 amide,5127,1,ANY,0,False
syn-tc,5128,1,ANY,0,False
diaminobutyroyl hydroxythreonine,5129,1,ANY,0,False
castor isostearate succinate,5130,1,ANY,0,False
peg-33,5131,1,ANY,0,False
sodium hydroxide ph adjuster,5132,1,ANY,0,False
peg-75 shea butter glycerides,5133,1,ANY,0,False
peg-14,5134,1,ANY,0,False
glycerth-26,5135,1,ANY,0,False
portulaca oleracea purslane extract,5136,1,ANY,0,False
niacinamide vitamin b3,5137,3,ANY,0,False
skin-restoring,5138,1,ANY,0,False
acetyl glucosamine skin replenishingantioxidant,5139,1,ANY,0,False
ascorbyl glucoside vitamin cantioxidant,5140,4,AM,3,False
butylene glycol hydration,5141,1,ANY,0,False
phospholipids skin replenishing,5142,1,ANY,0,False
sodium hyaluronate hydrationskin replenishing,5143,1,ANY,0,False
allantoin skin-soothing,5144,1,ANY,0,False
boerhavia diffusa root extract skin-soothing,5145,1,ANY,0,False
glycerin hydrationskin replenishing,5146,1,ANY,0,False
dipotassium glycyrrhizate skin-soothing,5147,1,ANY,0,False
glycyrrhiza glabra root extract licorice extractskin-soothing,5148,1,ANY,0,False
ubiquinone antioxidant,5149,1,ANY,0,False
epigallocatechin gallate antioxidant,5150,1,ANY,0,False
beta-glucan skin-soothingantioxidant,5151,1,ANY,0,False
panthenol skin replenishing,5152,1,ANY,0,False
carnosine antioxidant,5153,1,ANY,0,False
genistein antioxidant,5154,1,ANY,0,False
citric acid ph balancing,5155,1,ANY,0,False
sodium citrate ph balancing,5156,1,ANY,0,False
sodium hydroxide ph balancing,5157,1,ANY,0,False
xanthan gum texture-enhancing,5158,1,ANY,0,False
disodium edta stabilizer,5159,1,ANY,0,False
ethylhexylglycerin preservative,5160,1,ANY,0,False
phenoxyethanol preservative,5161,1,ANY,0,False
dimethicone hydrationskin-softening,5162,1,ANY,0,False
pentaerythrityl tetraisostearate texture enhancerstabilizer,5163,1,ANY,0,False
isononyl isononanoate emollient,5164,1,ANY,0,False
butylene glycol slip agenthydration,5165,1,ANY,0,False
bakuchiol skin-restoringantioxidant,5166,2,ANY,0,False
arachidyl alcohol texture enhancerstabilizer,5167,1,ANY,0,False
glyceryl polymethacrylate film-forming agent,5168,1,ANY,0,False
dimethicone crosspolymer texture enhancer,5169,1,ANY,0,False
behenyl alcohol texture enhancer,5170,1,ANY,0,False
peg-75 shea butter glycerides emollient,5172,1,ANY,0,False
glyceryl stearate texture enhancer,5173,1,ANY,0,False
c12-15 alkyl benzoate emollient,5174,1,ANY,0,False
polysorbate 20 emulsifier,5175,1,ANY,0,False
tetrahexyldecyl ascorbate vitamin cantioxidant,5176,4,AM,3,False
retinol vitamin askin-restoring,5177,4,PM,4,True
ceramide ng skin-replenishing,5178,1,ANY,0,False
palmitoyl tetrapeptide-7 skin-restoring,5179,1,ANY,0,False
palmitoyl hexapeptide-12 skin-restoring,5180,1,ANY,0,False
sodium hyaluronate skin-replenishing,5181,1,ANY,0,False
glycyrrhiza glabra licorice root extract skin-soothingantioxidant,5182,1,ANY,0,False
avena sativa oat kernel extract skin-soothingantioxidant,5183,1,ANY,0,False
arctium lappa burdock root extract skin-soothingantioxidant,5184,1,ANY,0,False
salix alba willow bark extract skin-soothingantioxidant,5185,1,ANY,0,False
glycine soja soybean sterols skin-replenishing,5186,1,ANY,0,False
lecithin skin-restoring,5187,1,ANY,0,False
tocopheryl acetate vitamin eantioxidant,5188,1,ANY,0,False
hydrolyzed soy protein skin-softening,5189,1,ANY,0,False
palmitoyl tripeptide-1 skin-restoring,5190,1,ANY,0,False
tribehenin emollient,5191,1,ANY,0,False
caprylyl glycol skin-softening,5192,1,ANY,0,False
dipeptide-2 skin-restoring,5193,1,ANY,0,False
polygonum cuspidatum root extract antioxidant,5194,1,ANY,0,False
peg-10 phytosterol fatty acid-based emollient,5195,1,ANY,0,False
peg-8 texture enhancer,5196,1,ANY,0,False
magnesium aluminum silicate texture enhancer,5197,1,ANY,0,False
arachidyl glucoside texture enhancer,5198,1,ANY,0,False
chrysin skin-softening,5199,1,ANY,0,False
pentylene glycol slip agent,5200,1,ANY,0,False
sodium acrylates copolymer film-forming agent,5201,1,ANY,0,False
steareth-20 emulsifier,5202,1,ANY,0,False
hydroxyethyl acrylatesodium acryloyldimethyl taurate copolymer texture enhancer,5203,1,ANY,0,False
cetearyl alcohol emollient,5204,1,ANY,0,False
coco-glucoside surfactant,5205,1,ANY,0,False
hesperidin methyl chalcone antioxidant,5206,1,ANY,0,False
n-hydroxysuccinimide skin-softening,5207,1,ANY,0,False
disodium edta chelating agent,5208,1,ANY,0,False
benzoic acid preservative,5209,1,ANY,0,False
niacinamide skin-restoring,5210,3,ANY,0,False
lactobacillus skin-replenishingskin-soothing,5211,1,ANY,0,False
tranexamic acid skin-conditioningbrightening,5212,1,ANY,0,False
capryliccapric triglyceride skin-replenishing,5213,1,ANY,0,False
dicaprylyl carbonate emollient solvent,5214,1,ANY,0,False
ethyl macadamiate skin-softening,5215,1,ANY,0,False
c13-15 alkane solvent,5216,1,ANY,0,False
glyceryl stearate emulsifier,5217,1,ANY,0,False
silybum marianum seed oil non-fragrant antioxidant plant oil,5218,1,ANY,0,False
tocopherol vitamin eantioxidant,5219,1,ANY,0,False
cocos nucifera coconut fruit extract antioxidant,5220,1,ANY,0,False
xanthan gum texture enhancer,5221,1,ANY,0,False
caprylyl glycol emollient,5222,1,ANY,0,False
hydrogenated lecithin skin-restoring,5223,1,ANY,0,False
glycine soja soybean oil non-fragrant antioxidant plant oils,5224,1,ANY,0,False
hexylene glycol solvent,5225,1,ANY,0,False
boerhavia diffusa root extract skin-soothing antioxidant plant,5226,1,ANY,0,False
glycine soja soybean sterols skin-replenishingantioxidant,5227,1,ANY,0,False
citric acid ph adjuster,5228,1,ANY,0,False
sodium phytate chelating agent,5229,1,ANY,0,False
malic acid ph adjuster,5230,1,ANY,0,True
clitoria ternatea butterfly pea flower extract,5231,1,ANY,0,False
titanium dioxide cl 77891,5232,2,AM,0,False
zinc oxide 13,5233,2,AM,0,False
hydrolyzed pumpkin seedcake,5236,1,ANY,0,False
euterpe oleracea acai fruit extract,5237,1,ANY,0,False
benzoyl peroxide 25,5238,5,ANY,5,False
butyrospermum parkii shea butter emollientantioxidant,5239,1,ANY,0,False
ceteareth-6 olivate hydrationtexture enhancer,5240,1,ANY,0,False
polyglyceryl-4 laurate emollientemulsifier,5241,1,ANY,0,False
decyl oleate emollient,5242,1,ANY,0,False
linum usitatissimum linseed seed oil flax seed non-fragrant omega 3,5243,1,ANY,0,False
6,5244,1,ANY,0,False
and 9 plant oil,5245,1,ANY,0,False
salvia hispanica chia seed oil non-fragrant omega-3 plant oil,5246,1,ANY,0,False
olea europaea olive fruit oil non-fragrant antioxidant plant oil,5247,1,ANY,0,False
passiflora edulis passion fruit seed oil non-fragrant omega-6 plant oil,5248,1,ANY,0,False
borago officinalis seed oil non-fragrant antioxidant plant oilskin-soothing,5249,1,ANY,0,False
hydrogenated olive oil emollient plant oil,5250,1,ANY,0,False
psidium guajava guavafruit extract antioxidant,5251,1,ANY,0,False
olea europaea olive oil unsaponifiables hydration,5252,1,ANY,0,False
limnanthes alba meadowfoam seed oil non-fragrant plant oil,5253,1,ANY,0,False
linolenic acid skin-restoring fatty acids,5254,1,ANY,0,False
oleic acid non-fragrant omega-9 fatty acid,5255,1,ANY,0,False
euterpe oleracea acai sterols emollient,5256,1,ANY,0,False
ceramide np skin-replenishingskin-restoring ingredients,5257,1,ANY,0,False
proline amino acidshydration,5258,1,ANY,0,False
lysine hcl amino acid salthydration,5259,1,ANY,0,False
arginine amino acidshydration,5260,1,ANY,0,False
squalane emollient,5261,1,ANY,0,False
cholesterol skin-replenishing,5262,1,ANY,0,False
phytosphingosine skin-restoring,5263,1,ANY,0,False
anastatica hierochuntica extract rose of jerichoskin-soothingantioxidant,5264,1,ANY,0,False
sodium lactate electrolyte hydration,5265,1,ANY,0,False
boerhavia diffusa root extract skin-soothingantioxidant,5266,1,ANY,0,False
adenosine skin-restoring,5267,1,ANY,0,False
phytic acid chelating agent,5268,1,ANY,0,False
glutamic acid amino acidhydration,5269,1,ANY,0,False
betaine hydration,5270,1,ANY,0,False
pullulan texture enhancefilm-forming agent,5271,1,ANY,0,False
sodium pca skin-replenishing,5272,1,ANY,0,False
carbomer thickener,5273,1,ANY,0,False
sodium polyacrylate starch texture enhancerstabilizer,5274,1,ANY,0,False
xanthan gum plant-derived thickeners,5275,1,ANY,0,False
sodium lauroyl lactylate emulsifier,5276,1,ANY,0,False
ethylhexylglycerin preservatives,5277,1,ANY,0,False
soapberry sapindus mukurossi peel extract,5278,1,ANY,0,False
prunus domestica plum seed oil,5279,1,ANY,0,False
salicylic acid 2 bha,5280,3,ANY,3,False
hydrogenated castor oilsebacic acid copolymer,5281,1,ANY,0,False
dipentaerythrityl tetrabehenatepolyhydroxystearate,5282,1,ANY,0,False
polyamide-8,5283,1,ANY,0,False
chamomilla recutita matricaria chamomile flower extract,5284,1,ANY,0,False
potassium pca,5285,1,ANY,0,False
polyglyceryl-4 olivate,5286,1,ANY,0,False
laminaria saccharina brown algae extract,5287,1,ANY,0,False
biotinfolic acidcyanocobalaminniacinamidepantothenic acidpyridoxineriboflavinthiamineyeast polypeptides,5288,3,ANY,0,False
garcinia mangostana mangosteen peel extract,5289,1,ANY,0,False
acetyl hexapeptide-37,5290,1,ANY,0,False
sodium acrylates copolymer acrylatesc10-30 alkyl acrylate crosspolymer,5291,1,ANY,0,False
dunaliella salina algae extract,5292,1,ANY,0,False
glyceryl ascorbate,5293,1,ANY,0,False
potassium thiocyanate,5294,1,ANY,0,False
salicylic acid 05 anti-acne,5295,3,ANY,3,False
sodium lauroyl sarcosinate cleansing agent,5296,1,ANY,0,False
acrylatessteareth-20 methacrylate copolymer texture enhancer,5297,1,ANY,0,False
peg-200 hydrogenated glyceryl palmate cleansing agentsolubilizer,5298,1,ANY,0,False
sodium laureth sulfate cleansing agent,5299,1,ANY,0,False
arginine amino acidskin-softening,5300,1,ANY,0,False
butylene glycol hydrationslip agent,5301,1,ANY,0,False
peg-7 glyceryl cocoate emollientemulsifier,5302,1,ANY,0,False
panthenol vitamin b5hydration,5303,1,ANY,0,False
peg-60 hydrogenated castor oil cleansing agentsolubilizer,5304,1,ANY,0,False
sodium citrate chelating agent,5305,1,ANY,0,False
caprylyl glycol preservative,5306,1,ANY,0,False
chlorphenesin preservative,5307,1,ANY,0,False
dipropylene glycol hydration,5308,1,ANY,0,False
pentylene glycol hydration,5309,1,ANY,0,False
polysorbate 20 stabilizer,5310,1,ANY,0,False
glycerin skin replenishing,5311,1,ANY,0,False
panthenol hydration,5312,1,ANY,0,False
pegppg-176 copolymer texture-enhancing,5313,1,ANY,0,False
methyl gluceth-20 hydration,5314,1,ANY,0,False
glycereth-26 texture-enhancing,5315,1,ANY,0,False
bis-peg-18 methyl ether dimethyl silane hydration,5316,1,ANY,0,False
tetrasodium edta stabilizer,5317,1,ANY,0,False
sodium metabisulfite stabilizer,5318,1,ANY,0,False
benzoyl peroxide 25 anti-acne,5319,5,ANY,5,False
propylene glycol hydrationpenetration enhancer,5320,1,ANY,0,False
bisabolol skin-soothing,5321,1,ANY,0,False
acrylatesc10-30 alkyl acrylate crosspolymer texture-enhancing,5322,1,ANY,0,False
hydroxyethylcellulose texture-enhancing,5323,1,ANY,0,False
sodium citrate ph adjuster,5324,1,ANY,0,False
laureth-4 stabilizer,5325,1,ANY,0,False
caprylyl glycol preservatives,5326,1,ANY,0,False
hexylene glycol preservatives,5327,1,ANY,0,False
ethyl macadamiate hydration,5328,1,ANY,0,False
cetearyl alcohol texture enhancer,5329,1,ANY,0,False
propanediol hydration,5330,1,ANY,0,False
triethylhexanoin skin-smoothing,5331,1,ANY,0,False
sodium acrylates copolymer texture enhancer,5332,1,ANY,0,False
peg-100 stearate thickeners,5333,1,ANY,0,False
glycyrrhiza glabra licorice root extract skin- soothing,5334,1,ANY,0,False
hydrolyzed pumpkin seedcake skin-replenishing,5335,1,ANY,0,False
vaccinium angustifolium blueberry fruit extract antioxidant,5336,1,ANY,0,False
euterpe oleracea acai fruit extract antioxidant,5337,1,ANY,0,False
prunus serotina wild cherry fruit extract skin-soothingantioxidant,5338,1,ANY,0,False
tripeptide-29 skin-restoring,5339,1,ANY,0,False
ceramide eop skin-replenishing,5340,1,ANY,0,False
sodium hyaluronate skin-replenishinghydration,5341,1,ANY,0,False
lecithin skin-restoringhydration,5342,1,ANY,0,False
arginine amino acidhydration,5343,1,ANY,0,False
sodium lauroyl lactylate emulsifier sodium gluconate hydrationchelation,5344,1,ANY,0,False
isohexadecane solventtexture enhancer,5345,1,ANY,0,False
carbomer thickeners,5346,1,ANY,0,False
methylpropanediol hydration,5347,1,ANY,0,False
salicylic acid beta hydroxy acidexfoliant,5348,3,ANY,3,False
camellia oleifera leaf extract green teaskin calmingantioxidant,5349,1,ANY,0,False
sodium hydroxide ph balancer,5350,1,ANY,0,False
azelaic acid skin-brighteningtone-improving,5351,3,ANY,2,False
methyl glucose sesquistearate emollient,5352,1,ANY,0,False
dimethicone hydrationtexture enhancer,5353,1,ANY,0,False
salicylic acid exfoliant,5354,3,ANY,3,False
cyclopentasiloxane texture enhancer,5356,1,ANY,0,False
xanthan gum stabilizer,5357,1,ANY,0,False
sclerotium gum stabilizer,5358,1,ANY,0,False
dimethicone skin-softening,5359,1,ANY,0,False
butylene glycol hydrating,5360,1,ANY,0,False
castor isostearate succinate skin-softening,5361,1,ANY,0,False
peg-33 stabilizer,5362,1,ANY,0,False
polysorbate 20 texture enhancer,5363,1,ANY,0,False
peg-100 stearate texture enhancer,5364,1,ANY,0,False
pentaerythrityl tetraisostearate stabilizer,5365,1,ANY,0,False
polymethylsilsesquioxane texture enhancer,5366,1,ANY,0,False
retinol skin-restoring,5367,4,PM,4,True
dipotassium glycyrrhizate antioxidant plant extractsskin-soothing,5368,1,ANY,0,False
glycyrrhiza glabra root extract licorice extractantioxidantskin-soothing,5369,1,ANY,0,False
avena sativa kernel extract oat extractantioxidantskin-soothing,5370,1,ANY,0,False
arctium lappa root extract burdock extractantioxidantskin-soothing,5371,1,ANY,0,False
salix alba bark extract willow bark extractantioxidantskin-soothing,5372,1,ANY,0,False
glycine soja sterols antioxidantskin-softening,5373,1,ANY,0,False
hydrolyzed soy protein antioxidantskin-softening,5374,1,ANY,0,False
sorbitan laurate texture enhancer,5375,1,ANY,0,False
acetyl dipeptide-1 cetyl ester skin-soothing,5376,1,ANY,0,False
hydroxyethylcellulose texture enhancer,5377,1,ANY,0,False
ethylhexylglycerin skin-softening,5378,1,ANY,0,False
pentylene glycol hydrating,5379,1,ANY,0,False
ppg-12smdi copolymer stabilizer,5380,1,ANY,0,False
peg-8 dimethicone skin-softening,5381,1,ANY,0,False
peg-14 texture enhancer,5382,1,ANY,0,False
arachidyl alcohol texture enhancer,5383,1,ANY,0,False
sclerotium gum texture enhancer,5384,1,ANY,0,False
carbomer gel-based texture enhancer,5385,1,ANY,0,False
retinyl acetate vitamin a,5386,1,ANY,0,False
hydrocolloid polymer technology,5387,1,ANY,0,False
dmae bitartrate,5388,1,ANY,0,False
rhus succedanea fruit wax,5389,1,ANY,0,False
hydrogenated rice bran oil,5390,1,ANY,0,False
heptasodium hexacarboxymethyl dipeptide-12,5391,1,ANY,0,False
biotinoyl hexapeptide-2 amide,5392,1,ANY,0,False
glycyrrhiza glabra licorice,5394,1,ANY,0,False
root extract,5395,1,ANY,0,False
vaccinium myrtillus blueberry seed oil,5396,1,ANY,0,False
15 alkane-c13,5397,1,ANY,0,False
fomes officinalis mushroom extractfomes officinalis extract,5398,1,ANY,0,False
cydonia oblonga leaf extract,5399,1,ANY,0,False
oligopeptide-34,5401,1,ANY,0,False
citrus unshiu fruit extract,5403,1,ANY,0,True
passiflora edulis passionfruit seed oil,5404,1,ANY,0,False
pavlova lutheri extract,5405,1,ANY,0,False
gardenia taitensis gardenia flower extract,5406,1,ANY,0,False
aminobutyric acid,5407,1,ANY,0,False
passiflora edulis passion fruit extract,5408,1,ANY,0,False
menadione,5409,1,ANY,0,False
tetrahexyldecyl ascorbate vitamin c,5410,4,AM,3,False
avena sativa oat meal extract,5411,1,ANY,0,False
phaseolus radiatus seed extract,5412,1,ANY,0,False
psoralea corylifolia seed extract,5413,1,ANY,0,False
citrus aurantium bergamia bergamot fruit water,5414,1,ANY,0,True
r-bacillus licheniformis keratinase,5415,1,ANY,0,False
quercus alba bark extract,5416,1,ANY,0,False
tilia cordata flower extract,5417,1,ANY,0,False
cucurbita pepo pumpkin,5418,1,ANY,0,False
astrocaryum tucuma seed butter,5419,1,ANY,0,False
bacillus,5420,1,ANY,0,False
yeast beta-glucan,5421,1,ANY,0,False
sodium silicate,5422,1,ANY,0,False
sodium magnesium fluorosilicate,5423,1,ANY,0,False
foeniculum vulgare fennel seed extract,5424,1,ANY,0,False
tripeptide-10 citrulline,5425,1,ANY,0,False
vinyl caprolactamvpdimethylaminoethyl methacrylate copolymer,5427,1,ANY,0,False
citrus tangerina tangerine peel extract,5428,1,ANY,0,True
lava powder,5430,1,ANY,0,False
sargassum fusiforme extract,5431,1,ANY,0,False
chamomilla recutita matricaria flower oil,5432,1,ANY,0,False
palmitoyl hexapeptide-19,5434,1,ANY,0,False
silanetriol trehalose ether,5435,1,ANY,0,False
fdc blue no 1 ci 42090,5436,1,ANY,0,False
polyglyceryl-2 distearate,5437,1,ANY,0,False
peg-75 100 stearate,5439,1,ANY,0,False
peg glycerin,5440,1,ANY,0,False
morus alba white mulberry root extract,5442,1,ANY,0,False
scutellaria lateriflora extract,5443,1,ANY,0,False
hydrangea arborescens root extract,5444,1,ANY,0,False
gold ci 77480,5445,1,ANY,0,False
peg-8 beeswax,5446,1,ANY,0,False
angelica acutiloba root extract,5447,1,ANY,0,False
angelica gigas root extract,5448,1,ANY,0,False
polygonum multiflorum root extract,5449,1,ANY,0,False
sophora angustifolia root extract,5450,1,ANY,0,False
bisglycidoxyphenylpropanebisaminomethylnorbornane copolymer,5451,1,ANY,0,False
ethyl hexanediol chlorphenesin,5452,1,ANY,0,False
c26-28 alkyl dimethicone,5453,1,ANY,0,False
polyphenylsilsesquioxane,5454,1,ANY,0,False
vaccinium vitis-idaea fruit extract,5455,1,ANY,0,False
hydrolyzed extensin,5456,1,ANY,0,False
potassium hyaluronate,5457,1,ANY,0,False
titanium dioxide 193,5458,2,AM,0,False
zinc oxide 1924,5459,2,AM,0,False
stearyl phosphate,5460,1,ANY,0,False
soy acid,5461,1,ANY,0,False
gluconol actone,5462,1,ANY,0,False
polyglyceryl- 6 distearate,5463,1,ANY,0,False
olus oil,5464,1,ANY,0,False
histidine hcl,5465,1,ANY,0,False
dimethylacrylamideacrylic acidpolystyrene ethyl methacrylate copolymer,5468,1,ANY,0,False
sodium acryloyldimethyltauratevp crosspolymer,5469,1,ANY,0,False
ammonium acrylolydimethyltauratevp copolymer,5470,1,ANY,0,False
iron oxide red ci 77491,5471,1,ANY,0,False
anthocyanins,5473,1,ANY,0,False
isostearamide mipa,5477,1,ANY,0,False
aleurites moluccanus kukui seed oil,5478,1,ANY,0,False
rosa canina rose hip fruit extract,5479,1,ANY,0,False
sclerocarya birrea marula seed oil,5480,1,ANY,0,False
cannabis sativa hemp flowerleafstem extract,5481,1,ANY,0,False
calophyllum inophyllum tamanu seed oil,5482,1,ANY,0,False
adansonia digitata baobab seed oil,5483,1,ANY,0,False
melia azadirachta neem seed oil,5484,1,ANY,0,False
anthemis nobilis chamomile flower oil,5485,1,ANY,0,False
garcinia indica seed butter,5486,1,ANY,0,False
sr-hydrozoan polypeptide-1,5487,1,ANY,0,False
sesame oil sesamum indicum,5488,1,ANY,0,False
rice bran oil oryza sativa,5489,1,ANY,0,False
manjishta rubia cordifolia,5490,1,ANY,0,False
lodh tree bark symplocos racemosa,5492,1,ANY,0,False
nutgrass cyperus rotundus,5493,1,ANY,0,False
vetiver vetiveria zizanoides,5494,1,ANY,0,False
licorice root glycyrrhiza glabra,5495,1,ANY,0,False
bay leaf cinnamomum tamala,5496,1,ANY,0,False
himalayan cherry prunus cerasoides,5497,1,ANY,0,False
lotus seed nelumbo nucifera,5498,1,ANY,0,False
pushkarmool inula racemosa,5499,1,ANY,0,False
indian barberry berberis aristata,5501,1,ANY,0,False
cobra saffron mesua ferrea,5502,1,ANY,0,False
flame of the forest butea menosperma,5503,1,ANY,0,False
priyangu callicarpa macrophylla,5504,1,ANY,0,False
banyan ficus bengalensis,5505,1,ANY,0,False
mustard brassica campestris,5506,1,ANY,0,False
rose essential oil rosa damascena,5507,1,ANY,0,False
bakuchi psoralea corylifolia seed oil,5508,1,ANY,0,False
helianthus annuus sunflower seed cera,5509,1,ANY,0,False
withania somnifera ashwagandha oil sesamum indicum sesame seed oil,5510,1,ANY,0,False
withania somnifera ashwagandha,5511,1,ANY,0,False
nelumbium nucifera lotus saffron,5512,1,ANY,0,False
nelumbo nucifera lotus flower,5513,1,ANY,0,False
valeriana brunoniana sugandhibala,5514,1,ANY,0,False
hemidesmus indicus indian sarsaparilla,5515,1,ANY,0,False
mesua ferrea cobra saffron,5516,1,ANY,0,False
amomum subulatum roxb black cardamom,5517,1,ANY,0,False
solanum xanthocarpum yellow-fruit nightshade,5518,1,ANY,0,False
solanum indicum linn black nightshade,5519,1,ANY,0,False
triphala emblica officinalis amla,5520,1,ANY,0,False
terminalia bellirica bibhitaki,5521,1,ANY,0,False
and terminalia chebula haritaki,5522,1,ANY,0,False
prunus cerasoides prunus cerasoides,5524,1,ANY,0,False
boerhavia diffusa punarnava,5525,1,ANY,0,False
glycerin niacinamide,5526,3,ANY,0,False
pelargonium graveolens geranium oil,5527,1,ANY,0,False
rosa damascena rose oil,5528,1,ANY,0,False
fruit enzymes watereau,5529,1,ANY,0,False
mangifera indica mango pulp extract and musa sapientum banana pulp extract,5530,1,ANY,0,False
rubia cordifolia manjistha,5531,1,ANY,0,False
turmeric curcuma longa,5532,1,ANY,0,False
papaya enzyme papain,5533,1,ANY,0,False
saffron crocus sativus,5534,1,ANY,0,False
lotus seed nelumbo nucifera and licorice root glycyrrhiza glabra,5535,1,ANY,0,False
sesame seed sesamum indicum oil,5536,1,ANY,0,False
ashwagandha withania somnifera,5537,1,ANY,0,False
lotus flower nelumbo nucifera,5538,1,ANY,0,False
sugandh-bala valeriana brunoniana,5539,1,ANY,0,False
indian sarsparilla hemidesmus indicus,5540,1,ANY,0,False
green cardamom elettaria cardamom,5541,1,ANY,0,False
black cardamom amomum subulatum,5542,1,ANY,0,False
yellow-fruit nightshade solanum xanthocarpum,5543,1,ANY,0,False
badi kateri solanum indicum linn,5544,1,ANY,0,False
triphala powder amla emblica officinalis,5545,1,ANY,0,False
bibhitaki terminalia bellirica,5546,1,ANY,0,False
and haritaki terminalia chebula,5547,1,ANY,0,False
punarnava boerhavia diffusa,5548,1,ANY,0,False
rice oryza sativa powder,5549,1,ANY,0,False
sweet almond prunus amygdalus dulcis oil,5550,1,ANY,0,False
dehydoacetic acid,5551,1,ANY,0,False
geranium pelargonium graveolens flower essential oil,5552,1,ANY,0,False
chlorophyll,5553,1,ANY,0,False
sesame sesamum indicum oil,5554,1,ANY,0,False
manjistha rubia cordifolia,5555,1,ANY,0,False
garcinia indica kokum seed butter,5556,1,ANY,0,False
sida cordifolia bala oil sesamum indicum sesame seed oil,5557,1,ANY,0,False
sida cordifolia bala oil,5558,1,ANY,0,False
aegle marmelo dashmool,5559,1,ANY,0,False
hordeum vulgare barley,5560,1,ANY,0,False
ziziphus mauritiana indian jujube,5561,1,ANY,0,False
macrotyloma uniflorum kulittha,5562,1,ANY,0,False
indigofera tinctoria neelika,5563,1,ANY,0,False
asparagus racemosus shatavari,5564,1,ANY,0,False
pueraria tuberosa vidarikand,5565,1,ANY,0,False
dioscorea bulbifera,5566,1,ANY,0,False
tinospora cordifolia moonseed,5567,1,ANY,0,False
phaseolous trilobus mudgaparni,5568,1,ANY,0,False
bambusa arundiaceae,5569,1,ANY,0,False
pistacia integerrima,5570,1,ANY,0,False
artemisia vulgaris mugwort,5571,1,ANY,0,False
leptadenia reticulata,5572,1,ANY,0,False
shorea robusta,5573,1,ANY,0,False
cedrus dcodara,5574,1,ANY,0,False
cyperus rotundus nut grass,5575,1,ANY,0,False
elettaria cardamomum,5576,1,ANY,0,False
valeriana wallichii,5577,1,ANY,0,False
nardostachys jatamansi,5578,1,ANY,0,False
parmelia perlata,5579,1,ANY,0,False
cinnamomum tamala,5580,1,ANY,0,False
hemidesmus indicus,5581,1,ANY,0,False
acorus calamus sweet flag,5582,1,ANY,0,False
boerhavia diffusa,5583,1,ANY,0,False
undecane and tridecane,5584,1,ANY,0,False
hydrogenated soy polyglycerides and c15-23 alkanes,5585,1,ANY,0,False
rose damascena rose oil,5586,1,ANY,0,False
vegetable derived,5587,1,ANY,0,False
derived from non-gmo soy,5588,1,ANY,0,False
jasmine officinale 100,5589,1,ANY,0,False
citrus tangerina tangerine peel oil,5590,1,ANY,0,True
citrus nobilis mandarin peel oil,5591,1,ANY,0,True
heptanol,5592,1,ANY,0,False
vaccinium vitis-idaea lingonberry seed oil,5593,1,ANY,0,False
pueraria lobata kudzu symbiosome extract,5594,1,ANY,0,False
oryza sativa starch,5595,1,ANY,0,False
cinnamomum camphora linalloliferum ho wood leaf oil,5596,1,ANY,0,False
rosmarinus officinalis rosmary leaf extract,5597,1,ANY,0,False
olea europaea oil unsaponifiables,5598,1,ANY,0,False
citrus aurantium amara flower extract,5599,1,ANY,0,True
helianthus annuus seed wax,5600,1,ANY,0,False
sunflower seed extract,5601,1,ANY,0,False
meadowfoam seed oil,5602,1,ANY,0,False
oryza sativa bran oil,5603,1,ANY,0,False
oryza sativa germ oil,5604,1,ANY,0,False
limnanthes alba seed oil,5605,1,ANY,0,False
ammonium bicarbonate,5606,1,ANY,0,False
foeniculum vulgare fennel fruit extract,5607,1,ANY,0,False
polyglyceryl 6 oleate,5608,1,ANY,0,False
citrus aurantium amara bitter orange flower water extract,5609,1,ANY,0,True
parfum 100 natural fragrance,5610,1,ANY,0,False
helianthus annus sunflower seed wax,5611,1,ANY,0,False
capryliccapric triglyceride panthenol,5612,1,ANY,0,False
vaccinium vitas-idaea lingonberry seed oil,5613,1,ANY,0,False
cocus nucifera coconut fruit extract,5614,1,ANY,0,False
rosmarinus officinalis leat extract,5615,1,ANY,0,False
magnesium carboxymethyl beta glucan,5616,1,ANY,0,False
leptospermum scoparium oil,5617,1,ANY,0,False
crataegus oxyacantha stem extract,5618,1,ANY,0,False
coco caprylatecaprate,5619,1,ANY,0,False
wateraquaeua,5620,1,ANY,0,False
brassica napus oleifera extract,5621,1,ANY,0,False
polygonum aviculare extract,5622,1,ANY,0,False
dicrateria rotunda oil,5623,1,ANY,0,False
ruttnera lamellosa oil,5624,1,ANY,0,False
haematococcus pluvialis powder,5625,1,ANY,0,False
zinc oxide 14,5626,2,AM,0,False
centella asiatica leaf cell extract,5627,1,ANY,0,False
pelargonium graveolens stem leaf oil,5628,1,ANY,0,False
cichorium intybus chicory root oligosaccharides,5629,1,ANY,0,False
citrus aurantium amara flower oil,5630,1,ANY,0,True
80 microfiber,5631,1,ANY,0,False
20 polyamide,5632,1,ANY,0,False
ascorbyl glucoside vitamin c,5633,4,AM,3,False
tocopheryl vitamin e acetate,5634,1,ANY,0,False
hydroxyethyl acrylate,5635,1,ANY,0,False
sodium acryloyldimethyl taurate copolymer,5636,1,ANY,0,False
purple grape e163,5637,1,ANY,0,False
curcuma longa turmeric oil,5638,1,ANY,0,False
hydrogenated polydecane,5639,1,ANY,0,False
tricedeth-6,5640,1,ANY,0,False
coccinia indica extract,5641,1,ANY,0,False
lawsonia inermis henna extract,5642,1,ANY,0,False
allontoin,5643,1,ANY,0,False
palmitoyl camellia sinensis white tea extract,5644,1,ANY,0,False
cocos nucifera oil,5645,1,ANY,0,False
medicago sativa extract,5646,1,ANY,0,False
pure white petrolatum surgical grade,5647,1,ANY,0,False
cotton seed oil,5648,1,ANY,0,False
trade secret blend of essential oils,5649,1,ANY,0,False
botanicals,5650,1,ANY,0,False
white beeswax,5651,1,ANY,0,False
trade secret strawberry flavor,5652,1,ANY,0,False
aromol,5653,1,ANY,0,False
essential oils,5654,1,ANY,0,False
petrolatum base,5655,1,ANY,0,False
peppermint oil,5656,1,ANY,0,False
trade secret blend of essential oils and botanicals,5657,1,ANY,0,False
all natural blend of menthol,5658,1,ANY,0,False
pertolatum,5659,1,ANY,0,False
artificial flavor,5660,1,ANY,0,False
glycolipidscocos nucifera coconut fruit extract,5661,1,ANY,0,False
iron oxide ci77499,5663,1,ANY,0,False
zinc oxide 10,5664,2,AM,0,False
jasminum officinale jasmine extract,5665,1,ANY,0,False
adenium obesum desert rose extract,5666,1,ANY,0,False
camellia sinensis green tea leaf oil,5667,1,ANY,0,False
3-glyceryl ascorbate vitamin c,5668,4,AM,3,False
cannabis sativa flower,5669,1,ANY,0,False
stem,5670,1,ANY,0,False
leaves full spectrum cbd,5671,1,ANY,0,False
simmondsia chinensis jojoba oil,5672,1,ANY,0,False
sh-polypeptide-123 vegan collagen,5673,1,ANY,0,False
cannabis sativa flower stem and leaves cbd,5674,1,ANY,0,False
terminalia ferdinandiana fruit extract kakadu plum,5675,1,ANY,0,False
citrus paradisi pink grapefruit,5676,1,ANY,0,True
citrus medica limonum lemon peel,5677,1,ANY,0,True
citrus aurantifolia lime,5678,1,ANY,0,True
litsea cubeba litsea fruit,5679,1,ANY,0,False
citrus reticulata mandarin,5680,1,ANY,0,True
phenoxyethanol less than 1 ethylhexylglycerin less than 1,5681,1,ANY,0,False
glyceryl polyacrelate,5682,1,ANY,0,False
full flower hemp extract cbd,5683,1,ANY,0,False
hydrolyzed hibiscus esculentus extract hibiscus peptides,5684,1,ANY,0,False
hibiscus sabdariffa flower extract hibiscus,5685,1,ANY,0,False
magnolol magnolia,5686,1,ANY,0,False
honokiol magnolia,5687,1,ANY,0,False
punica granatum seed extract pomegranate,5688,1,ANY,0,False
apricot kernel oil apricot,5689,1,ANY,0,False
3-o-ethyl ascorbic acid vitamin c,5690,4,AM,3,False
sodium hyaluronate hyaluronic acid,5691,1,ANY,0,False
eclipta prostrata extract daisy,5692,1,ANY,0,False
melia azadirrachta leaf extract neem,5693,1,ANY,0,False
moringa pterygosperma seed oil moringa,5694,1,ANY,0,False
nelumbo nucifera pink lotus flower oil,5695,1,ANY,0,False
jasminum grandiflorum jasmine flower oil,5696,1,ANY,0,False
acacia dealbata mimosa flower extract,5697,1,ANY,0,False
plumeria alba frangipani flower,5698,1,ANY,0,False
hemp seed oil,5699,1,ANY,0,False
broad spectrum hemp extract,5700,1,ANY,0,False
sambucus nigra elderberry,5701,1,ANY,0,False
fruit extract,5702,1,ANY,0,False
viola odorata violet flower extract,5703,1,ANY,0,False
artemisia princeps leaf extract,5704,1,ANY,0,False
tambourissa trichophylla leaf extract,5705,1,ANY,0,False
camellia sinensis green tea seed oil,5706,1,ANY,0,False
hydroxyethyl,5707,1,ANY,0,False
acrylatesodium acryloyldimenthyl taurate copolymer,5708,1,ANY,0,False
caprylic capri triglyceride,5709,1,ANY,0,False
violet no2,5710,1,ANY,0,False
candelilla wax,5711,1,ANY,0,False
aloe barbadensis,5712,1,ANY,0,False
chamomile extract,5713,1,ANY,0,False
grapefruit seed extract,5714,1,ANY,0,True
oryza sativa cera oryza sativa rice bran wax,5715,1,ANY,0,False
hydrogenated sunflower seed oil,5716,1,ANY,0,False
cocos nucifera coconut shell powder,5717,1,ANY,0,False
ci 19140 yellow 5 lake,5718,1,ANY,0,False
helianthus annuus seed cera helianthus annuus sunflower seed wax,5719,1,ANY,0,False
ci 77947 zinc oxide,5720,2,AM,0,False
prunus armeniaca apricot seed powder,5721,1,ANY,0,False
perfume fragrance,5722,1,ANY,0,False
denatonium benzoate,5723,1,ANY,0,False
saccharin,5724,1,ANY,0,False
anthemis nobilis flower water,5725,1,ANY,0,False
aqua water butylene glycol,5726,1,ANY,0,False
sodium carrageenan,5727,1,ANY,0,False
ethyl menthane carboxamide,5728,1,ANY,0,False
coceth-7,5729,1,ANY,0,False
ppg-1-peg-9 lauryl glycol ether,5730,1,ANY,0,False
chondrus crispus chondrus crispus carrageenan,5731,1,ANY,0,False
pinus palustris leaf extract,5732,1,ANY,0,False
pueraria lobata root extract,5733,1,ANY,0,False
passiflora edulis extract,5734,1,ANY,0,False
glycyrrhiza uralensis licorice root extract,5735,1,ANY,0,False
zizyphus jujuba fruit extract,5736,1,ANY,0,False
ppg-51smdi copolymer,5737,1,ANY,0,False
carica papaya fruit extract carica papaya papaya fruit extract,5738,1,ANY,0,False
zingiber officinale root extract zingiber officinale ginger root extract,5739,1,ANY,0,False
copernicia cerifera cera copernicia cerifera carnauba wax,5740,1,ANY,0,False
cire de carnauba,5741,1,ANY,0,False
cyamopsis tetragonoloba,5742,1,ANY,0,False
c14-16 olefin sulfonate,5743,1,ANY,0,False
peg-16 macadamia glycerides,5744,1,ANY,0,False
cocamidopropyl hydrosylsultaine,5745,1,ANY,0,False
rosa cannina fruit extract,5746,1,ANY,0,False
natural fragrance,5747,1,ANY,0,False
camellia sinensis green tea japanese,5748,1,ANY,0,False
pegppg-92 dimethyl ether,5749,1,ANY,0,False
ppg-3 dipivalate,5751,1,ANY,0,False
saxifraga sarmentosa extract,5752,1,ANY,0,False
ppg-17,5753,1,ANY,0,False
syzygium jambos leaf extract,5754,1,ANY,0,False
polysilicone-2,5755,1,ANY,0,False
100 cotton,5756,1,ANY,0,False
octocrylene 100,5757,2,AM,0,False
mineral oil paraffinum liquidumhuile minerale,5758,1,ANY,0,False
microcrystalline wax cera microcristallinacire microcristalline,5759,1,ANY,0,False
uncaria gambir extract,5760,1,ANY,0,False
angelica keiskei leafstem extract,5761,1,ANY,0,False
citrus junos seed extract,5762,1,ANY,0,True
eucheuma serragrateloupia sparsasaccharina angustataulva linzaundaria pinnatifida extract,5763,1,ANY,0,False
curcuma longa turmeric rhizome extract,5764,1,ANY,0,False
saccharina angustataundaria pinnatifida extract,5765,1,ANY,0,False
thiotaurine,5766,1,ANY,0,False
paeonia albiflora root extract,5767,1,ANY,0,False
garcinia mangostana bark extract,5768,1,ANY,0,False
ensulizole 10,5769,1,ANY,0,False
homosalate 150,5770,2,AM,0,False
zinc oxide 155,5771,2,AM,0,False
avobenzone 23,5772,2,AM,0,False
glyceryl diisostearate,5773,1,ANY,0,False
beheneth-20,5774,1,ANY,0,False
c30-45 alkyl methicone,5775,1,ANY,0,False
c30-45 olefin,5776,1,ANY,0,False
sd alcohol 40-b alcohol denat,5777,1,ANY,0,False
pegppg-174 dimethyl ether,5778,1,ANY,0,False
batyl,5779,1,ANY,0,False
dimethylacrylamidesodium acryloyldimethyltaurate crosspolymer,5780,1,ANY,0,False
trimethylolpropane triethylhexanoate,5781,1,ANY,0,False
tetradecene,5782,1,ANY,0,False
ascorbyl dipalmitate,5783,1,ANY,0,False
purpose avobenzone 20,5784,2,AM,0,False
sunscreen homosalate 50,5785,2,AM,0,False
sunscreen octisalate 50,5786,2,AM,0,False
sunscreen octocrylene 50,5787,2,AM,0,False
lauryl betaine,5788,1,ANY,0,False
2-o-ethyl ascorbic acid,5789,4,AM,3,False
pyrola incarnata extract,5790,1,ANY,0,False
bis-butyldimethicone polyglyceryl-3,5791,1,ANY,0,False
peg-60 glyceryl isostearate,5792,1,ANY,0,False
nelumbo nucifera germ extract,5793,1,ANY,0,False
thymus serpyllum extract,5794,1,ANY,0,False
lactobacillushibiscus sabdariffa flower ferment filtrate,5795,1,ANY,0,False
ganoderma lucidum mushroom stem extract,5796,1,ANY,0,False
polybutylene glycolppg-91 copolymer,5797,1,ANY,0,False
ononis spinosa root extract,5798,1,ANY,0,False
sorbitan sesquiisostearate,5799,1,ANY,0,False
carboxydecyl trisiloxane,5800,1,ANY,0,False
aminoethanesulfinic acid,5801,1,ANY,0,False
panthenyl ethyl ether,5802,1,ANY,0,False
pentaerythrityl tetraoctanoate,5803,1,ANY,0,False
phenyl trimethicone glycerin dipropylene glycol,5804,1,ANY,0,False
arginine hcl,5805,1,ANY,0,False
ginseng extract,5806,1,ANY,0,False
raspberry extract,5807,1,ANY,0,False
titanium dioxide 49,5808,2,AM,0,False
zinc oxide 136,5809,2,AM,0,False
aminopropyl dimethicone,5810,1,ANY,0,False
rosmarinus officinalis rosemary leaf extract rosmarinus officinalis leaf extract,5811,1,ANY,0,False
potassium methoxysalicylate,5812,1,ANY,0,False
thymus serpillum extract,5813,1,ANY,0,False
beheneth-30,5814,1,ANY,0,False
peg-30 phytosterol,5815,1,ANY,0,False
polyquaternium-39,5816,1,ANY,0,False
rubus suavissimus raspberry leaf extract,5818,1,ANY,0,False
beta-carotene ci 75130,5819,1,ANY,0,False
beeswax cera albacire dabeille,5820,1,ANY,0,False
sodium lauryl glycol carboxylate,5821,1,ANY,0,False
silk powder sericapoudre de soie,5822,1,ANY,0,False
pentaerythrityl tetrabehenatebenzoateethylhexanoate,5823,1,ANY,0,False
piperidinepropionic acid,5824,1,ANY,0,False
prunus speciosa leaf extract,5825,1,ANY,0,False
isodonis japonicus leafstalk extract,5826,1,ANY,0,False
potassium ascorbyl tocopheryl phosphate,5827,1,ANY,0,False
pegppg-5040 dimethyl ether,5828,1,ANY,0,False
dimorpholinopyridazinone,5829,1,ANY,0,False
elaeis guineensis palm kernel oil,5830,1,ANY,0,False
rehmannia chinensis root extract,5831,1,ANY,0,False
potentilla erecta root extract,5832,1,ANY,0,False
potassium cocoyl glutamate,5833,1,ANY,0,False
zingiber aromaticus extract,5834,1,ANY,0,False
peg-20 glyceryl isostearate,5835,1,ANY,0,False
sodium methyltaurate,5836,1,ANY,0,False
peg-2 laurate,5837,1,ANY,0,False
octinoxate 74,5838,1,ANY,0,False
octocrylene 3,5839,2,AM,0,False
lamium album flowerleafstem extract,5840,1,ANY,0,False
carthamus tinctorius safflower flower extract,5841,1,ANY,0,False
alcohol 40-b,5842,1,ANY,0,False
iron oxids,5843,1,ANY,0,False
purpose avobenzone 25,5844,2,AM,0,False
octocrylene 30,5845,2,AM,0,False
hydrogenated dimer dilinoleyl peg-44poly1,5846,1,ANY,0,False
2-butanediol-15 dimethyl ether,5847,1,ANY,0,False
theanine,5848,1,ANY,0,False
coix lacryma-jobi ma-yuen seed extract,5849,1,ANY,0,False
zanthoxylum piperitum peel extract,5850,1,ANY,0,False
peg-5 glyceryl stearate,5851,1,ANY,0,False
copernicia cerifera carnauba wax copernicia cerifera ceracire de carnauba,5852,1,ANY,0,False
avobenzone 20,5853,2,AM,0,False
oxybenzone 15,5854,1,ANY,0,False
lactobacillusrice ferment,5855,1,ANY,0,False
methyl gluceth-10,5856,1,ANY,0,False
pegppg-1919 dimethicone,5857,1,ANY,0,False
galactomyces ferment filtrate pitera,5858,1,ANY,0,False
peg-150 stearate,5859,1,ANY,0,False
salix alba bark extractsalix alba willow bark extract,5860,1,ANY,0,False
zantedeschia aethiopica flowerstem extract,5861,1,ANY,0,False
saccharomycopsis ferment filtrate,5862,1,ANY,0,False
peg-20 sorbitan cocoate,5863,1,ANY,0,False
citrus reticulata peel extractcitrus reticulata tangerine peel extract,5864,1,ANY,0,True
zea mays oilzea mays corn oil,5865,1,ANY,0,False
ci 75130 beta-carotene,5866,1,ANY,0,False
sucrose polycottonseedate,5867,1,ANY,0,False
palmitoyl dipeptide-7,5868,1,ANY,0,False
hexapeptide-3,5869,1,ANY,0,False
polysorbate 65,5870,1,ANY,0,False
cetyl betaine,5871,1,ANY,0,False
peg-50 shea butter,5872,1,ANY,0,False
brassica rapa turnip leaf extract,5873,1,ANY,0,False
apium graveolens celery extract,5874,1,ANY,0,False
hydrolyzed starfish extract,5875,1,ANY,0,False
watereauaqua,5876,1,ANY,0,False
hydroxypropyl guar hydroxypropyltrimonium chloride,5877,1,ANY,0,False
jojoba seed oilmacadamia seed oil esters,5878,1,ANY,0,False
supports a balanced skin microbiome for a healthy and protected skin barrier,5879,1,ANY,0,False
leptospermone,5880,1,ANY,0,False
flavesone,5881,1,ANY,0,False
isoleptospermone,5882,1,ANY,0,False
nylon-11,5883,1,ANY,0,False
water eau,5884,1,ANY,0,False
panax quinquefolium root extract,5885,1,ANY,0,False
oligopeptide-3,5886,1,ANY,0,False
oligopeptide-2,5887,1,ANY,0,False
myrica cerifera bayberry fruit extract,5888,1,ANY,0,False
prunus lannesiana cherry blossom flower extract,5889,1,ANY,0,False
camellia sinensis green tea leaf extract glycyrrhiza glabra licorice root extract,5890,1,ANY,0,False
only 0005 glycerin,5891,1,ANY,0,False
prunus lannesiana flower extract,5892,1,ANY,0,False
olea europaea olive husk oil,5893,1,ANY,0,False
dilinoleic acid propanediol copolymer,5896,1,ANY,0,False
polyacrylate crosspolymer-11,5897,1,ANY,0,False
100 high-grade 6a long-fiber mulberry silk with a thickness of 22 momme,5898,1,ANY,0,False
outer 100 silk exclusive of elastic and piping,5899,1,ANY,0,False
100 pu foam exclusive of silk liner,5900,1,ANY,0,False
hydroxypinacolone,5901,1,ANY,0,False
rosa moschata seed oil,5903,1,ANY,0,False
phenoxyethnaol,5904,1,ANY,0,False
ethoxydiglycol galactoarabinan,5905,1,ANY,0,False
ceramide iii,5906,1,ANY,0,False
cucumber extract,5907,1,ANY,0,False
eyebright extract,5908,1,ANY,0,False
steareth- 20,5909,1,ANY,0,False
dodecane,5910,1,ANY,0,False
organic helianthus annuus seed sunflower oil,5912,1,ANY,0,False
organic cocos nucifera coconut oil,5913,1,ANY,0,False
organic olea europea extra virgin olive oil,5914,1,ANY,0,False
theobroma grandiflorum cupuacu,5915,1,ANY,0,False
euterpe oleracae aca extract organic,5916,1,ANY,0,False
cannabis sativa seed hemp oil,5917,1,ANY,0,False
butter,5918,1,ANY,0,False
aloe vera,5919,1,ANY,0,False
myristoyl pentapeptide-11,5920,1,ANY,0,False
pichiaresveratrol ferment extract,5921,1,ANY,0,False
titanium dioxide 537,5922,2,AM,0,False
zinc oxide 294,5923,2,AM,0,False
zinc oxide 55,5924,2,AM,0,False
butyrospermum parkii nut extract,5925,1,ANY,0,False
curcuma longa turmeric rhizome oil,5926,1,ANY,0,False
isoamyl salicylate,5927,1,ANY,0,False
citrus nobilis peel oil,5928,1,ANY,0,True
citrus limon peel oil,5929,1,ANY,0,True
beta-ionone,5930,1,ANY,0,False
citrus reticulata leaf oil,5931,1,ANY,0,True
ethyl acetoacetate,5932,1,ANY,0,False
salvia sclarea oil,5933,1,ANY,0,False
santalum spicata wood oil,5934,1,ANY,0,False
isojasmone,5935,1,ANY,0,False
lavandula anugustifolia oil,5936,1,ANY,0,False
maltol,5937,1,ANY,0,False
abies sibirica needle oil,5938,1,ANY,0,False
ferula galbaniflua resin oil,5939,1,ANY,0,False
mentha viridis leaf oil,5940,1,ANY,0,False
myristca fragrans kernel oil,5941,1,ANY,0,False
thymus vulgaris flowerleaf oil,5942,1,ANY,0,False
nerol,5943,1,ANY,0,False
zinc oxide 24,5944,2,AM,0,False
malpighia glabra acerola fruit juice,5945,1,ANY,0,False
anisyl alcohol,5946,1,ANY,0,False
acetamidoethoxyethanol,5947,1,ANY,0,False
butane,5948,1,ANY,0,False
melanin,5949,1,ANY,0,False
aqua water eau,5950,1,ANY,0,False
sodium metabisulte,5951,1,ANY,0,False
propylene glycol dicaprylate dicaprate,5952,1,ANY,0,False
citrullus lanatus watermelon fruit juice,5953,1,ANY,0,False
capryloylcapryloyl leucine isosorbide esters,5954,1,ANY,0,False
isosorbide,5955,1,ANY,0,False
water dihydroxyacetone,5956,1,ANY,0,False
anise alcohol,5957,1,ANY,0,False
myristyl nicotinate,5958,1,ANY,0,False
plukenetia volubilis seed oiloleic acid aminopropanediol amidesesters,5959,1,ANY,0,False
cyathea cumingii leaf extract,5960,1,ANY,0,False
lignoceryl alcohol,5961,1,ANY,0,False
orobanche rapum extract,5962,1,ANY,0,False
bacillussea salt ferment filtrate,5963,1,ANY,0,False
nicotiana benthamiana hexapeptide-40 sh-oligopeptide-1,5964,1,ANY,0,False
phaseolus lunatus green bean seed extract,5965,1,ANY,0,False
pentaclethra macroloba seed oilbehenic acidaminopropanediol amidesesters,5966,1,ANY,0,False
sodium isostearate,5967,1,ANY,0,False
sodium benzoate iln 30092,5968,1,ANY,0,False
methyl methacrylateglycol dimethacrylate crosspolymer,5969,1,ANY,0,False
homosalate 70,5970,2,AM,0,False
citrus japonica fruit extract,5971,1,ANY,0,True
morinda citrifolia extract,5972,1,ANY,0,False
thymus vulgaris thyme flowerleaf extract,5973,1,ANY,0,False
cetyl stearate,5974,1,ANY,0,False
nicotiana benthamiana octapeptide-30 sh-oligopeptide-2,5975,1,ANY,0,False
hydrolyzed rhodophyceae extract,5976,1,ANY,0,False
xanthium sibiricum fruit extract,5977,1,ANY,0,False
cyperus rotundus root extract,5978,1,ANY,0,False
alpinia officinarum root extract,5979,1,ANY,0,False
avobenzone 270,5980,2,AM,0,False
homosalate 630,5981,2,AM,0,False
octisalate 405,5982,2,AM,0,False
octocrylene 900,5983,2,AM,0,False
nicotiana benthanmiana hexapeptide-40 sh-polypeptide-76,5984,1,ANY,0,False
hibiscus sabdariffa fruit extract,5985,1,ANY,0,False
acrylamide sodium acryloyldimethyltaurate copolymer,5987,1,ANY,0,False
ci 77891 titanium dioxide iln 20225,5988,2,AM,0,False
jasminum sambac flower extract,5989,1,ANY,0,False
acacial senegal gum,5990,1,ANY,0,False
poloxamer,5991,1,ANY,0,False
collagex-ce complex with copper tripeptide and marine ferments,5992,1,ANY,0,False
white water lily extract,5993,1,ANY,0,False
green bean seed extract,5994,1,ANY,0,False
tucuma,5995,1,ANY,0,False
cupuacu and murumuru butters aqua water,5996,1,ANY,0,False
polygyceryl-6 caprylate,5997,1,ANY,0,False
juglans regia walnut seed extract,5998,1,ANY,0,False
polygonatum odoratum rhizome extract,6000,1,ANY,0,False
hydrolyzed soybean extract,6001,1,ANY,0,False
peg-8 isostearate,6002,1,ANY,0,False
pinus koraiensis seed oil,6003,1,ANY,0,False
castanea crenata chestnut shell extract,6004,1,ANY,0,False
spirodela polyrhiza extract,6005,1,ANY,0,False
prunus mume seed extract,6006,1,ANY,0,False
nelumbo nucifera seed extract,6007,1,ANY,0,False
phytosteryl isostearyl dimer dilinoleate,6008,1,ANY,0,False
methoxy peg-114polyepsilon caprolactone,6009,1,ANY,0,False
hydrolyzed ginseng saponins enzyme-treated red ginseng saponins,6010,1,ANY,0,False
glyceryl arachidonate,6011,1,ANY,0,False
vitis vinifera grape leaf extract,6012,1,ANY,0,False
perilla ocymoides seed extract,6013,1,ANY,0,False
panax ginseng flower extract,6014,1,ANY,0,False
tbhq,6015,1,ANY,0,False
dioscorea japonica root extract,6016,1,ANY,0,False
crataegus pinnatifida fruit extract,6017,1,ANY,0,False
pueraria thunbergiana flowerleafstem extract,6018,1,ANY,0,False
salicornia herbacea e,6019,1,ANY,0,False
panax ginseng seed oil,6020,1,ANY,0,False
panax ginseng leafstem extract,6021,1,ANY,0,False
hydrogenated castor oil isostearate,6022,1,ANY,0,False
polygonatum officinale rhizomeroot extract,6023,1,ANY,0,False
polygonatum sibiricum rootrhizome powder,6024,1,ANY,0,False
polygonatum odoratum rhizome powder,6025,1,ANY,0,False
panax ginseng root water,6026,1,ANY,0,False
prunus mume flower extract,6027,1,ANY,0,False
peg-15 glyceryl isostearate,6028,1,ANY,0,False
panax ginseng root powder,6029,1,ANY,0,False
rehmannia gutinosa root extract,6032,1,ANY,0,False
oldenlandia diffusa extract,6033,1,ANY,0,False
hydrolyzed ginseng saponins hydrolyzed white ginseng saponins,6034,1,ANY,0,False
panax ginseng berry extract,6035,1,ANY,0,False
olive oil peg-8 esters,6036,1,ANY,0,False
hydrolyzed proanthocyanidin,6039,1,ANY,0,False
microcrystalline waxcera microcristallinacire microcrystalline,6048,1,ANY,0,False
orchis mascula orchid flower extract,6049,1,ANY,0,False
cananga odorata ylang ylang flower extract,6050,1,ANY,0,False
cucumis melo cantalupensis cantaloupe fruit extract,6051,1,ANY,0,False
rose gallica flower extract,6052,1,ANY,0,False
cinnamomum cassia cinnamon bark extract,6053,1,ANY,0,False
coffea arabica coffee leafseed extract,6054,1,ANY,0,False
cetearyl alchol,6055,1,ANY,0,False
acrylatespalmeth-25 acrylate copolymer,6056,1,ANY,0,False
cinnamic aldehyde,6058,1,ANY,0,False
rosa damascene bulgarian rose flower oil,6059,1,ANY,0,False
rosa gallica rose flower powder,6060,1,ANY,0,False
all natural fragrance,6061,1,ANY,0,False
polyester-5,6062,1,ANY,0,False
papaver rhoeas extract,6063,1,ANY,0,False
annuus sunflower seed wax,6064,1,ANY,0,False
retinyl linoleate,6065,1,ANY,0,False
vitus vinifera grape seed oil,6066,1,ANY,0,False
brassica oleracea italica broccoli seed oil,6067,1,ANY,0,False
botanical blend aqua,6068,1,ANY,0,False
cypripedium pubescens extract,6069,1,ANY,0,False
opuntia vulgaris leaf extract,6070,1,ANY,0,False
saccharomyces cerevisiae yeast extract,6071,1,ANY,0,False
glycyrrhiza glabra root extract,6073,1,ANY,0,False
cymbopogon schoenanthus lemongrass oil,6074,1,ANY,0,True
persea gratissima extra virgin,6075,1,ANY,0,False
vitis vinifera cold-pressed concord grape seed oil,6077,1,ANY,0,False
dimethyl isosorbide and hydroxypinacolone retinoate,6080,1,ANY,0,False
chamomila recutita matricaria flower oil,6081,1,ANY,0,False
anthemis nobilis english chamomile oil,6082,1,ANY,0,False
eriocephalus punctualatus cape chamomile oil,6083,1,ANY,0,False
citrus aurantium amara neroli oil,6084,1,ANY,0,True
citrus aurantium dulcis blood orange oil,6085,1,ANY,0,True
cananga odorata flower ylang ylang oil,6086,1,ANY,0,False
vetivera zizanoides vetiver oil,6087,1,ANY,0,False
helianthus annuus sunflower seed oil and rosmarinus officinalis rosemary leaf extract,6088,1,ANY,0,False
ci 61565 green 6,6089,1,ANY,0,False
ci 60725 violet 2,6090,1,ANY,0,False
silybum marianum milk thistle seed oil,6091,1,ANY,0,False
nigella sativa black cumin seed oil,6092,1,ANY,0,False
citrus aurantium amara neroli flower oil,6094,1,ANY,0,True
citrus paradisii grapefruit peel oil,6095,1,ANY,0,True
melia azadirachta neem flower extract,6096,1,ANY,0,False
amber leaf extract,6097,1,ANY,0,False
ocimum basilicum basil leaf extract,6098,1,ANY,0,False
citrus sinesis sweet orange oil,6099,1,ANY,0,True
citrus tangerina peel oil,6100,1,ANY,0,True
chlorphenesin glycerin,6101,1,ANY,0,False
peg-12 dimethiconeppg-20,6102,1,ANY,0,False
madecassoside acid,6103,1,ANY,0,False
papaver rhoeas red poppy extract,6104,1,ANY,0,False
hieracium pilosella hawkweed daisy extract,6105,1,ANY,0,False
c10-18 triglycerideds,6106,1,ANY,0,False
hydroxyethyl acrylatesodium acryloyldimethyl,6107,1,ANY,0,False
taurate copolymer,6108,1,ANY,0,False
polypropylsilsesquioxane,6109,1,ANY,0,False
butyrospermum parkii shea butter polyglyceryl-3 beeswax,6110,1,ANY,0,False
aesculus hippocastanum horse chesnut extract,6111,1,ANY,0,False
methylproanediol,6112,1,ANY,0,False
pfaffia paniculata brazilian ginseng root extract,6113,1,ANY,0,False
carthamus tinctorious seed oil,6114,1,ANY,0,False
tagetes erecta marigold flower extract,6115,1,ANY,0,False
extract blend water eau aqua,6116,1,ANY,0,False
opuntia tuna fruit prickly pear extract,6117,1,ANY,0,False
agave tequilana leaf blue agave extract,6118,1,ANY,0,False
cypripedium pubescens lady slipper orchid extract,6119,1,ANY,0,False
opuntia vulgaris cactus extract,6120,1,ANY,0,False
aloe barbadensis leaf extract saccharomyses cerevisiae yeast extract lactic acid,6121,3,PM,3,True
ppg-12 smdi copolymer,6122,1,ANY,0,False
ceteareth 20,6123,1,ANY,0,False
peg-75 meadowfoam oil,6124,1,ANY,0,False
xantham gum,6125,1,ANY,0,False
dmdm hydantoin,6126,1,ANY,0,False
cold pressed avocado oil,6127,1,ANY,0,False
vitis vinifera organic,6128,1,ANY,0,False
cold pressed concord grape seed oil,6129,1,ANY,0,False
rubus fruticosus cold pressed blackberry seed oil,6130,1,ANY,0,False
salvia hispanica cold pressed chia oil,6131,1,ANY,0,False
chondrus crispus red algae extract,6133,1,ANY,0,False
c13-15 alkane from sugarcane,6134,1,ANY,0,False
tripolyglyceryl-3lauryl hydrogenated trilinoleate,6135,1,ANY,0,False
pimpinella anisum anise fruit extract,6136,1,ANY,0,False
rhus verniciflua peel waxrhus succedanea fruit wax,6137,1,ANY,0,False
rosa centifolia flower wax,6138,1,ANY,0,False
citrus australasica fruit extract,6139,1,ANY,0,True
butyrospermum parkii butter extract,6140,1,ANY,0,False
lippia citriodora flower extract,6141,1,ANY,0,False
oenothera biennis seed extract,6142,1,ANY,0,False
octyldoecanol,6143,1,ANY,0,False
polygyceryl-2 caprate,6144,1,ANY,0,False
montmorillonoite,6145,1,ANY,0,False
rice oil glycereth-8 esters,6146,1,ANY,0,False
dehydeoacetic acid,6147,1,ANY,0,False
rubus idaeus cold pressed red raspberry seed oil,6148,1,ANY,0,False
simmondsia chineses jojoba seed oil,6149,1,ANY,0,False
vaccinium macrocarpon cold pressed cranberry seed oil,6150,1,ANY,0,False
punica granatum cold pressed pomegranate seed oil,6151,1,ANY,0,False
oenothera biennis evening primrose seed,6152,1,ANY,0,False
ribes nigrum black current seed oil,6153,1,ANY,0,False
cardiospermum halicacabum flower leaf vine extract,6154,1,ANY,0,False
zingiber officinale,6155,1,ANY,0,False
rosemarinus officinalis rosemary leaf extract,6156,1,ANY,0,False
boswellia serrata resin extract,6157,1,ANY,0,False
pegppg-18 18 dimethicone,6158,1,ANY,0,False
vaccinium corymbosum cold pressed blueberry seed oil,6159,1,ANY,0,False
vitis vinifera cold pressed chardonnay grape seed oil seed oil,6160,1,ANY,0,False
daucus carota sativa cold pressed wild carrot seed oil,6161,1,ANY,0,False
nigella sativa cold pressed black cumin seed oil,6162,1,ANY,0,False
brassica oleracea italic cold pressed broccoli seed oil,6163,1,ANY,0,False
ubiquinone coq10,6164,1,ANY,0,False
4-t- butylcyclohexanol,6165,1,ANY,0,False
helianthus annuss sunflower seed oil,6166,1,ANY,0,False
polysorbate,6167,1,ANY,0,False
brassica campestris sterols,6168,1,ANY,0,False
polyglyceryl-6,6169,1,ANY,0,False
polyglyceryl-3 beeswaxl,6170,1,ANY,0,False
tangerine citrus tangerina oil,6171,1,ANY,0,True
citrus sinensis sweet orange oil,6172,1,ANY,0,True
tanacetum annuum blue tansy leaf oil,6173,1,ANY,0,False
matricaria recutita german chamomile essential oil,6174,1,ANY,0,False
ylang ylang canaga odorata flower oil,6175,1,ANY,0,False
citrus aurantium var amara neroli flower oil,6176,1,ANY,0,True
anthemis nobilis chamomile roman flower oil,6177,1,ANY,0,False
moringa oil hydrogenated moringa oil esters moringa butter,6178,1,ANY,0,False
citrus aurantium dulcis sweet orange oil,6179,1,ANY,0,True
cera alba,6180,1,ANY,0,False
isosqualane,6181,1,ANY,0,False
c30 hydrocarbons,6182,1,ANY,0,False
tanecetum annuum blue tansy oil,6183,1,ANY,0,False
eriocephalus punctulatus cape chamomile oil,6184,1,ANY,0,False
olive oil glyceryth-8 esters,6185,1,ANY,0,False
leptospermum scoparium manuka branchleaf oil,6186,1,ANY,0,False
solanum melongena eggplant leaf extract,6187,1,ANY,0,False
yeast ferment pink yeast extract,6188,1,ANY,0,False
epigallocatechin gallatyl glucoside egcg,6189,1,ANY,0,False
laminaria digitata sea kelp extract,6190,1,ANY,0,False
zymomonas ferment extract,6191,1,ANY,0,False
jasminum officinale jasmine flower leaf extract,6192,1,ANY,0,False
rose damascena extract,6193,1,ANY,0,False
lauroyl lactylate,6194,1,ANY,0,False
matodextrin,6195,1,ANY,0,False
anthemis nobilis roman chamomile flower oil,6196,1,ANY,0,False
acmella oleracea spilanthes extract,6197,1,ANY,0,False
lens escuelenta lentil fruit extract,6198,1,ANY,0,False
lilium candidum madonna lilly flower extract,6199,1,ANY,0,False
extract blend water,6200,1,ANY,0,False
aloe barbadensis leaf extract and saccharomyses cerevisiae yeast extract lactic acid,6201,3,PM,3,True
trisodium sulfoccinate,6202,1,ANY,0,False
sodium xylenesulfonate,6203,1,ANY,0,False
cetyl peg ppg-101 dimethicone,6204,1,ANY,0,False
opuntia ficus-indica prickly pear fruit extract,6205,1,ANY,0,False
linum usitatissimum flax seed oil,6206,1,ANY,0,False
leptospermum scoparium branchleaf oil,6207,1,ANY,0,False
tocopherols,6208,1,ANY,0,False
denatured alcohol,6209,1,ANY,0,False
coccinia indica leaf extract,6210,1,ANY,0,False
theobroma cacao seed butter,6211,1,ANY,0,False
carthamus tinctorius seed oil,6212,1,ANY,0,False
coffea arabica seed extract,6213,1,ANY,0,False
lens esculenta fruit extract,6214,1,ANY,0,False
aesculus hippocastanum extract,6215,1,ANY,0,False
pyrus malus fruit extract,6216,1,ANY,0,False
tagetes erecta flower extract,6217,1,ANY,0,False
octocrylene 35,6218,2,AM,0,False
and zinc oxide 1632,6219,2,AM,0,False
c12-c15 alkyl benzoate,6220,1,ANY,0,False
cetyl diglyceryl tristrimethylsiloxysilyl ether dimethicone,6221,1,ANY,0,False
ppg-24-glycereth-24 1,6222,1,ANY,0,False
magnesium myristate,6223,1,ANY,0,False
3,6224,1,ANY,0,False
homosalate 8,6225,2,AM,0,False
octocrylene 4,6226,2,AM,0,False
olibanum,6227,1,ANY,0,False
octocrylene 75,6228,2,AM,0,False
cetyl behenate,6229,1,ANY,0,False
pentasodium triphosphate,6230,1,ANY,0,False
cerium oxide,6231,1,ANY,0,False
platinum powder,6232,1,ANY,0,False
octyldodecyl citrate crosspolymer,6233,1,ANY,0,False
polyester-25,6234,1,ANY,0,False
dibutyl ethylhexanol glutamide,6235,1,ANY,0,False
pentaclethra macroloba oil,6236,1,ANY,0,False
zinc oxide 175,6237,2,AM,0,False
polyclyceryl-3 lactatelaurate,6238,1,ANY,0,False
raphanus sativus radish seed oil,6239,1,ANY,0,False
avobenzone 29,6240,2,AM,0,False
silica caprylyl silylate,6241,1,ANY,0,False
zinc oxide 247,6242,2,AM,0,False
polyglyceryl-10 pentaisostearate,6243,1,ANY,0,False
nylon-612,6244,1,ANY,0,False
sodium dehyrdoacetate,6245,1,ANY,0,False
olive glycerides,6246,1,ANY,0,False
may contain iron oxides ci 77492,6247,1,ANY,0,False
77491,6248,1,ANY,0,False
77499,6249,1,ANY,0,False
quercus robur bark extract,6250,1,ANY,0,False
quercus robur wood extract,6251,1,ANY,0,False
zinc oxide 165,6252,2,AM,0,False
tetradecane,6253,1,ANY,0,False
cetearyl nonanoate,6254,1,ANY,0,False
brassica campestris aleurites fordi oil copolymer,6255,1,ANY,0,False
hexadecane,6256,1,ANY,0,False
withania somnifera flower extract,6257,1,ANY,0,False
octocrylene 9,6258,2,AM,0,False
tremella fuciformis sporocap extract,6259,1,ANY,0,False
citrus sinensis peel oil,6260,1,ANY,0,True
avobenzone 2 percent,6261,2,AM,0,False
homosalate 9 percent,6262,2,AM,0,False
octisalate 5 percent,6263,2,AM,0,False
octocrylene 10 percent,6264,2,AM,0,False
ethyl olivate,6265,1,ANY,0,False
ceramide np ceramide iii b,6266,1,ANY,0,False
homosalate 7,6267,2,AM,0,False
aletris farinosa root extract,6268,1,ANY,0,False
titanium dioxide 133,6272,2,AM,0,False
zinc oxide 1742,6273,2,AM,0,False
zinc oxide 249,6274,2,AM,0,False
iron oxides cl 77492,6275,1,ANY,0,False
aniba rosaeodora rosewood wood oi,6276,1,ANY,0,False
cucumis sativus cucumber fruit extact,6277,1,ANY,0,False
zinc oxide 160,6278,2,AM,0,False
c13-14 alkane,6279,1,ANY,0,False
zinc oxide 12,6280,2,AM,0,False
calendula officinalis flower extract caprylhydroxamic acid,6281,1,ANY,0,False
spiraea ulmaria root extract,6282,1,ANY,0,False
zinc oxide 21,6283,2,AM,0,False
bertholletia excelsa seed oil,6284,1,ANY,0,False
octinoxate 5,6285,1,ANY,0,False
aloe babadensis leaf juice,6286,1,ANY,0,False
disodium ethylene dicocamide peg-15 disulfate,6287,1,ANY,0,False
erythulose,6288,1,ANY,0,False
tocopheryl acetate vitmain e acetate,6289,1,ANY,0,False
palmitoyl carnitine,6290,1,ANY,0,False
aloe barbedensis aloe leaf juice,6291,1,ANY,0,False
benzophenone-3,6292,1,ANY,0,False
palmitoyal carnitine,6293,1,ANY,0,False
ci 17200 dc red no 33,6294,1,ANY,0,False
butylphenyl methylpropionalc15,6295,1,ANY,0,False
salvia hispanica sage seed oil,6296,1,ANY,0,False
vaccinium myrtillus myrtle fruit extract,6297,1,ANY,0,False
theobroma cacoa cocoa seed extract,6298,1,ANY,0,False
ethylhexylglycerin parfum fragrance,6299,1,ANY,0,False
peg-8 capryliccapric glycerides,6300,1,ANY,0,False
octyldodeceth-25,6301,1,ANY,0,False
ci 47000 dc yellow no11,6302,1,ANY,0,False
ci 45410 dc red no28,6303,1,ANY,0,False
boswellia serrata gum,6304,1,ANY,0,False
prophyridium cruentum extract,6305,1,ANY,0,False
simmondisa chinesis jojoba seed oil,6306,1,ANY,0,False
parfum frangrance,6307,1,ANY,0,False
ci 45410 fdc red no28,6308,1,ANY,0,False
dextrin palmitatehexyldecanoate,6309,1,ANY,0,False
isochrysis galbana extract,6310,1,ANY,0,False
oryza sativa rice seed protein,6311,1,ANY,0,False
sea salt extract,6312,1,ANY,0,False
stearoyl inulin,6313,1,ANY,0,False
gardenia taitensis flower extract,6314,1,ANY,0,False
fructosyl cocoateolivate,6315,1,ANY,0,False
sodium cocoylolivoyl hydrolyzed oatwheat protein,6316,1,ANY,0,False
cocoyl hydroxyethyl imidazoline,6317,1,ANY,0,False
methyl alcohol,6318,1,ANY,0,False
gardenia tahitensis flower extract,6319,1,ANY,0,False
quaternium-90 sepiolite,6320,1,ANY,0,False
quaternium-90 montmorillonite,6321,1,ANY,0,False
mentha pulegium,6322,1,ANY,0,False
laureth-21,6323,1,ANY,0,False
cera carnaubacopernicia cerifera carnauba waxcire de carnauba,6324,1,ANY,0,False
hydrolyzed ginseng saponins,6325,1,ANY,0,False
dihydroxypropyl peg-5 linoleammonium chloride,6326,1,ANY,0,False
hamamelis virginiana witch hazel barkleaftwig extract,6327,1,ANY,0,False
babassu oil glycereth-8 esters,6328,1,ANY,0,False
citrus tangerina tangerine fruit water,6329,1,ANY,0,True
beta vulgarisbeet root extractextrait de racine de betterave,6330,1,ANY,0,False
kaolin white clay,6331,1,ANY,0,False
kaolin rose clay,6333,1,ANY,0,False
citrus aurantium dulcis orange flower extract,6334,1,ANY,0,True
citrus sinensis orange peel oil,6335,1,ANY,0,True
l lactic acid,6336,3,PM,3,True
silybum marianum ethyl ester,6337,1,ANY,0,False
cupuacu butter glycerides,6338,1,ANY,0,False
isopropyl shea butterate,6339,1,ANY,0,False
gaultheria procumbens wintergreen leaf extract,6340,1,ANY,0,False
yucca schidigera extract,6341,1,ANY,0,False
chlorella pyrenoidosa,6342,1,ANY,0,False
juniperus communis fruit extract,6343,1,ANY,0,False
sodium caproyllauroyl lactylate,6344,1,ANY,0,False
ci 77288,6345,1,ANY,0,False
sage flowerleafstem extract,6346,1,ANY,0,False
rye flour,6347,1,ANY,0,False
lavender flowerleafstem water,6348,1,ANY,0,False
maranta arundinacea root extract,6349,1,ANY,0,False
santalum spicatum sandalwood seed oil,6350,1,ANY,0,False
lannea microcarpa fruit extract,6351,1,ANY,0,False
methyl eugenol,6353,1,ANY,0,False
centella asiatica gotu kola extract,6354,1,ANY,0,False
tilia europaea linden leafflower extract,6355,1,ANY,0,False
lavandula stoechas spanish lavender extract,6356,1,ANY,0,False
narcissus tazetta daffodil bulb extract,6357,1,ANY,0,False
menyanthes trifoliata buckbean flower extract,6358,1,ANY,0,False
piper cubeba fruit extract,6359,1,ANY,0,False
rosa damascena rose flower oil,6360,1,ANY,0,False
citrus paradisi grapefruit oil,6361,1,ANY,0,True
eugenia caryophyluss flower oil,6362,1,ANY,0,False
curcuma zedoaria root oil,6363,1,ANY,0,False
cymbopogon flexuosus lemongrass oil,6364,1,ANY,0,True
abies pectinata leaf oil,6365,1,ANY,0,False
foeniculum vulgare oil,6366,1,ANY,0,False
opuntia ficus indica,6368,1,ANY,0,False
asteriscus graveolens flowerfruitleafstem extract,6369,1,ANY,0,False
sodium hyaluronate olea europaea olive oil,6370,1,ANY,0,False
pheonix dactylifera date seed extract,6371,1,ANY,0,False
silybum marianum milk thistle ethyl ester,6372,1,ANY,0,False
citrus aurantium amara neroli distillate,6373,1,ANY,0,True
calcium ketogluconate,6374,1,ANY,0,False
salvia officinalis sage flowerleafstem extract,6375,1,ANY,0,False
lactobacillusarundinaria gigantea ferment filtrate,6376,1,ANY,0,False
hydrolyzed avocado protein,6377,1,ANY,0,False
dictyopteris membranacea sea fern extract,6378,1,ANY,0,False
rose hip seed oil,6379,1,ANY,0,False
jojoba oil,6380,1,ANY,0,False
elder flower extract,6381,1,ANY,0,False
calendula extract,6382,1,ANY,0,False
borage leaf extract,6383,1,ANY,0,False
alfalfa extract,6384,1,ANY,0,False
arnica extract,6385,1,ANY,0,False
linden flower extract,6386,1,ANY,0,False
essential oil blend for scent,6387,1,ANY,0,False
calendula officinalis flowerleafstem juice,6388,1,ANY,0,False
morus alba mulberry leaf extract,6389,1,ANY,0,False
chlamydomonas acidophila extract,6390,1,ANY,0,False
shea butter glycerides,6391,1,ANY,0,False
salvia miltorrhiza root extract,6392,1,ANY,0,False
tremella funciformis sporocarp extract,6393,1,ANY,0,False
acer rubrum bark extract,6395,1,ANY,0,False
dunaliella salince algae extract,6396,1,ANY,0,False
spilanthes acmella fowerleafstem extract,6397,1,ANY,0,False
polygonum fagopyrum buckwheat seed extract,6398,1,ANY,0,False
citrus aurantium bergamot peel oil,6399,1,ANY,0,True
ci 77491 red iron oxide,6400,1,ANY,0,False
daucus carota sativa seed oil,6401,1,ANY,0,False
citrus aurantium neroli oil,6402,1,ANY,0,True
santalum spicatum sandalwood wood oil,6403,1,ANY,0,False
jasminum grandiflorum jasmine co2 extract,6404,1,ANY,0,False
pinus sylvestris leaf extract,6405,1,ANY,0,False
salvia miltiorrhiza root extract,6406,1,ANY,0,False
citrus sinensis orange oil,6407,1,ANY,0,True
melaleuca ericifolia leaf oil,6408,1,ANY,0,False
pogostemon cablin patchouli leaf oil,6409,1,ANY,0,False
saccharomycescamellia sinensis leafcladosiphon okamuranusrice ferment filtrate,6410,1,ANY,0,False
belamcanda chinensis root extract,6411,1,ANY,0,False
phenoxyethanol hadasei-3,6412,1,ANY,0,False
dipentaerythrityl hexahydroxystearate,6413,1,ANY,0,False
betaphycus gelatinum extract,6414,1,ANY,0,False
sericin,6415,1,ANY,0,False
violet 2 ci 60725,6416,1,ANY,0,False
sodium caproyl methyltaurate,6417,1,ANY,0,False
luffa cylindrica fruitleafstem extract,6419,1,ANY,0,False
luffa cylindrica fruit,6420,1,ANY,0,False
sodium lauroyl hydrolyzed silk,6421,1,ANY,0,False
ppg-5-ceteth-10 phosphate,6422,1,ANY,0,False
sodium lauryl phosphate,6423,1,ANY,0,False
sodium lauroyl methylaminopropionate,6424,1,ANY,0,False
hydrolyzed conchiolin protein,6425,1,ANY,0,False
bis-glyceryl ascorbate,6426,1,ANY,0,False
crataegus cuneata fruit extract,6427,1,ANY,0,False
citrus aurantium dulcis orange juice,6428,1,ANY,0,True
citrus limon lemon juice,6429,1,ANY,0,True
citrus aurantifolia lime juice,6430,1,ANY,0,True
ammonium acryloyldimethyltauratecarboxyethyl acrylate crosspolymer,6431,1,ANY,0,False
paeonia albiflora flower extract,6432,1,ANY,0,False
geranium robertianum extract,6433,1,ANY,0,False
sargassum vulgare extract,6434,1,ANY,0,False
polyglyceryl-10 eicosanedioatetetradecanedioate,6435,1,ANY,0,False
cera albabeeswaxcire d abeille,6436,1,ANY,0,False
sucrose hexaisostearate,6437,1,ANY,0,False
prunus persica peach kernel extract,6438,1,ANY,0,False
prunus persica peach fruit water,6439,1,ANY,0,False
rosa canina fruitrosa centifoliarosa damascena flower extract,6440,1,ANY,0,False
lithospermum officinale root extract,6441,1,ANY,0,False
polygonum tinctorium leafstem extract,6442,1,ANY,0,False
hydrolyzed lagenaria siceraria fruit juice,6443,1,ANY,0,False
hadasei-3,6444,1,ANY,0,False
silk powder,6445,1,ANY,0,False
iron oxide ci 77491 hadasei-3,6446,1,ANY,0,False
squalane olive origin,6447,1,ANY,0,False
stearyl glycyrrhetinate licorice extract,6448,1,ANY,0,False
oryzanol rice bran oil extract,6449,1,ANY,0,False
hydrogenated lecithin soy origin,6450,1,ANY,0,False
inositol rice extract,6451,1,ANY,0,False
ferric ferrocyanide ci 77510,6452,1,ANY,0,False
lauryl peg-8 dimethicone,6453,1,ANY,0,False
tridecyl salicylate,6454,1,ANY,0,False
peg-10,6455,1,ANY,0,False
lauryl peg-10 tristrimethylsiloxysilylethyl dimethicone,6456,1,ANY,0,False
phosphoric acid,6457,1,ANY,0,False
77492,6458,1,ANY,0,False
foeniculum vulgare fennel oil,6459,1,ANY,0,False
citrus medica limonum lemon juice,6460,1,ANY,0,True
ppg-6-decyltetradeceth-20,6461,1,ANY,0,False
peg-30 glyceryl isostearate,6462,1,ANY,0,False
peg-50 glyceryl isostearate,6463,1,ANY,0,False
phytosteryl macadamiate macadamia,6464,1,ANY,0,False
tetrapeptide-4,6465,1,ANY,0,False
citrus latifolia peel oil,6466,1,ANY,0,True
sericin silk extract,6467,1,ANY,0,False
panax,6468,1,ANY,0,False
ginseng root extract,6469,1,ANY,0,False
chondrus crispus red,6470,1,ANY,0,False
thymus serpillum thyme extract,6471,1,ANY,0,False
ppg-6-,6472,1,ANY,0,False
decyltetradeceth- 20,6473,1,ANY,0,False
polyglyceryl-,6474,1,ANY,0,False
10eicosanedioatetetradecanedioate,6475,1,ANY,0,False
polyglyceryl-10,6476,1,ANY,0,False
isostearate,6477,1,ANY,0,False
natural,6478,1,ANY,0,False
3-laurylglyceryl ascorbate,6479,1,ANY,0,False
titanium dioxide ci 77891 hadasei-3,6481,2,AM,0,False
candelilla cera cire de candelilla,6483,1,ANY,0,False
peg-60 almond glycerides,6484,1,ANY,0,False
glycine soja soybean sterol,6485,1,ANY,0,False
copernicia cerifera cera,6486,1,ANY,0,False
humulus lupulus extract,6487,1,ANY,0,False
palmitoyl dipeptide-5 diaminohy-hydroxybutyrate,6488,1,ANY,0,False
plukenetia volubilis seed oil sacha inchi oil,6493,1,ANY,0,False
sodium caproyl prolinate,6494,1,ANY,0,False
lithothamnium calcarum extract,6496,1,ANY,0,False
tetrapeptide -30,6498,1,ANY,0,False
benzoyl peroxide,6499,5,ANY,5,False
stearic acidl phenoxyethanol,6500,1,ANY,0,False
hydrolyzed,6501,1,ANY,0,False
prunus armeniaca apricot,6502,1,ANY,0,False
kernel oil,6503,1,ANY,0,False
glycine soja soybean sterol t-butyl alcohol,6504,1,ANY,0,False
water aqua eau,6505,1,ANY,0,False
gardenia florida fruit extract polylysine,6506,1,ANY,0,False
sorbitan isostearate trisodium ethylenediamine disuccinate,6507,1,ANY,0,False
sodium gluconate dehydroacetic acid,6508,1,ANY,0,False
phenylbenzimidazole sulfonic acid,6511,1,ANY,0,False
oryza sativa purple rice hull extract,6512,1,ANY,0,False
camellia sinensis purple tea leaf extract,6513,1,ANY,0,False
ipomoea batatas purple sweet potato root extract,6514,1,ANY,0,False
benzyl cinnamate,6515,1,ANY,0,False
proprietary enzyme blend amylase,6516,1,ANY,0,False
fungal protease,6517,1,ANY,0,False
acid protease,6518,1,ANY,0,False
glucoamylase,6519,1,ANY,0,False
yeast lipase,6520,1,ANY,0,False
beta glucanase,6521,1,ANY,0,False
maltase,6522,1,ANY,0,False
xylanase,6523,1,ANY,0,False
alpha-galactosidase,6524,1,ANY,0,False
neutral protease,6525,1,ANY,0,False
invertase,6526,1,ANY,0,False
pectinase,6527,1,ANY,0,False
hemicellulase,6528,1,ANY,0,False
phytase,6529,1,ANY,0,False
licorice extract root glycyrrhiza glabra gutgard,6530,1,ANY,0,False
organic ginger root zingiber officinale organic cinnamon powder bark cinnamomum cassia organic turmeric powder root curcuma longa,6531,1,ANY,0,False
hard vegetable capsule hypromellose,6532,1,ANY,0,False
l-leucine,6533,1,ANY,0,False
long grain white rice flour,6534,1,ANY,0,False
colloidal silicon dioxide,6535,1,ANY,0,False
inulin root jerusalem artichoke,6536,1,ANY,0,False
lactospore 100 billion cfug bacillus coagulans,6537,1,ANY,0,False
clear vegetarian capsule,6538,1,ANY,0,False
hydrolyzed bovine collagen,6539,1,ANY,0,False
aloe powder leaf aloe barbadensis,6540,1,ANY,0,False
ceramosides standardized gluten-free wheat ceramide extract triticum vulgare,6541,1,ANY,0,False
grape extract seed vitis vinifera,6542,1,ANY,0,False
green algae whole plant haematococcus pluvialis,6543,1,ANY,0,False
sodium hyaluronate powder hyaluronic acid,6544,1,ANY,0,False
hard gelatin elongated capsule,6545,1,ANY,0,False
magnesium stearate vegetable grade,6546,1,ANY,0,False
silicon dioxide silica,6547,1,ANY,0,False
skinax2 proprietary blend of grape seed extract,6548,1,ANY,0,False
melon fruit concentrate,6549,1,ANY,0,False
zinc citrate,6550,1,ANY,0,False
ascorbic acid coated,6551,4,AM,3,False
amla extract fruit emblica officinalis gaertn,6552,1,ANY,0,False
pine extract bark pinus pinaster,6553,1,ANY,0,False
camu-camu myrciaria dubia,6554,1,ANY,0,False
natural beta-carotene,6555,1,ANY,0,False
hard vegetarian capsule hypromellose,6556,1,ANY,0,False
nephelium lappaceum extract,6557,1,ANY,0,False
ahnfeltia concinna extract,6558,1,ANY,0,False
daucus carota sativa extract,6559,1,ANY,0,False
hexyl nicotinate,6560,1,ANY,0,False
oxidized glutathione,6561,1,ANY,0,False
pentapeptide-18,6562,1,ANY,0,False
acetylarginyltryptophyl diphenylglycine,6563,1,ANY,0,False
acrylatesethylhexyl acrylate crosspolymer,6564,1,ANY,0,False
sucrose dilaurate,6565,1,ANY,0,False
sucrose trilaurate,6566,1,ANY,0,False
behentrimonium chloride,6567,1,ANY,0,False
silica cetyl silylate,6568,1,ANY,0,False
pseudoalteromonas exopolysaccharides,6569,1,ANY,0,False
heterotheca inuloides flower extract,6570,1,ANY,0,False
hydrolyzed brassica napus seedcake extract,6571,1,ANY,0,False
hydrogenated sunflower seed oil polyglyceryl-3 esters,6572,1,ANY,0,False
hydrogenated sunflower seed oil glyceryl esters,6573,1,ANY,0,False
saccharum officinarum sugarcane extractsaccharum officinarumextrait de canne a sucre,6574,1,ANY,0,False
cassia angustifolia seed extract,6575,1,ANY,0,False
prunus insititia seed oil,6576,1,ANY,0,False
citrus limon lemon fruit water,6577,1,ANY,0,True
kojic acid dipalmitate,6578,1,ANY,0,False
gluthathione,6579,1,ANY,0,False
turmeric butter,6580,1,ANY,0,False
dimethylmethoxy chromanyl palmitate,6581,1,ANY,0,False
hypochlorous acid,6582,1,ANY,0,False
ionized water,6583,1,ANY,0,False
sodium magnesium,6584,1,ANY,0,False
fluorosilicate,6585,1,ANY,0,False
lactis proteinummilk proteinprotine du lait,6586,1,ANY,0,False
glutaral,6587,1,ANY,0,False
beta vulgaris beet root extractbeta vulgarisextrait de racine de betterave,6588,1,ANY,0,False
ci 75470carmine,6589,1,ANY,0,False
ci 77861tin oxide,6590,1,ANY,0,False
ci 77019mica,6591,1,ANY,0,False
vaccinium angustifolium blueberry fruit extract lactic acid,6592,3,PM,3,True
diphenyl succinate,6593,1,ANY,0,False
acetylcysteine,6594,1,ANY,0,False
l-proline,6595,1,ANY,0,False
hydrolyzed adansonia digitata seed extract,6596,1,ANY,0,False
hedychium spicatum extract,6598,1,ANY,0,False
plumeria rubra flower,6599,1,ANY,0,False
hibiscus abelmoschus seed extract,6600,1,ANY,0,False
polystyrene,6601,1,ANY,0,False
yogurt extract,6602,1,ANY,0,False
ci 77491ci77492iron oxides,6603,1,ANY,0,False
titanium dioxide 36,6604,2,AM,0,False
zinc oxide 234,6605,2,AM,0,False
carum carvi caraway seed oil,6606,1,ANY,0,False
peumus boldus leaf extract,6607,1,ANY,0,False
propylene glycol dipelargonate,6608,1,ANY,0,False
pseudozyma epicolaargania spinosa kernel oilolive fruit oilsunflower seed oilangelica gigaslicoricelithospermum erythrorhizon root ferment extract filtrate,6609,1,ANY,0,False
honey mel,6610,1,ANY,0,False
pinus pinaster extract pinus pinaster bark extract,6611,1,ANY,0,False
citrus clementina fruit extract,6612,1,ANY,0,True
daucus carota sativa carrot extract,6613,1,ANY,0,False
hydrolyzed hemp seed protein,6614,1,ANY,0,False
lactobacilluspumpkin ferment filtrate,6615,1,ANY,0,False
laurate,6616,1,ANY,0,False
dipentaerythrityl penta isononanoate,6617,1,ANY,0,False
linum usitatissimum linseed oil,6618,1,ANY,0,False
methyl dihydrojasmonate,6619,1,ANY,0,False
methyl undecylenate,6620,1,ANY,0,False
ethyl undecylenate,6621,1,ANY,0,False
phenylisohexanol,6622,1,ANY,0,False
dipentaerythrityl hexahydroxystearatehexastearatehexatosinate,6623,1,ANY,0,False
iron oxides ci 77492ci 77499,6625,1,ANY,0,False
hydrogenated polyc6-20 olefin,6626,1,ANY,0,False
cholecalciferol vitamin d3,6627,1,ANY,0,False
dimethiconol caprylylsilsesquioxanesilicate crosspolymer,6628,1,ANY,0,False
triceteareth-4 phosphate,6629,1,ANY,0,False
trilaureth-4 phosphate,6630,1,ANY,0,False
dimethiconolpropylsilsesquioxanesilicate crosspolymer,6631,1,ANY,0,False
pyrus malus apple fruit water,6632,1,ANY,0,False
rosmarinus officinalis rosemary leaf oil rosmarinus officinalis leaf oil,6633,1,ANY,0,False
citrus depressa peel extract,6634,1,ANY,0,True
ppg-15-buteth-20,6635,1,ANY,0,False
polyester-1,6636,1,ANY,0,False
rosa centifolia rose flower extract,6637,1,ANY,0,False
saccharum officinarum sugarcane extractsaccharum officinarumextrait de canne sucre,6638,1,ANY,0,False
camellia japonica camellia leaf extract,6639,1,ANY,0,False
citrus paradisi grapefruit seed extract,6640,1,ANY,0,True
phellodendron amurense cork tree bark extract,6641,1,ANY,0,False
psidium guajava guava leaf extract,6642,1,ANY,0,False
camellia sinensis tea plant leaf extract,6643,1,ANY,0,False
passiflora edulis passionfruit fruit extract,6644,1,ANY,0,False
vaccinium myrtillus blueberry fruit extract,6645,1,ANY,0,False
magnolia officinalis magnolia bark extract,6646,1,ANY,0,False
honey extractmelextrait de miel,6647,1,ANY,0,False
glycine soja soybean lipids,6648,1,ANY,0,False
prunus avium sweet cherry fruit extract,6649,1,ANY,0,False
crataegus monogyna hawthorn flower extract,6650,1,ANY,0,False
sorbeth-230 tetraoleate,6651,1,ANY,0,False
aloe barbadensis leaf aloe vera juice powder,6652,1,ANY,0,False
gardenia jasminoides jasmine fruit extract,6653,1,ANY,0,False
opuntia tuna prickly pear flowerstem extract,6654,1,ANY,0,False
euterpe oleracea aa fruit extract,6655,1,ANY,0,False
aristotelia chilensis maqui fruit extract,6656,1,ANY,0,False
riboflavin vitamin b2,6657,1,ANY,0,False
withania somnifera ashwagandha leaf extract,6658,1,ANY,0,False
prunus amygdalus sweet almond dulcis oil,6659,1,ANY,0,False
brassica oleracea capitata kale leaf extract,6660,1,ANY,0,False
medicago sativa alfalfa leaf extract,6661,1,ANY,0,False
natural fragranceparfum,6662,1,ANY,0,False
chlorophyll ci 75810,6663,1,ANY,0,False
euterpe oleracea fruit acai extract,6664,1,ANY,0,False
linum usitatissimum flaxseed seed oil,6665,1,ANY,0,False
amylcinnamyl alcohol,6666,1,ANY,0,False
magnesium ascorbyl phosphate vitamin c,6667,4,AM,3,False
ilex guayusa leaf extract,6669,1,ANY,0,False
hylocereus undatus dragon fruit extract,6670,1,ANY,0,False
opuntia ficus-indica prickly pear stem extract,6671,1,ANY,0,False
aristotelia chilensis maqui berry fruit extract,6672,1,ANY,0,False
moringa oleifera moringa leaf extract,6673,1,ANY,0,False
melia azadirachta flower neem extract,6674,1,ANY,0,False
ocimum basilicum holy basil flowerleaf extract,6675,1,ANY,0,False
corallina officinalis red algae extract,6676,1,ANY,0,False
ilex guayusa guayusa leaf extract,6677,1,ANY,0,False
bromelain pineapple,6678,1,ANY,0,False
papain papaya,6679,1,ANY,0,False
hylocereus undatus dragon fruit fruit extract,6680,1,ANY,0,False
lycium barbarum goji callus culture extract,6681,1,ANY,0,False
gardenia jasminoides gardenia fruit extract,6682,1,ANY,0,False
opuntia ficus-indica stem prickly pear cactus extract,6683,1,ANY,0,False
nephelium lappaceum peel rambutan extract,6684,1,ANY,0,False
rhodiola rosea arctic root extract,6685,1,ANY,0,False
hydrolyzed cannabis sativa hemp seed extract,6686,1,ANY,0,False
hydrolyzed linseed seed,6687,1,ANY,0,False
dilinoleic acidpropanediolpdi crosspolymer,6688,1,ANY,0,False
glyceryl monostearate,6689,1,ANY,0,False
phytospingosine,6690,1,ANY,0,False
t-buty alcohol,6691,1,ANY,0,False
bentonite volcanic clay,6692,1,ANY,0,False
montmorillonite french green clay,6693,1,ANY,0,False
calcite,6694,1,ANY,0,False
salix purpurea red willow bark extract,6695,1,ANY,0,False
phycocyanin blue green algae,6696,1,ANY,0,False
triticum aestivum wheatgrass leaf extract,6697,1,ANY,0,False
grifola frondosa fruiting body extract,6698,1,ANY,0,False
rubus chamaemorus cloudberry seed oil,6699,1,ANY,0,False
ganoderma lucidum reishi mushroom stem extract,6700,1,ANY,0,False
letinus edodes mycelium extract,6701,1,ANY,0,False
l-arginine,6702,1,ANY,0,False
pichia ferment lysate filtrate,6703,1,ANY,0,False
momordica cochinchinensis seed extract,6704,1,ANY,0,False
punica granatum seed extract,6705,1,ANY,0,False
euterpe oleracea aca fruit extract,6707,1,ANY,0,False
