id,name,brand,category,price
P439055,GENIUS Sleeping Collagen Moisturizer,Algenist,Skincare,98.0
P421277,GENIUS Liquid Collagen Serum,Algenist,Skincare,115.0
P467602,Triple Algae Eye Renewal Balm Eye Cream,Algenist,Skincare,68.0
P432045,GENIUS Liquid Collagen Lip Treatment,Algenist,Skincare,29.0
P311143,SUBLIME DEFENSE Ultra Lightweight UV Defense Fluid SPF 50,Algenist,Skincare,28.0
P384537,GENIUS Ultimate Anti-Aging Cream,Algenist,Skincare,112.0
P388200,GENIUS Ultimate Anti-Aging Melting Cleanser,Algenist,Skincare,38.0
P296413,Gentle Rejuvenating Cleanser,Algenist,Skincare,28.0
P500716,10 Day Results Kit,Algenist,Skincare,88.0
P379907,Advanced Anti-Aging Repairing Oil,Algenist,Skincare,82.0
P296415,Overnight Restorative Cream,Algenist,Skincare,94.0
P392945,GENIUS Ultimate Anti-Aging Vitamin C+ Serum,Algenist,Skincare,118.0
P474809,Blue Algae Vitamin C Skinclarity Brightening Serum,Algenist,Skincare,72.0
P416552,POWER Recharging Night Pressed Serum,Algenist,Skincare,95.0
P471000,Algae Niacinamide Moisture Veil,Algenist,Skincare,65.0
P480274,GENIUS Liquid Skin Resurfacing 2% BHA Toner,Algenist,Skincare,40.0
P453818,GENIUS Collagen Calming Relief,Algenist,Skincare,58.0
P442859,ALIVE Prebiotic Balancing Mask,Algenist,Skincare,38.0
P388262,GENIUS Ultimate Anti-Aging Eye Cream,Algenist,Skincare,74.0
P457694,Blue Algae Vitamin C Dark Spot Correcting Peel,Algenist,Skincare,85.0
P447504,AA (Alguronic Acid) Barrier Serum,Algenist,Skincare,85.0
P404169,POWER Advanced Wrinkle Fighter 360° Eye Serum,Algenist,Skincare,70.0
P404168,POWER Advanced Wrinkle Fighter Moisturizer,Algenist,Skincare,85.0
P433469,ELEVATE Advanced Retinol Serum,Algenist,Skincare,98.0
P420638,ELEVATE Advanced Lift Contouring Cream,Algenist,Skincare,96.0
P456990,Mini GENIUS Liquid Collagen,Algenist,Skincare,25.0
P410809,ELEVATE Firming & Lifting Contouring Eye Cream,Algenist,Skincare,72.0
P442860,ALIVE Prebiotic Balancing Moisturizer SPF 15,Algenist,Skincare,40.0
P504443,Plump Pout Duo,Algenist,Skincare,44.0
P503998,Algae Peptide Regenerative Moisturizer,Algenist,Skincare,98.0
P440949,Liquid Gold Exfoliating Treatment with Glycolic acid,Alpha-H,Skincare,56.0
P442540,Vitamin A Serum with 0.5% Retinol,Alpha-H,Skincare,65.0
P442539,Vitamin B Serum with 5% Niacinamide and Peptides,Alpha-H,Skincare,65.0
P442546,Balancing Cleanser,Alpha-H,Skincare,38.0
P442548,Mini Liquid Gold Exfoliating Treatment with Glycolic Acid,Alpha-H,Skincare,22.0
P442537,Liquid Gold Firming Eye Cream,Alpha-H,Skincare,82.0
P480150,Liquid Gold Midnight Reboot Serum with 14% Glycolic Acid and Tripeptide-5,Alpha-H,Skincare,105.0
P442542,Beauty Sleep Power Peel Age-Defying Night Peel,Alpha-H,Skincare,106.0
P442545,Triple Action Cleanser,Alpha-H,Skincare,38.0
P455237,Melt Moisturizer with Bakuchiol and Squalane,alpyn beauty,Skincare,60.0
P465741,Wild Huckleberry 8-Acid Polishing Peel Mask,alpyn beauty,Skincare,56.0
P472302,Wild Nettle & Niacinamide Instant Firming Serum,alpyn beauty,Skincare,58.0
P455613,Line-Filling Eye Cream with Bakuchiol and Caffeine,alpyn beauty,Skincare,62.0
P503197,Juneberry & Collagen Hydrating Cold Cream Cleanser,alpyn beauty,Skincare,39.0
P477492,Triple Vitamin C Brightening Bounce Cream Moisturizer,alpyn beauty,Skincare,49.0
P455614,Creamy Bubbling Cleanser with Vitamin C & AHAs,alpyn beauty,Skincare,36.0
P455612,Vitamin C & Bearberry Instant Glow Serum,alpyn beauty,Skincare,59.0
P483643,Willow & Sweet Agave Plumping Lip Mask,alpyn beauty,Skincare,28.0
P505338,Pore Perfecting Liquid Exfoliator with 2% BHA + Borage,alpyn beauty,Skincare,39.0
P481058,Mini Melt Moisturizer with Bakuchiol and Squalane,alpyn beauty,Skincare,25.0
P503262,Peel and Plump Skin-Smoothing Duo,alpyn beauty,Skincare,49.0
P449150,Hydrating Oil,Anastasia Beverly Hills,Skincare,45.0
P470506,The Cream Cleansing Gel with TFC8 Gentle Cleanser,Augustinus Bader,Skincare,70.0
P470509,The Rich Cream with TFC8 Face Moisturizer,Augustinus Bader,Skincare,290.0
P470507,The Cream with TFC8 Face Moisturizer,Augustinus Bader,Skincare,180.0
P500420,The Light Cream,Augustinus Bader,Skincare,180.0
P482510,The Ultimate Soothing Cream,Augustinus Bader,Skincare,290.0
P475907,The Serum with  TFC8,Augustinus Bader,Skincare,390.0
P475906,The Eye Cream with  TFC8,Augustinus Bader,Skincare,220.0
P503926,The Face Cream Mask,Augustinus Bader,Skincare,215.0
P470510,Mini The Rich Cream with TFC8 Face Moisturizer,Augustinus Bader,Skincare,92.0
P470508,Mini The Cream with TFC8 Face Moisturizer,Augustinus Bader,Skincare,92.0
P482661,The Essence,Augustinus Bader,Skincare,93.0
P502235,The Daily Essential Duo The Cream,Augustinus Bader,Skincare,305.0
P504018,The Skin Renewal System,Augustinus Bader,Skincare,185.0
P438637,Bright Eyes Collagen-Infused Brightening Colloidal Silver Eye Masks,BeautyBio,Skincare,40.0
P455623,The ZenBubble Gel Cream,BeautyBio,Skincare,69.0
P477961,Get That Glow - GloPRO Facial Microneedling Discovery Set,BeautyBio,Skincare,199.0
P438643,The Balance pH Balancing Gel Cleanser,BeautyBio,Skincare,39.0
P438628,Contouring + De-Puffing Rose Quartz Roller,BeautyBio,Skincare,65.0
P438635,The Pout Sparkling Rosé Hyaluronic Acid Collagen Plumping Lip Serum,BeautyBio,Skincare,39.0
P481060,The Eyelighter Concentrate,BeautyBio,Skincare,58.0
P438648,The Quench Quadralipid Rapid Recovery Facial Moisturizer,BeautyBio,Skincare,129.0
P503562,GLOfacial Hydro-Infusion Pore Cleansing + Blue LED Clarifying Tool,BeautyBio,Skincare,199.0
P505145,ZenBubble Bi-Phase Toner Serum,BeautyBio,Skincare,49.0
P438642,GloPRO Prep Pads Clarifying Skin Cleansing Wipes with Peptides,BeautyBio,Skincare,39.0
P443810,The Daily Vitamin C Day Serum with Antioxidant Complex,BeautyBio,Skincare,75.0
P463792,Rejuvenating Scalp + Fuller Hair Therapy Set,BeautyBio,Skincare,249.0
P443812,R45 The Lift 3-Phase Advanced Neck Contouring Treatment,BeautyBio,Skincare,85.0
P438629,The Radiance Brightening Vitamin E + Rosehip Seed Facial Oil,BeautyBio,Skincare,70.0
P438640,The Nightly Retinol + Peptide Anti-Aging Serum,BeautyBio,Skincare,95.0
P503552,GLOfacial Clarifying Salicylic & Plumping Hyaluronic Acid Concentrate,BeautyBio,Skincare,45.0
P438630,Contouring + De-Puffing Rose Quartz GloPRO Attachment Head,BeautyBio,Skincare,49.0
P502237,Head-To-Toe AfterGLO Set,BeautyBio,Skincare,199.0
P483141,The Quench Eye Reviving Quadralipid Eye Balm,BeautyBio,Skincare,99.0
P483089,Eye Want It All Face + Eye Microneedling Set,BeautyBio,Skincare,249.0
P500755,Cryo Skin Icing Roller + Bright Eyes Gels Set,BeautyBio,Skincare,100.0
P394639,The True Cream Aqua Bomb,belif,Skincare,38.0
P394624,The True Cream Moisturizing Bomb,belif,Skincare,38.0
P422905,Moisturizing Eye Bomb with Squalane,belif,Skincare,48.0
P475908,Aqua Bomb Overnight Lip Mask,belif,Skincare,22.0
P462336,Aqua Bomb Cleansing Balm,belif,Skincare,38.0
P471535,Aqua Bomb Brightening Vitamin C Cream,belif,Skincare,45.0
P449175,Aqua Bomb Hydrating Toner,belif,Skincare,30.0
P433443,Aqua Bomb Sleeping Mask,belif,Skincare,38.0
P444057,Aqua Bomb Jelly Cleanser,belif,Skincare,30.0
P500019,The True Cream - Aqua Bomb Sunscreen Broad Spectrum SPF 50,belif,Skincare,38.0
P435801,Aqua Bomb Mist,belif,Skincare,38.0
P504888,Aqua Bomb Protect & Glow Travel Kit,belif,Skincare,27.0
P504852,Aqua Bomb Everyday Hydration Set,belif,Skincare,38.0
P505031,The POREfessional Smooth Sip Lightweight Gel-Cream Moisturizer,Benefit Cosmetics,Skincare,44.0
P505023,The POREfessional Deep Retreat Pore-Clearing Clay Mask,Benefit Cosmetics,Skincare,39.0
P505009,The POREfessional Tight ’n Toned Pore-Refining AHA+PHA Toner,Benefit Cosmetics,Skincare,34.0
P505024,The POREfessional Get Unblocked Makeup-Removing Cleansing Oil,Benefit Cosmetics,Skincare,39.0
P505054,The POREfessional Speedy Smooth Mask,Benefit Cosmetics,Skincare,39.0
P505020,The POREfessional Good Cleanup Foaming Cleanser,Benefit Cosmetics,Skincare,29.0
P433887,Squalane + Omega Repair Deep Hydration Moisturizer,Biossance,Skincare,60.0
P416563,Squalane + Vitamin C Rose Firming Oil,Biossance,Skincare,74.0
P447210,Squalane + Marine Algae Firming & Lifting Eye Cream,Biossance,Skincare,56.0
P453224,Squalane + 10% Lactic Acid Resurfacing Serum,Biossance,Skincare,65.0
P416561,Squalane + Probiotic Balancing Gel Moisturizer,Biossance,Skincare,54.0
P416562,Squalane + Peptide Brightening & De-Puffing Eye Gel,Biossance,Skincare,56.0
P456410,Squalane + Zinc Sheer Mineral Sunscreen SPF 30 PA +++,Biossance,Skincare,34.0
P416560,Squalane + Antioxidant Makeup Removing Cleansing Oil,Biossance,Skincare,32.0
P467110,Squalane + 10% Vitamin C Dark Spot Serum,Biossance,Skincare,65.0
P471003,Squalane + BHA Pore-Minimizing Toner,Biossance,Skincare,30.0
P474304,Squalane + Amino Aloe Gentle Pore-Minimizing Cleanser,Biossance,Skincare,28.0
P479304,Squalane + Copper Peptide Rapid Plumping Serum,Biossance,Skincare,68.0
P416564,100% Sugarcane Squalane Oil,Biossance,Skincare,34.0
P503642,Squalane + Vitamin C Rose Brightening Moisturizer,Biossance,Skincare,56.0
P469439,Squalane+ Rose Vegan Lip Balm,Biossance,Skincare,16.0
P462829,Squalane + Elderberry Nourishing Jelly Cleanser,Biossance,Skincare,28.0
P501213,Squalane + Retinol Night Serum,Biossance,Skincare,72.0
P480278,Rapid Radiance Set,Biossance,Skincare,35.0
P429659,Squalane + Hyaluronic Toning Mist,Biossance,Skincare,32.0
P484033,Mini Squalane + Vitamin C Rose Firming Oil,Biossance,Skincare,40.0
P480280,Mini Squalane + Omega Repair Deep Hydration Moisturizer,Biossance,Skincare,20.0
P480279,Radiantly Rose Duo Set,Biossance,Skincare,25.0
P503892,Instant Hydration Set,Biossance,Skincare,74.0
P270594,Vitamin Enriched Face Base Priming Moisturizer,Bobbi Brown,Skincare,66.0
P270544,Hydrating Eye Cream,Bobbi Brown,Skincare,58.0
P462339,Vitamin Enriched Eye Base,Bobbi Brown,Skincare,58.0
P270543,Hydrating Face Cream Moisturizer,Bobbi Brown,Skincare,66.0
P392648,Extra Illuminating Moisture Balm,Bobbi Brown,Skincare,74.0
P446518,Soothing Face Cleanser Oil,Bobbi Brown,Skincare,53.0
P468634,Vitamin Enriched Face Base Jumbo,Bobbi Brown,Skincare,99.0
P455332,Hydrating Water Fresh Cream Moisturizer,Bobbi Brown,Skincare,66.0
P270600,Extra Eye Repair Cream Intense,Bobbi Brown,Skincare,86.0
P504452,Mini Must Haves Skincare Set,Bobbi Brown,Skincare,25.0
P395507,Extra Repair Moisture Cream,Bobbi Brown,Skincare,110.0
P504288,Get Lit Skin and Mood Boosting Supplement,caliray,Skincare,48.0
P481817,"Beauty Elixir Prep, Set, Glow Face Mist",Caudalie,Skincare,49.0
P94421,Vinoperfect Radiance Dark Spot Serum Vitamin C Alternative,Caudalie,Skincare,82.0
P472454,Vinosource-Hydra Moisturizing Sorbet,Caudalie,Skincare,38.0
P12045,Grape Water Moisturizing Face Mist,Caudalie,Skincare,12.0
P474938,Vinopure Natural Salicylic Acid Pore Minimizing Serum,Caudalie,Skincare,52.0
P395615,Pore Minimizing Instant Detox Mask,Caudalie,Skincare,42.0
P474937,Vinopure Pore Purifying Gel Cleanser,Caudalie,Skincare,30.0
P471226,Vinoperfect Instant Brightening Moisturizer with Niacinamide,Caudalie,Skincare,65.0
P381020,Vinoclean Cleansing Micellar Water,Caudalie,Skincare,30.0
P420224,Vinoperfect Brightening Glycolic Essence,Caudalie,Skincare,59.0
P472453,Vinosource-Hydra SOS Intense Hydration Moisturizer,Caudalie,Skincare,45.0
P474939,Vinopure Natural Salicylic Acid Pore Minimizing Toner,Caudalie,Skincare,30.0
P468637,Vinoclean Makeup Removing Cleansing Oil,Caudalie,Skincare,30.0
P480285,Premier Cru Dark Circle Correcting Eye Cream,Caudalie,Skincare,85.0
P466114,Resveratrol Lift Instant Firming Retinol Alternative Serum,Caudalie,Skincare,84.0
P467750,Resveratrol Lift Retinol Alternative Firming Cashmere Moisturizer,Caudalie,Skincare,69.0
P480160,Premier Cru Anti Aging Cream Moisturizer with Hyaluronic Acid,Caudalie,Skincare,129.0
P471227,Vinoperfect Brightening Glycolic Night Cream,Caudalie,Skincare,69.0
P6028,Gentle Buffing Cream,Caudalie,Skincare,35.0
P480284,Premier Cru Anti-Aging Serum with Niacinamide and Hyaluronic Acid,Caudalie,Skincare,139.0
P471009,Vinoperfect Brightening Glycolic Peel Mask,Caudalie,Skincare,42.0
P472455,Vinosource-Hydra SOS Hydrating Hyaluronic Acid Serum,Caudalie,Skincare,52.0
P471541,Vinosource-Hydra Grape Water Gel Moisturizer,Caudalie,Skincare,45.0
P468813,Vinoclean Moisturizing Toner with Rose Water,Caudalie,Skincare,30.0
P469444,Vinoclean Gentle Cleansing Almond Milk,Caudalie,Skincare,30.0
P467748,Resveratrol Lift Firming Eye Gel-Cream,Caudalie,Skincare,62.0
P503657,Premier Cru Skin Barrier Rich Moisturizer with Bio-Ceramides,Caudalie,Skincare,129.0
P467749,Resveratrol Lift Retinol Alternative Firming Night Moisturizer,Caudalie,Skincare,72.0
P472451,Vinosource-Hydra Moisturizing Mask,Caudalie,Skincare,42.0
P470007,Vinoclean Gentle Foam Cleanser,Caudalie,Skincare,30.0
P478239,Vinopure Purifying Clay Mask,Caudalie,Skincare,42.0
P474936,Vinopure Oil-Control Moisturizer for Acne Prone Skin,Caudalie,Skincare,38.0
P500016,Deep Exfoliating Cleanser,Caudalie,Skincare,38.0
P503655,Mini Grape Water Moisturizing Face Mist,Caudalie,Skincare,12.0
P504881,Vinoperfect  Brightening Solution Set,Caudalie,Skincare,82.0
P504848,Resveratrol-Lift Ultimate Firming Set,Caudalie,Skincare,84.0
P504850,Premier Cru Fine Lines and Wrinkles Anti-Aging Set,Caudalie,Skincare,139.0
P481366,Isle Glow Face Moisturizer SPF 45 with Sea Moss and Niacinamide,CAY SKIN,Skincare,34.0
P481367,Isle Lip Balm SPF 30 with Sea Moss and Aloe Stem Cells,CAY SKIN,Skincare,14.0
P501587,Deepwater Nourishing Lip Mask with Sea Moss and Aloe Stem Cells,CAY SKIN,Skincare,22.0
P500399,Isle Glow Body Lotion SPF 45 with Sea Moss and Cocoa Seed Butter,CAY SKIN,Skincare,38.0
P500287,Isle Body Oil SPF 30 with Sea Moss and Squalane,CAY SKIN,Skincare,32.0
P433520,Magic Cream Moisturizer with Hyaluronic Acid,Charlotte Tilbury,Skincare,100.0
P458755,Charlotte’s Magic Serum with Vitamin C,Charlotte Tilbury,Skincare,85.0
P433521,Charlotte’s Magic Eye Cream with Retinol,Charlotte Tilbury,Skincare,65.0
P476843,Cryo-Recovery Depuffing Eye Serum,Charlotte Tilbury,Skincare,70.0
P435975,Mini Charlotte's Magic Cream,Charlotte Tilbury,Skincare,30.0
P433519,Refillable Magic Night Moisturizer with Retinol,Charlotte Tilbury,Skincare,145.0
P500753,Daily Glow Toner with Niacinamide,Charlotte Tilbury,Skincare,55.0
P433522,Goddess Clay Mask,Charlotte Tilbury,Skincare,58.0
P446612,Instant Magic Facial Dry Sheet Mask,Charlotte Tilbury,Skincare,25.0
P459835,Mini Charlotte’s Magic Serum with Vitamin C,Charlotte Tilbury,Skincare,30.0
P433524,Multi-Miracle Glow Cleansing Balm,Charlotte Tilbury,Skincare,60.0
P440505,Goddess Cleansing Ritual Duo,Charlotte Tilbury,Skincare,46.0
P500248,Collagen Superfusion Firming & Plumping Facial Oil,Charlotte Tilbury,Skincare,85.0
P451728,Mini Goddess Clay Mask 15ml Travel Size,Charlotte Tilbury,Skincare,16.0
P451727,Mini Magic Night 15ml Travel Size,Charlotte Tilbury,Skincare,45.0
P500238,Mini Collagen Superfusion Firming & Plumping Facial Oil,Charlotte Tilbury,Skincare,30.0
P477812,Refillable Jumbo Magic Cream Moisturizer with Hyaluronic Acid,Charlotte Tilbury,Skincare,260.0
P421235,Double Serum Firming & Smoothing Anti-Aging Concentrate,Clarins,Skincare,90.0
P475921,Double Serum Eye Firming & Hydrating Anti-Aging Concentrate,Clarins,Skincare,82.0
P94812,One-Step Gentle Exfoliating Cleanser with Orange Extract,Clarins,Skincare,39.0
P462666,Total Eye Lift Firming & Smoothing Anti-Aging Eye Cream,Clarins,Skincare,90.0
P475084,Extra-Firming Energy + Radiance Boosting Moisturizer,Clarins,Skincare,93.0
P456194,Extra-Firming + Smoothing Neck & Décolleté Moisturizer,Clarins,Skincare,96.0
P408230,V-Facial Instant Depuffing Face Mask,Clarins,Skincare,67.0
P379064,Lotus Balancing & Hydrating Natural Face Treatment Oil,Clarins,Skincare,65.0
P406941,Multi-Active Anti-Aging Day Moisturizer with SPF 20 for Glowing Skin,Clarins,Skincare,59.0
P406942,Multi-Active Anti-Aging Night Moisturizer for Glowing Skin,Clarins,Skincare,62.0
P483060,Lip Comfort Hydrating Oil,Clarins,Skincare,28.0
P392522,Santal Soothing & Hydrating Natural Face Treatment Oil,Clarins,Skincare,65.0
P430338,Extra-Firming & Smoothing Day Moisturizer with SPF 15,Clarins,Skincare,93.0
P469449,Hydrating Gentle Foaming Cleanser with Aloe Vera,Clarins,Skincare,30.0
P405589,Multi-Active Anti-Aging Day Cream-Gel Moisturizer for Glowing Skin,Clarins,Skincare,59.0
P469448,Purifying Gentle Foaming Cleanser with Salicylic Acid,Clarins,Skincare,30.0
P410657,Extra-Firming & Smoothing Face Mask,Clarins,Skincare,79.0
P446111,V Shaping Facial Lift Depuff & Contour Serum with Hyaluronic Acid,Clarins,Skincare,90.0
P467755,Hydrating Toner Lotion with Aloe Vera,Clarins,Skincare,30.0
P429504,Extra-Firming & Smoothing Night Moisturizer,Clarins,Skincare,98.0
P467756,Soothing Toning Lotion with Chamomile,Clarins,Skincare,30.0
P409227,Multi-Active Anti-Aging Day Moisturizer for Glowing Skin,Clarins,Skincare,58.0
P479946,Self Tanning Face & Body Tinted Gel,Clarins,Skincare,42.0
P467757,Total Cleansing Oil & Makeup Remover,Clarins,Skincare,37.0
P479947,Self Tanning Face & Body Milky Lotion,Clarins,Skincare,42.0
P501566,Super Restorative Anti-Aging Day Moisturizer,Clarins,Skincare,132.0
P475083,Skincare Essentials Kit,Clarins,Skincare,100.0
P501585,Super Restorative Anti-Aging Night Moisturizer,Clarins,Skincare,140.0
P502608,Double Serum Face & Eye Power Duo,Clarins,Skincare,99.0
P504851,Double Serum Light Texture Firming & Smoothing Anti-Aging Concentrate,Clarins,Skincare,132.0
P505335,Hydra-Essentiel Silky Moisturizer with Double Dose Hyaluronic Acid,Clarins,Skincare,49.0
P505385,Anti-Aging Skincare Essentials Set,Clarins,Skincare,100.0
P126301,Take The Day Off Cleansing Balm Makeup Remover,CLINIQUE,Skincare,38.0
P453816,Mini Take The Day Off Cleansing Balm Makeup Remover,CLINIQUE,Skincare,14.0
P122900,Dramatically Different Moisturizing Gel,CLINIQUE,Skincare,32.5
P139000,All About Clean Liquid Facial Soap,CLINIQUE,Skincare,23.5
P381030,Dramatically Different Moisturizing Lotion+,CLINIQUE,Skincare,32.5
P479734,Smart Clinical Repair Wrinkle Correcting Eye Cream,CLINIQUE,Skincare,57.0
P500718,Smart Clinical Repair Wrinkle Correcting Cream,CLINIQUE,Skincare,68.0
P468351,Moisture Surge 100H Auto-Replenishing Hydrator Moisturizer,CLINIQUE,Skincare,82.0
P473267,Smart Clinical Repair Wrinkle Correcting Serum,CLINIQUE,Skincare,71.0
P122774,All About Eyes Eye Cream,CLINIQUE,Skincare,37.0
P174502,All About Eyes Rich Eye Cream,CLINIQUE,Skincare,37.0
P122882,Clarifying Lotion 2,CLINIQUE,Skincare,20.0
P122718,Exfoliating Face Scrub,CLINIQUE,Skincare,26.0
P385432,Acne Solutions Clinical Clearing Gel,CLINIQUE,Skincare,32.0
P188309,Acne Solutions Cleansing Foam,CLINIQUE,Skincare,23.5
P188307,Acne Solutions Clarifying Lotion,CLINIQUE,Skincare,20.0
P403817,Pep-Start Eye Cream,CLINIQUE,Skincare,32.0
P122881,Clarifying Lotion 3,CLINIQUE,Skincare,20.0
P257537,All About Eyes Serum De-Puffing Eye Massage,CLINIQUE,Skincare,37.0
P122762,Rinse-Off Foaming Cleanser,CLINIQUE,Skincare,23.5
P122661,7 Day Face Scrub Cream Rinse-Off Formula,CLINIQUE,Skincare,26.0
P432241,Dramatically Different Hydrating Jelly,CLINIQUE,Skincare,45.0
P188306,Acne Solutions All-Over Clearing Treatment Oil-Free,CLINIQUE,Skincare,26.0
P432242,Blackhead Solutions 7 Day Deep Pore Cleanse & Face Scrub,CLINIQUE,Skincare,26.5
P384821,Take The Day Off  Cleansing Oil Makeup Remover,CLINIQUE,Skincare,34.5
P196542,City Block Sheer Oil-Free Daily Face Protector Broad Spectrum SPF 25 Primer,CLINIQUE,Skincare,30.0
P377577,Moisture Surge Overnight Face Mask,CLINIQUE,Skincare,40.0
P196524,Acne Solutions Cleansing Bar For Face and Body,CLINIQUE,Skincare,19.5
P282920,Pore Refining Solutions Correcting Serum,CLINIQUE,Skincare,55.0
P374841,Even Better Eyes Dark Circle Corrector,CLINIQUE,Skincare,44.0
P415773,Pep-Start Daily UV Protector Broad Spectrum SPF 50,CLINIQUE,Skincare,23.0
P201439,Redness Solutions Soothing Cleanser,CLINIQUE,Skincare,26.5
P122727,Repairwear Anti-Gravity Eye Cream,CLINIQUE,Skincare,54.0
P244701,Acne Solutions Oil-Control Cleansing Mask,CLINIQUE,Skincare,29.0
P439643,Clinique iD Custom-Blend Hydrator Collection,CLINIQUE,Skincare,41.0
P122782,Repairwear Intensive Lip Treatment,CLINIQUE,Skincare,31.5
P503747,Take The Day Off Charcoal Cleansing Balm Makeup Remover,CLINIQUE,Skincare,38.0
P417984,Moisture Surge Hydrating Supercharged Concentrate,CLINIQUE,Skincare,44.0
P232327,Broad Spectrum SPF 50 Sunscreen Face Cream,CLINIQUE,Skincare,30.0
P122876,Clarifying Lotion 4,CLINIQUE,Skincare,20.0
P122651,Clarifying Lotion 1,CLINIQUE,Skincare,20.0
P432243,Blackhead Solutions Self-heating Blackhead Extractor,CLINIQUE,Skincare,32.0
P122767,All About Lips,CLINIQUE,Skincare,28.0
P398717,Dramatically Different Moisturizing Cream,CLINIQUE,Skincare,32.5
P416824,Fresh Pressed Daily Booster with Pure Vitamin C 10%,CLINIQUE,Skincare,85.0
P377576,Repairwear Laser Focus Wrinkle Correcting Eye Cream,CLINIQUE,Skincare,54.0
P443383,Moisture Surge Eye 96-Hour Hydro-Filler Concentrate,CLINIQUE,Skincare,37.0
P302900,Turnaround Revitalizing Serum,CLINIQUE,Skincare,53.0
P392472,All About Clean Foaming Facial Soap,CLINIQUE,Skincare,23.5
P407040,Acne Solutions Acne + Line Correcting Serum,CLINIQUE,Skincare,52.0
P393501,Acne Solutions Cleansing Gel,CLINIQUE,Skincare,23.5
P463613,Moisture Surge Intense 72H Lipid-Replenishing Hydrator Moisturizer,CLINIQUE,Skincare,44.0
P374115,Pore Refining Solutions Stay-Matte Hydrator,CLINIQUE,Skincare,44.0
P455622,Even Better Clinical Radical Dark Spot Corrector + Interrupter Serum,CLINIQUE,Skincare,85.0
P474940,Mini Even Better Clinical Radical Dark Spot Corrector + Interrupter Serum,CLINIQUE,Skincare,21.0
P456991,Superdefense City Block Broad Spectrum SPF 50 Daily Energy + Face Protector Primer,CLINIQUE,Skincare,32.0
P410101,Broad Spectrum SPF 50 Mineral Sunscreen Fluid for Face,CLINIQUE,Skincare,31.0
P407381,Sun-Kissed Face Gelee Complexion Multitasker Bronzer,CLINIQUE,Skincare,34.0
P468818,Mini Moisture Surge 100H Auto-Replenishing Hydrator Moisturizer,CLINIQUE,Skincare,16.0
P448563,Clinique Smart Clinical MD Multi-Dimensional Age Transformer Revolumize,CLINIQUE,Skincare,74.0
P409920,Clarifying Lotion 1.0 Twice A Day Exfoliator,CLINIQUE,Skincare,32.0
P309409,Repairwear Uplifting Firming Cream,CLINIQUE,Skincare,74.0
P417323,Fresh Pressed Renewing Powder Cleanser with Pure Vitamin C,CLINIQUE,Skincare,39.0
P405286,Smart Broad Spectrum SPF 15 Custom-Repair Moisturizer for Dry Combination Skin,CLINIQUE,Skincare,64.0
P439648,Clinique iD:  Moisturizer + Concentrate for Pores & Uneven Texture,CLINIQUE,Skincare,41.0
P469451,All About Clean 2-in-1 Cleansing + Exfoliating Jelly,CLINIQUE,Skincare,26.5
P471011,Take The Day Off Cleansing Balm Makeup Remover Duo,CLINIQUE,Skincare,48.0
P456992,Superdefense SPF 25 Fatigue + 1st Signs of Age Multi-Correcting Cream,CLINIQUE,Skincare,56.0
P500771,Smart Clinical Repair Wrinkle Correcting Rich Cream,CLINIQUE,Skincare,68.0
P448564,Clinique Smart Clinical MD Multi-Dimensional Age Transformer Resculpt,CLINIQUE,Skincare,74.0
P376946,Repairwear Uplifting Firming Cream Broad Spectrum SPF 15,CLINIQUE,Skincare,72.0
P448565,Clinique Smart Clinical MD Multi-Dimensional Age Transformer Duo Resculpt + Revolumize,CLINIQUE,Skincare,74.0
P474942,Refresh in 5,CLINIQUE,Skincare,25.0
P467608,Smart Night Clinical MD Multi-Dimensional Repair Treatment Retinol Serum,CLINIQUE,Skincare,74.0
P469452,All About Clean 2-in-1 Charcoal Face Mask + Scrub,CLINIQUE,Skincare,33.0
P405825,Repairwear Laser Focus Line Smoothing Cream Broad Spectrum SPF 15 for Very Dry to Dry Combination Skin,CLINIQUE,Skincare,61.0
P439099,Clarifying Lotion 2,CLINIQUE,Skincare,36.0
P405285,Smart Broad Spectrum SPF 15 Custom-Repair Moisturizer for Very Dry to Dry Skin,CLINIQUE,Skincare,64.0
P439098,Clarifying Lotion 3,CLINIQUE,Skincare,36.0
P480289,Mini Acne Solutions Cleansing Foam,CLINIQUE,Skincare,11.0
P481668,Clarifying Do-Over Peel,CLINIQUE,Skincare,35.0
P481062,"Clean Skin, Fresh Start Acne Solutions Kit",CLINIQUE,Skincare,24.5
P406656,Repairwear Laser Focus Line Smoothing Cream Broad Spectrum SPF 15 for Combination Oily to Oily Skin,CLINIQUE,Skincare,53.0
P474941,3 Step Intro Kit Type II,CLINIQUE,Skincare,21.0
P501164,Hydrate & Glow Skincare Set,CLINIQUE,Skincare,42.0
P504674,Even Better Brightening Moisturizer SPF 20,CLINIQUE,Skincare,59.0
P500098,Makeup Melting Balm Cleanser,Community Sixty-Six,Skincare,16.0
P500114,Retinol Resurfacing Night Moisturizer,Community Sixty-Six,Skincare,35.0
P500094,Hydrating Oil-Free Gel Moisturizer,Community Sixty-Six,Skincare,25.0
P500113,Detoxifying AHA/BHA Gel Cleanser,Community Sixty-Six,Skincare,16.0
P500109,Hydrating Caffeine Eye Cream,Community Sixty-Six,Skincare,18.0
P500096,Oil Control Moisturizer with Niacinamide,Community Sixty-Six,Skincare,25.0
P500106,Everyday Mineral Moisturizer SPF 30 Sunscreen,Community Sixty-Six,Skincare,30.0
P500120,Nourishing Rich Moisturizer with Hyaluronic Acid,Community Sixty-Six,Skincare,25.0
P500116,Hydrating Cream Cleanser with Hyaluronic Acid,Community Sixty-Six,Skincare,16.0
P429516,Full Spectrum 360° Sun Silk Drops Organic Sunscreen SPF 30,COOLA,Skincare,48.0
P396623,Makeup Setting Spray Organic Sunscreen SPF 30,COOLA,Skincare,36.0
P418221,Organic Sunless Tan Anti-Aging Face Serum,COOLA,Skincare,54.0
P455618,Full Spectrum 360° Refreshing Water Mist Organic Face Sunscreen SPF 18,COOLA,Skincare,36.0
P395723,Classic Body Organic Sunscreen Spray SPF 50 Fragrance-Free,COOLA,Skincare,28.0
P455341,Classic Body Organic Sunscreen Spray SPF 70 Peach Blossom,COOLA,Skincare,28.0
P452002,Classic Face Sunscreen SPF 50 White Tea,COOLA,Skincare,32.0
P441645,Sunless Tan Firming Lotion,COOLA,Skincare,46.0
P442267,Sunless Tan Express Sculpting Mousse,COOLA,Skincare,48.0
P429508,Sunless Tan Dry Body Oil Mist,COOLA,Skincare,46.0
P483057,COOLA Organic Liplux Classic Sunscreen Lip Oil SPF 30,COOLA,Skincare,18.0
P482259,Dew Good Illuminating Serum SPF 30,COOLA,Skincare,48.0
P482258,Mineral Face Sunscreen Sheer Matte SPF 30,COOLA,Skincare,36.0
P482256,Classic Face Organic Sunscreen Lotion SPF 30,COOLA,Skincare,32.0
P500880,Classic Face Organic Sunscreen Lotion SPF 50,COOLA,Skincare,32.0
P504987,Refreshing Water Sunscreen Stick SPF 50,COOLA,Skincare,30.0
P472021,Mochi Mochi Luminous Plumping & Hydrating Moisturizer,DAMDAM,Skincare,48.0
P472023,Nomad’s Cream Purifying & Exfoliating AHA Cleanser,DAMDAM,Skincare,38.0
P472025,Silk Rice Makeup-Removing Cleansing Oil,DAMDAM,Skincare,46.0
P482260,Rice Drops Face Oil Hydrating Serum,DAMDAM,Skincare,68.0
P504988,Snow Mushroom Pore Cleanser with Exfoliating Glove,DAMDAM,Skincare,47.0
P472024,Skin Mud Pure Vitamin C Brightening Mask,DAMDAM,Skincare,48.0
P472022,Paradisi Hydrating Essence Mist,DAMDAM,Skincare,48.0
P481342,Cleansing & Hydrating Bestseller Set Bento Box,DAMDAM,Skincare,42.0
P469454,Beauty Oil with Gold Leaf,Danessa Myricks Beauty,Skincare,30.0
P429043,LUXE+ Advanced Sonic Dermaplaning + Peach Fuzz Removal,DERMAFLASH,Skincare,199.0
P430809,THE ESSENTIALS Sonic Dermaplaning Refill Kit,DERMAFLASH,Skincare,87.0
P443352,Mini Daily Microfoliant Exfoliator,Dermalogica,Skincare,18.0
P423688,Daily Microfoliant Exfoliator,Dermalogica,Skincare,65.0
P423148,Precleanse Cleansing Oil,Dermalogica,Skincare,49.0
P443350,Mini Precleanse Cleansing Oil,Dermalogica,Skincare,15.0
P453930,Biolumin-C Vitamin C Eye Serum,Dermalogica,Skincare,74.0
P423136,Special Cleansing Gel,Dermalogica,Skincare,42.0
P443700,Mini Special Cleansing Gel,Dermalogica,Skincare,13.0
P443370,BioLumin-C Vitamin C Serum,Dermalogica,Skincare,95.0
P500240,Daily Milkfoliant Exfoliator,Dermalogica,Skincare,65.0
P445832,Acne Clearing Skin Wash Cleanser,Dermalogica,Skincare,42.0
P443359,Skin Smoothing Cream Moisturizer,Dermalogica,Skincare,74.0
P423142,Active Moist Moisturizer,Dermalogica,Skincare,74.0
P460624,Discover Healthy Skin Kit,Dermalogica,Skincare,39.5
P423130,MultiVitamin Power Recovery Mask,Dermalogica,Skincare,65.0
P456582,Invisible Physical Defense Mineral Sunscreen SPF30,Dermalogica,Skincare,48.0
P481697,Circular Hydration Serum with Hyaluronic Acid,Dermalogica,Skincare,64.0
P474822,Daily Glycolic Cleanser,Dermalogica,Skincare,37.0
P472810,Smart Response Serum,Dermalogica,Skincare,145.0
P503814,Dynamic Skin Retinol Serum,Dermalogica,Skincare,92.0
P445833,AGE Bright Clearing Serum,Dermalogica,Skincare,75.0
P462344,Hydro Masque Exfoliant,Dermalogica,Skincare,64.0
P423150,Multi-Active Toner,Dermalogica,Skincare,43.0
P443351,Mini Multi-Active Toner,Dermalogica,Skincare,13.0
P467111,Retinol Acne Clearing Oil,Dermalogica,Skincare,86.0
P423123,Daily Superfoliant Exfoliator,Dermalogica,Skincare,65.0
P469118,Melting Moisture Mask,Dermalogica,Skincare,69.0
P479692,Awaken Peptide Depuffing Eye Gel,Dermalogica,Skincare,59.0
P475086,BioLumin-C Vitamin-C Gel Moisturizer,Dermalogica,Skincare,69.0
P502326,Dynamic Skin Recovery SPF50 Moisturizer,Dermalogica,Skincare,79.0
P423135,Super Rich Repair Moisturizer,Dermalogica,Skincare,94.0
P428240,Calm Water Gel Moisturizer,Dermalogica,Skincare,55.0
P423134,MultiVitamin Power Firm Eye Cream,Dermalogica,Skincare,69.0
P423127,Ultracalming Cleanser,Dermalogica,Skincare,42.0
P505139,Phyto Nature Oxygen Cream,Dermalogica,Skincare,125.0
P443369,Sound Sleep Cocoon Night Gel-Cream,Dermalogica,Skincare,89.0
P423125,Ultracalming Serum Concentrate,Dermalogica,Skincare,66.0
P443358,Intensive Moisture Balance Moisturizer,Dermalogica,Skincare,47.0
P449177,AGE Smart Phyto-Nature Firming Serum,Dermalogica,Skincare,155.0
P443366,Prisma Protect SPF 30 Moisturizer,Dermalogica,Skincare,69.0
P446638,Power Cleanse Duo,Dermalogica,Skincare,19.0
P423143,Stress Positive Eye Lift Mask,Dermalogica,Skincare,74.0
P503820,Daily Brightness Boosters Kit,Dermalogica,Skincare,49.5
P423690,Skin Resurfacing Lactic Acid Cleanser,Dermalogica,Skincare,48.0
P456569,Active Clay Prebiotic Cleanser,Dermalogica,Skincare,42.0
P423145,Age Reversal Eye Complex,Dermalogica,Skincare,79.0
P467112,Daily Microfoliant Exfoliator Refill Pack,Dermalogica,Skincare,56.0
P445822,Intensive Moisture Cleanser,Dermalogica,Skincare,42.0
P455915,Mini MultiVitamin Power Recovery Mask,Dermalogica,Skincare,16.5
P415619,Dreamskin Skin Perfector,Dior,Skincare,130.0
P472028,Capture Totale Super Potent Eye Serum,Dior,Skincare,85.0
P467945,Capture Totale Super Potent Rich Cream,Dior,Skincare,130.0
P454806,Capture Totale Firming & Wrinkle-Correcting Cream,Dior,Skincare,130.0
P480162,Cica Recover & Repair Multi-Use Balm,Dior,Skincare,60.0
P481972,La Mousse OFF/ON Foaming Face Cleanser,Dior,Skincare,50.0
P503999,Capture Totale Le Sérum Anti-Aging Serum,Dior,Skincare,100.0
P428255,Capture Youth Serum Collection,Dior,Skincare,110.0
P427729,Capture Youth Age-Delay Advanced Crème,Dior,Skincare,110.0
P423264,One Essential Skin Boosting Super Serum,Dior,Skincare,110.0
P375354,Capture Totale Intensive Night Restorative Crème,Dior,Skincare,175.0
P416728,Dreamskin Skin Perfector Refill,Dior,Skincare,102.0
P417604,Hydra Life Deep Hydration Sorbet Water Essence,Dior,Skincare,80.0
P429676,Hydra Life Cooling Hydration Sorbet Eye Gel,Dior,Skincare,60.0
P440923,Capture Youth Age-Delay Advanced Eye Treatment,Dior,Skincare,75.0
P408542,One Essential Eye Serum,Dior,Skincare,72.0
P454807,Capture Totale Firming & Wrinkle-Correcting Eye Cream,Dior,Skincare,80.0
P427731,Capture Youth Glow Booster Age-Delay Illuminating Serum,Dior,Skincare,110.0
P429675,Hydra Life Balancing Hydration 2 in 1 Sorbet Water,Dior,Skincare,45.0
P427732,Capture Youth Plump Filler Age-Delay Plumping Serum,Dior,Skincare,110.0
P476432,Capture Totale Super Potent Cleanser,Dior,Skincare,65.0
P444987,Capture Youth Age-Delay Progressive Peeling Crème,Dior,Skincare,110.0
P481970,Hydra Life Fresh Sorbet Crème Moisturizer,Dior,Skincare,85.0
P440922,Capture Youth Intense Rescue Age-Delay Revitalizing Oil-Serum,Dior,Skincare,110.0
P481971,Hydra Life Intense Sorbet Crème Moisturizer,Dior,Skincare,85.0
P481077,Capture Totale Intensive Essence Lotion,Dior,Skincare,80.0
P504053,Capture Dreamskin 1-Minute Mask,Dior,Skincare,80.0
P447212,Hyaluronic Serum,Dr. Barbara Sturm,Skincare,320.0
P454936,Mini Hyaluronic Serum,Dr. Barbara Sturm,Skincare,110.0
P447782,Glow Drops,Dr. Barbara Sturm,Skincare,150.0
P454935,Mini Glow Drops,Dr. Barbara Sturm,Skincare,60.0
P447781,Face Cream,Dr. Barbara Sturm,Skincare,225.0
P464233,Mini Face Cream,Dr. Barbara Sturm,Skincare,75.0
P447785,Eye Cream,Dr. Barbara Sturm,Skincare,145.0
P447783,Cleanser,Dr. Barbara Sturm,Skincare,75.0
P447789,Sun Drops SPF 50,Dr. Barbara Sturm,Skincare,150.0
P448554,Enzyme Cleanser,Dr. Barbara Sturm,Skincare,75.0
P448711,Face Mask,Dr. Barbara Sturm,Skincare,125.0
P447790,Anti-Pollution Drops,Dr. Barbara Sturm,Skincare,150.0
P456997,Night Serum,Dr. Barbara Sturm,Skincare,310.0
P447787,Super Anti-Aging Serum,Dr. Barbara Sturm,Skincare,370.0
P454937,Mini Super Anti-Aging Serum,Dr. Barbara Sturm,Skincare,130.0
P481973,The Better B Niacinamide Serum,Dr. Barbara Sturm,Skincare,145.0
P448715,Balancing Toner,Dr. Barbara Sturm,Skincare,75.0
P469200,The Good C Vitamin C Serum,Dr. Barbara Sturm,Skincare,145.0
P448553,Face Cream Rich,Dr. Barbara Sturm,Skincare,240.0
P448558,Clarifying Face Cream,Dr. Barbara Sturm,Skincare,225.0
P447788,Calming Serum,Dr. Barbara Sturm,Skincare,255.0
P448557,Clarifying Serum,Dr. Barbara Sturm,Skincare,255.0
P448542,Clarifying Mask,Dr. Barbara Sturm,Skincare,150.0
P449601,Face Cream Light,Dr. Barbara Sturm,Skincare,215.0
P454375,Clarifying Acne Spot Treatment,Dr. Barbara Sturm,Skincare,55.0
P448548,Darker Skin Tones Hyaluronic Serum,Dr. Barbara Sturm,Skincare,300.0
P448545,Darker Skin Tones Foam Cleanser,Dr. Barbara Sturm,Skincare,75.0
P475926,The SturmGlow Kit,Dr. Barbara Sturm,Skincare,185.0
P448546,Darker Skin Tones Enzyme Cleanser,Dr. Barbara Sturm,Skincare,75.0
P448549,Brightening Serum,Dr. Barbara Sturm,Skincare,310.0
P448544,Darker Skin Tones Face Cream,Dr. Barbara Sturm,Skincare,225.0
P474036,Aloe Vera Gel,Dr. Barbara Sturm,Skincare,75.0
P471017,Super Anti-Aging Face Cream,Dr. Barbara Sturm,Skincare,360.0
P448713,Clarifying Spot Treatment,Dr. Barbara Sturm,Skincare,55.0
P448551,Brightening Face Lotion,Dr. Barbara Sturm,Skincare,205.0
P477150,Super Anti-Aging Eye Cream,Dr. Barbara Sturm,Skincare,210.0
P448550,Brightening Face Cream,Dr. Barbara Sturm,Skincare,240.0
P448547,Darker Skin Tones Face Cream Rich,Dr. Barbara Sturm,Skincare,240.0
P504011,Super Anti-Aging Night Cream,Dr. Barbara Sturm,Skincare,395.0
P427397,Hydro Biotic Recovery Sleeping Mask,Dr. Brandt Skincare,Skincare,54.0
P391802,Needles No More Wrinkle Smoothing Cream,Dr. Brandt Skincare,Skincare,89.0
P397310,PoreDermabrasion Pore Perfecting Exfoliator,Dr. Brandt Skincare,Skincare,59.0
P411254,MAGNETIGHT Age-Defier Mask,Dr. Brandt Skincare,Skincare,75.0
P435209,Radiance Resurfacing Foam,Dr. Brandt Skincare,Skincare,72.0
P429662,pores no more Vacuum Cleaner Pore Purifying Mask,Dr. Brandt Skincare,Skincare,44.0
P470217,Liquid Sun Shield Daily Brightening Mineral Sunscreen SPF 50,Dr. Brandt Skincare,Skincare,67.0
P467614,C Scription Vitamin C Brightening Serum,Dr. Brandt Skincare,Skincare,120.0
P383053,Do Not Age with Dr. Brandt Triple Peptide Eye Cream,Dr. Brandt Skincare,Skincare,82.0
P460758,Cool Biotic Prebiotic Redness Relief Cream,Dr. Brandt Skincare,Skincare,56.0
P417625,24/7 Retinol Eye Cream,Dr. Brandt Skincare,Skincare,58.0
P444225,Clean Biotic pH-balanced yogurt cleanser with chlorophyll,Dr. Brandt Skincare,Skincare,36.0
P429661,pores no more Mattifying Hydrator Pore Minimizing Gel,Dr. Brandt Skincare,Skincare,50.0
P383052,Do Not Age with Dr. Brandt Moisturizing Neck Cream,Dr. Brandt Skincare,Skincare,67.0
P383051,Do Not Age with Dr. Brandt Time Defying Cream,Dr. Brandt Skincare,Skincare,132.0
P453822,Dark Spots No More Triple Acid Spot Minimizing Concentrate,Dr. Brandt Skincare,Skincare,71.0
P448710,pores no more Pore Purifying Cleanser,Dr. Brandt Skincare,Skincare,38.0
P502640,Microdermabrasion Renewing Age-Defying Face Exfoliator,Dr. Brandt Skincare,Skincare,79.0
P383054,Do Not Age with Dr. Brandt Transforming Pearl Serum,Dr. Brandt Skincare,Skincare,152.0
P442001,Hyaluronic Facial Cream,Dr. Brandt Skincare,Skincare,72.0
P442263,needles no more 3-D LIP PLUMPFIX,Dr. Brandt Skincare,Skincare,39.0
P440302,needles no more Neck Sculpting Cream,Dr. Brandt Skincare,Skincare,95.0
P476570,Triple Active Retinol Gentle Overnight Renewal Cream,Dr. Brandt Skincare,Skincare,75.0
P435790,Radiance Revitalizing Foam,Dr. Brandt Skincare,Skincare,65.0
P504411,Microdermabrasion Smoothing Lip Scrub,Dr. Brandt Skincare,Skincare,30.0
P500151,Drop of Strength All Day Strengthening Serum,Dr. Brandt Skincare,Skincare,85.0
P460622,25 Years of Dr. Brandt Kit,Dr. Brandt Skincare,Skincare,165.0
P269122,Alpha Beta Extra Strength Daily Peel Pads,Dr. Dennis Gross Skincare,Skincare,92.0
P447592,Alpha Beta Pore Perfecting & Refining Serum,Dr. Dennis Gross Skincare,Skincare,68.0
P377533,Alpha Beta Universal Daily Peel Pads,Dr. Dennis Gross Skincare,Skincare,92.0
P461439,Hyaluronic Marine Makeup Removing Meltaway Cleanser,Dr. Dennis Gross Skincare,Skincare,32.0
P481340,Alpha Beta AHA/BHA Daily Cleansing Gel,Dr. Dennis Gross Skincare,Skincare,39.0
P474825,Advanced Retinol + Ferulic Triple Correction Eye Serum,Dr. Dennis Gross Skincare,Skincare,71.0
P474826,Advanced Retinol + Ferulic Texture Renewal Serum,Dr. Dennis Gross Skincare,Skincare,76.0
P501190,Vitamin C Lactic Dewy Deep Cream,Dr. Dennis Gross Skincare,Skincare,75.0
P474824,Advanced Retinol + Ferulic Overnight Wrinkle Treatment,Dr. Dennis Gross Skincare,Skincare,87.0
P398761,Alpha Beta Ultra Gentle Daily Peel Pads for Sensitive Skin,Dr. Dennis Gross Skincare,Skincare,20.0
P501169,Vitamin C Lactic 15% Firm & Bright Serum,Dr. Dennis Gross Skincare,Skincare,85.0
P501157,Vitamin C Lactic Firm & Bright Eye Treatment,Dr. Dennis Gross Skincare,Skincare,68.0
P427393,Hyaluronic Marine Dew It Right Eye Gel,Dr. Dennis Gross Skincare,Skincare,55.0
P474823,Advanced Retinol + Ferulic Overnight Texture Renewal Peel,Dr. Dennis Gross Skincare,Skincare,82.0
P416755,Hyaluronic Marine Oil-Free Moisture Cushion,Dr. Dennis Gross Skincare,Skincare,65.0
P479313,Advanced Retinol + Ferulic Intense Wrinkle Cream,Dr. Dennis Gross Skincare,Skincare,77.0
P385773,Hyaluronic Marine Hydration Booster,Dr. Dennis Gross Skincare,Skincare,72.0
P503927,Vitamin C Lactic Biocellulose Brightening Treatment Mask,Dr. Dennis Gross Skincare,Skincare,12.0
P501166,Vitamin C Lactic Oil-Free Radiant Moisturizer,Dr. Dennis Gross Skincare,Skincare,72.0
P481341,Alpha Beta Daily Moisturizer,Dr. Dennis Gross Skincare,Skincare,72.0
P411360,Hyaluronic Marine Hydrating Modeling Mask,Dr. Dennis Gross Skincare,Skincare,52.0
P481975,Alpha Beta Daily Essentials - Universal,Dr. Dennis Gross Skincare,Skincare,92.0
P481339,Alpha Beta Daily Essentials - Extra Strength,Dr. Dennis Gross Skincare,Skincare,92.0
P466878,Mini Alpha Beta Exfoliating Body Treatment Peel,Dr. Dennis Gross Skincare,Skincare,18.0
P481376,Mini Alpha Beta AHA/BHA Daily Cleansing Gel,Dr. Dennis Gross Skincare,Skincare,15.0
P474943,Mini Alpha Beta Ultra Gentle Daily Peel Pads for Sensitive Skin,Dr. Dennis Gross Skincare,Skincare,20.0
P503912,Firm + Bright + Glow Vitamin C Lactic Set,Dr. Dennis Gross Skincare,Skincare,85.0
P411540,Cicapair Tiger Grass Color Correcting Treatment SPF 30,Dr. Jart+,Skincare,52.0
P471546,Mini Cicapair Tiger Grass Color Correcting Treatment SPF 30,Dr. Jart+,Skincare,21.0
P411539,Cicapair Tiger Grass Cream,Dr. Jart+,Skincare,49.0
P423259,Cicapair Tiger Grass Serum,Dr. Jart+,Skincare,52.0
P467615,Cicapair Tiger Grass Sleepair Intensive Mask,Dr. Jart+,Skincare,42.0
P448185,Cicapair Tiger Grass Calming Gel Cream,Dr. Jart+,Skincare,49.0
P454019,Teatreement Moisturizer,Dr. Jart+,Skincare,35.0
P501005,Premium BB Tinted Moisturizer with Niacinamide and SPF 40,Dr. Jart+,Skincare,44.0
P442857,Focuspot Micro Tip Patches,Dr. Jart+,Skincare,20.0
P457008,Cryo Rubber Masks,Dr. Jart+,Skincare,15.0
P448184,Cicapair Tiger Grass Calming Mist,Dr. Jart+,Skincare,25.0
P454086,Teatreement Cleansing Foam,Dr. Jart+,Skincare,29.0
P457521,Every Sun Day Mineral Sunscreen SPF 50+,Dr. Jart+,Skincare,40.0
P429250,Cicapair  Tiger Grass Camo Drops Color Corrector SPF 35,Dr. Jart+,Skincare,48.0
P454085,Teatreement Toner,Dr. Jart+,Skincare,30.0
P473828,Ceramidin  Eye Cream with Niacinamide,Dr. Jart+,Skincare,40.0
P429529,Sheet Masks,Dr. Jart+,Skincare,7.0
P479632,Pore Remedy PHA Exfoliating Serum,Dr. Jart+,Skincare,45.0
P504007,Ceramidin Skin Barrier Moisturizing Cream,Dr. Jart+,Skincare,48.0
P504042,Ceramidin Skin Barrier Moisturizing Mask,Dr. Jart+,Skincare,9.0
P504001,Ceramidin Skin Barrier Serum Toner,Dr. Jart+,Skincare,39.0
P504064,Ceramidin Cream-Infused Mask,Dr. Jart+,Skincare,15.0
P457522,Every Sun Day Sun Fluid SPF 50+,Dr. Jart+,Skincare,42.0
P397624,Dermask Micro Jet Clearing Solution,Dr. Jart+,Skincare,9.0
P479633,Pore Remedy Purifying Mud Mask,Dr. Jart+,Skincare,9.0
P397623,Dermask Water Jet Vital Hydra Solution,Dr. Jart+,Skincare,7.0
P481700,Cicapair Redness Rescue Kit,Dr. Jart+,Skincare,39.0
P397622,Dermask Water Jet Soothing Hydra Solution,Dr. Jart+,Skincare,7.0
P442854,Focuspot Dark Spot Micro Tip Patch,Dr. Jart+,Skincare,20.0
P501031,Pore Remedy 5% Multi-Acid Radiance Peel,Dr. Jart+,Skincare,40.0
P442853,Focuspot Blemish Micro Tip Patch,Dr. Jart+,Skincare,20.0
P397625,Dermask Micro Jet Brightening Solution,Dr. Jart+,Skincare,9.0
P433884,Dermask Ultra Jet Peeling Solution,Dr. Jart+,Skincare,9.0
P397626,Dermask Intra Jet Wrinkless Solution,Dr. Jart+,Skincare,9.0
P397627,Dermask Intra Jet Firming Solution,Dr. Jart+,Skincare,9.0
P481699,Cicapair Tiger Grass Calming Serum Mask,Dr. Jart+,Skincare,9.0
P457011,Cryo Rubber Mask with Firming Collagen,Dr. Jart+,Skincare,15.0
P457012,Cryo Rubber Mask with Brightening Vitamin C,Dr. Jart+,Skincare,15.0
P457010,Cryo Rubber Mask with Soothing Allantoin,Dr. Jart+,Skincare,15.0
P457009,Cryo Rubber Mask with Moisturizing Hyaluronic Acid,Dr. Jart+,Skincare,15.0
P459127,Platinum Lip Plump SPF 30,Dr. Lara Devgan Scientific Beauty,Skincare,50.0
P459130,Hyaluronic Serum,Dr. Lara Devgan Scientific Beauty,Skincare,245.0
P459128,Vitamin C+B+E Ferulic Serum,Dr. Lara Devgan Scientific Beauty,Skincare,145.0
P459129,Peptide Eye Cream,Dr. Lara Devgan Scientific Beauty,Skincare,215.0
P469121,Microdermabrasion Scrub,Dr. Lara Devgan Scientific Beauty,Skincare,65.0
P480441,Retinol + Bakuchiol Serum 2.5x,Dr. Lara Devgan Scientific Beauty,Skincare,300.0
P480440,Advanced Revitalizing Cleanser,Dr. Lara Devgan Scientific Beauty,Skincare,65.0
P464238,Peptide + Ceramide Repairing Moisturizer,Dr. Zenovia Skincare,Skincare,79.0
P464243,10% Benzoyl Peroxide Acne Cleanser,Dr. Zenovia Skincare,Skincare,30.0
P464239,Aloe Vera Blemish Soothing Moisturizer,Dr. Zenovia Skincare,Skincare,38.0
P464245,Bakuchiol Hydrating Cleanser,Dr. Zenovia Skincare,Skincare,42.0
P467617,Clear Complexion Acne Solutions System,Dr. Zenovia Skincare,Skincare,35.0
P464241,5% Benzoyl Peroxide Acne Spot Treatment,Dr. Zenovia Skincare,Skincare,25.0
P464234,Advanced Retinol Night Repair Treatment,Dr. Zenovia Skincare,Skincare,72.0
P464235,Inflam-Aging Night Repair Treatment,Dr. Zenovia Skincare,Skincare,72.0
P483128,Scar Gel Treatment,Dr. Zenovia Skincare,Skincare,48.0
P464242,Hyaluronic Acid + Peptide Serum,Dr. Zenovia Skincare,Skincare,72.0
P464244,Vitamin C Brightening Toner,Dr. Zenovia Skincare,Skincare,38.0
P464240,10% Glycolic Acne Control Peel Pads,Dr. Zenovia Skincare,Skincare,42.0
P464237,Retinol Recovery Eye Cream,Dr. Zenovia Skincare,Skincare,64.0
P427421,Protini Polypeptide Firming Refillable Moisturizer,Drunk Elephant,Skincare,68.0
P392246,T.L.C. Framboos Glycolic Resurfacing Night Serum,Drunk Elephant,Skincare,90.0
P426836,Beste No. 9 Jelly Cleanser,Drunk Elephant,Skincare,34.0
P406712,B-Hydra Intensive Hydration Serum with Hyaluronic Acid,Drunk Elephant,Skincare,49.0
P415777,T.L.C. Sukari Babyfacial AHA + BHA Mask,Drunk Elephant,Skincare,80.0
P432668,D-Bronzi Anti-Pollution Bronzing Drops with Peptides,Drunk Elephant,Skincare,38.0
P446938,Lala Retro Whipped Refillable Moisturizer with Ceramides,Drunk Elephant,Skincare,62.0
P403818,Lippe Balm,Drunk Elephant,Skincare,18.0
P392245,Virgin Marula Luxury Face Oil,Drunk Elephant,Skincare,68.0
P400259,C-Firma Fresh Vitamin-C Day Serum,Drunk Elephant,Skincare,78.0
P442566,Slaai  Makeup-Melting Butter Cleanser,Drunk Elephant,Skincare,36.0
P429515,C-Tango Vitamin C Eye Cream,Drunk Elephant,Skincare,64.0
P419222,Umbra Sheer Physical Daily Defense SPF 30,Drunk Elephant,Skincare,34.0
P439926,A-Passioni Retinol Cream,Drunk Elephant,Skincare,74.0
P454120,F-Balm Electrolyte Waterfacial Mask,Drunk Elephant,Skincare,54.0
P419223,Shaba Complex Firming Eye Serum,Drunk Elephant,Skincare,60.0
P460515,E-Rase Milki Micellar Water,Drunk Elephant,Skincare,14.0
P462347,E-Rase Milki Micellar Water Mini,Drunk Elephant,Skincare,14.0
P419221,Umbra Tinte Physical Daily Defense SPF 30,Drunk Elephant,Skincare,36.0
P470024,Protini Powerpeptide Resurfacing Serum with Lactic Acid,Drunk Elephant,Skincare,82.0
P466117,Sweet Biome Fermented Sake Hydrating Spray,Drunk Elephant,Skincare,42.0
P405584,Baby Pekee Bar + Juju Bar Travel Duo,Drunk Elephant,Skincare,16.0
P477985,A-Gloei Retinol Oil,Drunk Elephant,Skincare,72.0
P392248,Pekee Cleansing Bar,Drunk Elephant,Skincare,28.0
P501028,Ceramighty  AF Eye Cream with Ceramides,Drunk Elephant,Skincare,60.0
P503693,Bouncy Brightfacial Brightening Mask with 10% Azelaic Acid + 1% Salicylic Acid,Drunk Elephant,Skincare,68.0
P392249,JuJu Exfoliating Bar,Drunk Elephant,Skincare,28.0
P424378,Mini Virgin Marula LuxuryFace Oil,Drunk Elephant,Skincare,38.0
P465752,Mini Protini Polypeptide Moisturizer,Drunk Elephant,Skincare,22.0
P440658,Baby Bar Travel Duo with Case,Drunk Elephant,Skincare,22.0
P471761,Call It A Night Glycolic Serum + Moisturizer duo,Drunk Elephant,Skincare,28.0
P450947,Mini A-Passioni Retinol Cream,Drunk Elephant,Skincare,28.0
P471547,Mini Beste No. 9 Jelly Cleanser,Drunk Elephant,Skincare,16.0
P503294,Day Dream Vitamin C + Hydration Serum Duo 2.0,Drunk Elephant,Skincare,26.0
P501591,The Littles Skincare Travel Set,Drunk Elephant,Skincare,74.0
P500983,"Anytime, Anyface Lactic Acid Serum + Protini Moisturizer Duo",Drunk Elephant,Skincare,28.0
P505120,Early Bird Hydrate + Brighten Set,Drunk Elephant,Skincare,54.0
P475932,Milk Marvel Dark Spot Serum with Niacinamide and Vitamin C,EADEM,Skincare,68.0
P481701,Cloud Cushion Plush Moisturizer with Ceramides + Peptides,EADEM,Skincare,58.0
P501421,Dew Dream- Hydrating Makeup Removing Cleansing Balm with Tiger Grass,EADEM,Skincare,30.0
P478260,Break from the Burnout Skin Wellness Set,Erno Laszlo,Skincare,75.0
P478270,Big Break Soap Set,Erno Laszlo,Skincare,50.0
P478269,Rising Star Sleep Travel Set,Erno Laszlo,Skincare,75.0
P479839,Revitalizing Supreme+ Youth Power Creme Moisturizer,Estée Lauder,Skincare,98.0
P481084,Mini Revitalizing Supreme+ Youth Power Creme Moisturizer,Estée Lauder,Skincare,64.0
P461159,Estee Lauder Advanced Night Repair Synchronized Multi-Recovery Complex Serum,Estée Lauder,Skincare,115.0
P461160,Mini Advanced Night Repair Synchronized Multi-Recovery Complex,Estée Lauder,Skincare,19.0
P461933,Advanced Night Repair Synchronized Multi-Recovery Complex Duo,Estée Lauder,Skincare,195.0
P500701,Advanced Night Repair Eye Gel-Cream,Estée Lauder,Skincare,72.0
P473820,Advanced Night Repair Eye Concentrate Matrix Synchronized Multi-Recovery Complex,Estée Lauder,Skincare,82.0
P501176,Soft Clean Infusion Hydrating Treatment Lotion,Estée Lauder,Skincare,42.0
P380000,"DayWear Advanced Multi-Protection Anti-Oxidant Moisturizer, Normal/Combination",Estée Lauder,Skincare,36.0
P482529,Micro Essence Treatment Lotion with Bio-Ferment,Estée Lauder,Skincare,130.0
P380027,Perfectly Clean Multi-Action Foam Cleanser/Purifying Mask,Estée Lauder,Skincare,30.0
P379995,Perfectionist CP+R Wrinkle Lifting/Firming Serum,Estée Lauder,Skincare,120.0
P406529,Advanced Night Micro Cleansing Balm,Estée Lauder,Skincare,48.0
P422648,DayWear Matte Oil-Control Anti-Oxidant Moisturizer Gel Creme,Estée Lauder,Skincare,59.0
P399934,NightWear Plus Anti-Oxidant Night Detox Moisturizer Creme,Estée Lauder,Skincare,63.0
P446908,Advanced Night Repair Treatment Intense Reset Concentrate,Estée Lauder,Skincare,92.0
P380030,Perfectly Clean Multi-Action Toning Lotion/Refiner,Estée Lauder,Skincare,30.0
P422649,Resilience Multi-Effect Night Tri-Peptide Face and Neck Moisturizer Creme,Estée Lauder,Skincare,110.0
P408273,Advanced Night Micro Cleansing Foam,Estée Lauder,Skincare,33.0
P405032,Micro Essence Infusion Mask,Estée Lauder,Skincare,75.0
P454939,Perfectionist Pro Rapid Brightening Serum with Ferment² + Vitamin C,Estée Lauder,Skincare,86.0
P380001,"DayWear Advanced Multi-Protection Anti-Oxidant Creme, Dry",Estée Lauder,Skincare,59.0
P392891,Nutritious Super-Pomegranate Radiant Energy Night Moisturizer Creme/Mask,Estée Lauder,Skincare,74.0
P417359,Advanced Night Repair Concentrated Eye Treatment Mask,Estée Lauder,Skincare,42.0
P427513,Perfectionist Pro Rapid Firm + Lift Treatment,Estée Lauder,Skincare,86.0
P446102,"Mini DayWear Advanced Multi-Protection Anti-Oxidant Creme, Normal/Combination",Estée Lauder,Skincare,36.0
P427640,DayWear Eye Cooling Anti-Oxidant Moisture GelCreme,Estée Lauder,Skincare,46.0
P481081,Revitalizing Supreme+ Night Intensive Restorative Crème,Estée Lauder,Skincare,102.0
P481082,Revitalizing Supreme+ Youth Power Eye Balm,Estée Lauder,Skincare,76.0
P501153,Major Eye Impact Repair + Brighten Skincare Set,Estée Lauder,Skincare,72.0
P481397,Revitalizing Supreme+ Bright Soft Creme Moisturizer,Estée Lauder,Skincare,98.0
P505174,Soft Clean Moisture Rich Foaming Cleanser,Estée Lauder,Skincare,26.0
P504017,Nighttime Necessities Repair + Lift + Hydrate,Estée Lauder,Skincare,115.0
P476683,Full Face Sculpt Kit - 14-Day Challenge,FaceGym,Skincare,75.0
P482675,Active Blast Concentrated Collagen Daily Treatment,FaceGym,Skincare,65.0
P481086,Liftwear Brightening Vitamin C Gel-Cream,FaceGym,Skincare,60.0
P476678,Face Coach Lifting Squalane Face Oil,FaceGym,Skincare,70.0
P476674,Electro-Lite Enzyme Brightening Gel Cleanser,FaceGym,Skincare,38.0
P476675,Hydro-Bound Hyaluronic Acid + Niacinamide Serum,FaceGym,Skincare,68.0
P500705,Skin Changer Succinic Acid Essence-Toner,FaceGym,Skincare,48.0
P476676,Youth Reformer Firming Vitamin C Oil Serum,FaceGym,Skincare,110.0
P501004,Youthful Active Roller with Niacinamide,FaceGym,Skincare,70.0
P480300,Faceshot Electric Microneedling Device + Vitamin Ampoules,FaceGym,Skincare,275.0
P476681,Hyaluronic Acid Roller Dissolving Microneedling Tool,FaceGym,Skincare,95.0
P501024,Hydrating Active Roller with Hyaluronic Acid,FaceGym,Skincare,70.0
P476677,Supreme Restructure Collagen-Boosting Cermide Cream,FaceGym,Skincare,120.0
P481085,Faceshot Vitamin Ampoules Refill,FaceGym,Skincare,90.0
P417238,Green Clean Makeup Removing Cleansing Balm,Farmacy,Skincare,36.0
P450271,Green Clean Makeup Meltaway Cleansing Balm Limited Edition Jumbo,Farmacy,Skincare,60.0
P434548,Honeymoon Glow AHA Resurfacing Night Serum,Farmacy,Skincare,60.0
P458209,Daily Greens Oil-Free Gel Moisturizer with Moringa and Papaya,Farmacy,Skincare,42.0
P463036,Honey Halo Ultra-Hydrating Ceramide Moisturizer,Farmacy,Skincare,48.0
P479318,10% Niacinamide Night Mask,Farmacy,Skincare,44.0
P431187,Clean Bee Ultra Gentle Facial Cleanser,Farmacy,Skincare,28.0
P428416,Honey Butter Beeswax Lip Balm,Farmacy,Skincare,12.0
P482676,10% Waterless Vitamin C Serum,Farmacy,Skincare,50.0
P459141,Deep Sweep 2% BHA Pore Cleaning Toner with Moringa + Papaya,Farmacy,Skincare,32.0
P480301,Mini Deep Sweep 2% BHA Pore Cleaning Toner with Moringa + Papaya,Farmacy,Skincare,16.0
P477157,Clearly Clean Makeup Removing Cleansing Balm,Farmacy,Skincare,36.0
P503879,Wake Up Honey Eye Cream with Brightening Vitamin C,Farmacy,Skincare,45.0
P414293,Honey Savior All-in-One Skin Repair Salve,Farmacy,Skincare,34.0
P466661,Whipped Greens Oil-Free Foaming Cleanser with Moringa and Papaya,Farmacy,Skincare,28.0
P500288,1% Vitamin A Retinol Serum,Farmacy,Skincare,60.0
P444226,Honey Grail Ultra-Hydrating Face Oil,Farmacy,Skincare,48.0
P449188,Green Defense Daily Mineral Sunscreen SPF 30,Farmacy,Skincare,36.0
P475540,Honey Halo Moisturizer Jumbo,Farmacy,Skincare,74.0
P480165,Healthy Skin Starter Kit,Farmacy,Skincare,42.0
P480444,Honey Potion Plus Ceramide Hydration Mask,Farmacy,Skincare,60.0
P503997,"Cleanse + Treat Duo Nighttime Routine for Clean, Smooth Skin",Farmacy,Skincare,46.0
P504614,Brighten Up 3% TXA Dark Spot Toner with Azelaic Acid,Farmacy,Skincare,34.0
P467249,Hydra Vizor Invisible Moisturizer Broad Spectrum SPF 30 Sunscreen with Niacinamide + Kalahari Melon,Fenty Skin,Skincare,39.0
P500307,Cherry Treat Conditioning + Strengthening Lip Oil,Fenty Skin,Skincare,24.0
P467248,Fat Water Niacinamide Pore-Refining Toner Serum with Barbados Cherry,Fenty Skin,Skincare,34.0
P467247,Total Cleans'r Makeup-Removing Cleanser with Barbados Cherry,Fenty Skin,Skincare,28.0
P482264,Cookies N Clean Whipped Clay Pore Detox Face Mask with Salicylic Acid + Charcoal,Fenty Skin,Skincare,35.0
P503692,Plush Puddin’ Intensive Recovery Lip Mask With Pomegranate Sterols + Vitamin E,Fenty Skin,Skincare,22.0
P501581,Cocoa Cleans'r Soothing All-Over Cleansing Bar,Fenty Skin,Skincare,14.0
P500894,Fat Water Hydrating Milky Toner Essence with Hyaluronic Acid + Tamarind,Fenty Skin,Skincare,34.0
P467251,Fenty Skin Travel Size Start'r Set,Fenty Skin,Skincare,45.0
P503250,Watch Ya Tone 5% Niacinamide Dark Spot Serum with Vitamin C,Fenty Skin,Skincare,42.0
P479319,Pre-Show Glow Instant Retexturizing 10% AHA Treatment + Reusable Applicator,Fenty Skin,Skincare,42.0
P467250,Instant Reset Brightening Overnight Recovery Gel-Cream With Niacinamide + Kalahari Melon Oil,Fenty Skin,Skincare,45.0
P504240,Mini Instant Reset Brightening Overnight Recovery Gel-Cream With Niacinamide + Kalahari Melon Oil,Fenty Skin,Skincare,26.0
P469087,Flash Nap Instant Revival Priming Eye Gel-Cream With Green Tea + Persian Silk Tree,Fenty Skin,Skincare,36.0
P476485,Hydra Vizor Invisible Moisturizer Broad Spectrum SPF 30 Sunscreen with Niacinamide Refill,Fenty Skin,Skincare,35.0
P472311,Mini Total Cleans'r Makeup Removing Cleanser,Fenty Skin,Skincare,15.0
P480166,Mini Hydra Vizor Invisible Moisturizer Broad Spectrum SPF 30 Sunscreen with Niacinamide,Fenty Skin,Skincare,25.0
P504880,Melt Awf Jelly Oil Makeup-Melting Cleanser,Fenty Skin,Skincare,34.0
P476496,Instant Reset Brightening Overnight Recovery Gel-Cream with Niacinamide Refill,Fenty Skin,Skincare,40.0
P501886,The Glow Around 4-Piece Travel Skincare Essentials Set,Fenty Skin,Skincare,59.0
P503110,Mini Cleansing Bar Duo + Case,Fenty Skin,Skincare,19.0
P501574,Renew + Recover Face + Eye Hydration Essentials,Fenty Skin,Skincare,45.0
P248407,Ultra Repair Cream Intense Hydration,First Aid Beauty,Skincare,38.0
P248404,Pure Skin Face Cleanser,First Aid Beauty,Skincare,24.0
P278317,Facial Radiance Pads,First Aid Beauty,Skincare,36.0
P415237,Hello FAB Coconut Skin Smoothie Priming Moisturizer,First Aid Beauty,Skincare,32.0
P426707,Hello FAB Coconut Water Cream,First Aid Beauty,Skincare,36.0
P384539,Deep Cleanser with Red Clay,First Aid Beauty,Skincare,24.0
P375534,Ultra Repair Face Moisturizer,First Aid Beauty,Skincare,28.0
P393076,Ultra Repair Hydra-Firm Night Cream,First Aid Beauty,Skincare,44.0
P468821,Ultra Repair Firming Collagen Cream with Peptides and Niacinamide,First Aid Beauty,Skincare,44.0
P447603,Ultra Repair Wild Oat Hydrating Toner,First Aid Beauty,Skincare,24.0
P441220,Ultra Repair Oat & Hemp Seed Dry Oil,First Aid Beauty,Skincare,36.0
P456994,Eye Duty Niacinamide Brightening Eye Cream,First Aid Beauty,Skincare,36.0
P500756,10% Vitamin C Brightening Serum,First Aid Beauty,Skincare,50.0
P455894,Ultra Repair Oil-Control Moisturizer,First Aid Beauty,Skincare,36.0
P483658,Mineral Sunscreen Zinc Oxide Broad Spectrum SPF 30,First Aid Beauty,Skincare,28.0
P467115,Facial Radiance Niacinamide Dark Spot Serum,First Aid Beauty,Skincare,42.0
P442713,FAB Skin Lab Retinol Eye Cream with Triple Hyaluronic Acid,First Aid Beauty,Skincare,44.0
P416825,FAB Skin Lab Retinol Serum 0.25% Pure Concentrate,First Aid Beauty,Skincare,58.0
P500746,Hydrating Serum with Hyaluronic Acid,First Aid Beauty,Skincare,40.0
P503809,Bounce-Boosting Serum with Collagen + Peptides,First Aid Beauty,Skincare,44.0
P399656,Fab Faves To Go Kit,First Aid Beauty,Skincare,30.0
P461161,FAB Pharma BHA Acne Spot Treatment Gel 2% Salicylic Acid,First Aid Beauty,Skincare,26.0
P480603,2-in-1 Cleansing Oil + Makeup Remover,First Aid Beauty,Skincare,26.0
P479840,Hydrating Eye Cream with Hyaluronic Acid,First Aid Beauty,Skincare,30.0
P461162,FAB Pharma White Clay Acne Treatment Pads 2% Salicylic Acid,First Aid Beauty,Skincare,30.0
P472031,FAB Pharma Calamine Pore Purging Mask,First Aid Beauty,Skincare,30.0
P468354,Hydrating Ultra Repair Cream Duo,First Aid Beauty,Skincare,46.0
P480604,FAB Faves Trio,First Aid Beauty,Skincare,30.0
P480445,Smooth + FAB Travel Size Duo,First Aid Beauty,Skincare,20.0
P504882,Bye Bye Bumps - Best of Body Kit,First Aid Beauty,Skincare,30.0
P440981,Age Adapting CBD Serum,Flora + Bast,Skincare,77.0
P476860,APHRODISIA Intimate Arousal Cannabis Oil,Flora + Bast,Skincare,77.0
P500998,Soothe + Hydrate Barrier Building Hydrosol Mist,Flora + Bast,Skincare,44.0
P477160,Mini Age Adapting CBD Serum,Flora + Bast,Skincare,38.5
P461935,BEAR Facial Toning Device,FOREO,Skincare,329.0
P461936,BEAR mini Facial Toning Device,FOREO,Skincare,219.0
P433466,Call It A Night Activated Mask,FOREO,Skincare,10.99
P436346,Youth Junkie Activated Mask,FOREO,Skincare,21.99
P433465,Make My Day Activated Mask,FOREO,Skincare,10.99
P461937,Serum Serum Serum,FOREO,Skincare,59.0
P436343,H2Overdose Activated Mask,FOREO,Skincare,20.0
P436347,Glow Addict Activated Mask,FOREO,Skincare,21.99
P469862,Rich Bitch Cactus + Vitamin C Moisturizer,Freck Beauty,Skincare,34.0
P469818,Cactus Water Cleansing Lactic Acid Toner,Freck Beauty,Skincare,32.0
P7880,Soy Hydrating Gentle Face Cleanser,fresh,Skincare,39.0
P302103,Sugar Advanced Lip Balm Intense Hydration Treatment,fresh,Skincare,28.0
P12336,Rose Face Mask,fresh,Skincare,64.0
P421243,Sugar Hydrating Lip Balm,fresh,Skincare,19.0
P500633,Tea Elixir Niacinamide & Hyaluronic Acid Anti-Aging Serum,fresh,Skincare,80.0
P471237,Rose & Hyaluronic Acid Deep Hydration Moisturizer,fresh,Skincare,46.0
P440312,Lotus Anti-Aging Night Moisturizer,fresh,Skincare,56.0
P503936,Black Tea Anti-Aging Moisturizer with Retinol-Alternative BT Matrix,fresh,Skincare,95.0
P417936,Rose & Hyaluronic Acid Deep Hydration Toner,fresh,Skincare,46.0
P445827,Sugar Strawberry Exfoliating Face Wash,fresh,Skincare,33.0
P442858,Rose Deep Hydration Sleeping Mask,fresh,Skincare,29.0
P500777,Sugar Lip Balm Hydrating Treatment,fresh,Skincare,25.0
P479841,Floral Recovery Overnight Mask with Squalane,fresh,Skincare,69.0
P12295,Sugar Face Polish Exfoliator,fresh,Skincare,64.0
P454378,Lotus Anti- Aging Daily Moisturizer,fresh,Skincare,54.0
P457005,Rose & Squalane Deep Hydration Oil-Infused Serum,fresh,Skincare,60.0
P39970,Rose Floral Toner,fresh,Skincare,15.0
P217513,Black Tea Instant Perfecting Mask,fresh,Skincare,96.0
P454396,Lotus Youth Preserve Eye Cream,fresh,Skincare,45.0
P466122,Kombucha 2-in-1 No-Rinse Cleanser & Prebiotic Treatment,fresh,Skincare,44.0
P457517,Rose Petal-Soft Deep Hydration Lip Balm,fresh,Skincare,25.0
P384778,Black Tea Firming and De-Puffing Eye Cream,fresh,Skincare,68.0
P474832,Sugar Recovery Lip Mask Advanced Therapy,fresh,Skincare,28.0
P442003,Sugar Mint Rush Freshening Lip Treatment,fresh,Skincare,25.0
P426080,Lotus Youth Preserve Rescue Mask,fresh,Skincare,69.0
P391799,Black Tea Firming Overnight Mask,fresh,Skincare,96.0
P420158,Vitamin C Glow Moisturizer,fresh,Skincare,48.0
P436353,Mini Rose & Hyaluronic Acid Deep Hydration Toner,fresh,Skincare,26.0
P448192,Mini Sugar Strawberry Exfoliating Face Wash,fresh,Skincare,15.0
P449158,Mini Lotus Anti-Aging Night Moisturizer,fresh,Skincare,22.0
P481703,Black Tea Corset Cream Firming Moisturizer,fresh,Skincare,95.0
P450211,Mini Vitamin Nectar Glow Juice Antioxidant Face Serum,fresh,Skincare,28.0
P403748,Black Tea Corset Firming Serum,fresh,Skincare,75.0
P454395,Mini Lotus Youth Preserve Moisturizer,fresh,Skincare,21.0
P450210,Vitamin Nectar Glow Juice Antioxidant Face Serum,fresh,Skincare,28.0
P439626,Black Tea Firming Eye Serum,fresh,Skincare,72.0
P472466,Mini Rose & Hyaluronic Acid Deep Hydration Moisturizer,fresh,Skincare,18.0
P432256,Mini Black Tea Instant Perfecting Mask,fresh,Skincare,40.0
P500012,Rose Hydration Pore-Minimizing Mist,fresh,Skincare,24.0
P429538,Lotus Youth Preseve Rescue Mask Mini,fresh,Skincare,28.0
P435387,Mini Rose Floral Toner,fresh,Skincare,15.0
P504272,Hydrating Skincare Gift Set,fresh,Skincare,59.0
P503226,Sugar Triple-Action Lip Serum Advanced Therapy,fresh,Skincare,36.0
P481704,Umbrian Clay Pore Purifying Face Mask,fresh,Skincare,58.0
P432255,Mini Black Tea Firming Overnight Mask,fresh,Skincare,40.0
P504289,Prep & Treat Lip Care Gift Set,fresh,Skincare,28.0
P503915,Mini Floral Recovery Overnight Mask with Squalane,fresh,Skincare,28.0
P505493,Mini Kombucha Antioxidant Facial Treatment Essence,fresh,Skincare,39.0
P505509,Kombucha Antioxidant Facial Treatment Essence,fresh,Skincare,82.0
P505233,Honey Infused Lip Oil,Gisou,Skincare,32.0
P281835,GLO Brilliant White Smile - At Home Teeth Whitening Device,GLO Science,Skincare,159.0
P404465,GLO Lit Teeth Whitening Vials 3 Pack,GLO Science,Skincare,24.0
P395389,GLO Brilliant Teeth Whitening GLO Vials 10 Pack plus Lip Care,GLO Science,Skincare,65.0
P399755,GLO Lit Teeth Whitening Vials 7 Pack + Lip Care,GLO Science,Skincare,49.0
P472467,GLO to Go Teeth Whitening Pen,GLO Science,Skincare,25.0
P504523,Futuredew Facial Oil-Serum Hybrid,Glossier,Skincare,26.0
P504524,Milky Jelly Gentle Gel Face Cleanser,Glossier,Skincare,19.0
P504794,After Baume Moisture Barrier Recovery Cream,Glossier,Skincare,28.0
P504786,Solution Skin-Perfecting Daily Chemical Exfoliator,Glossier,Skincare,26.0
P504773,Priming Moisturizer Rich Face Cream with Ceramides,Glossier,Skincare,35.0
P504774,Super Pure Clarifying Face Serum with Niacinamide + Zinc,Glossier,Skincare,29.0
P504795,Super Bounce Hyaluronic Acid + Vitamin B5 Hydrating Face Serum,Glossier,Skincare,29.0
P504919,Milky Oil Dual-Phase Waterproof Makeup Remover,Glossier,Skincare,14.0
P504784,Priming Moisturizer Lightweight Buildable Face Cream,Glossier,Skincare,24.0
P504778,Invisible Shield Water-Gel Transparent Sunscreen SPF 35,Glossier,Skincare,25.0
P504780,Super Glow Vitamin C Brightening Face Serum,Glossier,Skincare,29.0
P504810,Priming Moisturizer Balance Oil-Control Gel-Cream,Glossier,Skincare,25.0
P504815,Universal Pro-Retinol Overnight Renewing Treatment,Glossier,Skincare,35.0
P504790,Cleanser Concentrate AHA Clarifying and Exfoliating Face Wash,Glossier,Skincare,21.0
P458219,Watermelon Glow PHA + BHA Pore-Tight Toner,Glow Recipe,Skincare,34.0
P467762,Mini Watermelon Glow PHA + BHA Pore-Tight Toner,Glow Recipe,Skincare,15.0
P466123,Watermelon Glow Niacinamide Dew Drops,Glow Recipe,Skincare,35.0
P428819,Watermelon Pink Juice Oil-Free Moisturizer,Glow Recipe,Skincare,39.0
P462699,Plum Plump Hyaluronic Acid Serum,Glow Recipe,Skincare,45.0
P447791,Avocado Fine Line Eye Cream with Retinol,Glow Recipe,Skincare,42.0
P479327,Plum Plump Hyaluronic Acid Moisturizer,Glow Recipe,Skincare,39.0
P460516,Papaya Sorbet Smoothing Enzyme Cleansing Balm & Makeup Remover,Glow Recipe,Skincare,32.0
P470529,Avocado Soothing Skin Barrier Serum with Ceramides,Glow Recipe,Skincare,45.0
P481989,Watermelon Glow Niacinamide Sunscreen SPF 50,Glow Recipe,Skincare,35.0
P436359,Blueberry Bounce Gentle Cleanser,Glow Recipe,Skincare,34.0
P455236,Glow Lip Pop Lip Balm,Glow Recipe,Skincare,22.0
P482535,Strawberry Smooth BHA + AHA Salicylic Acid Serum,Glow Recipe,Skincare,42.0
P442744,Watermelon Glow Ultra-Fine Mist,Glow Recipe,Skincare,29.0
P472468,Watermelon Glow Hyaluronic Clay Pore-Tight Facial Mask,Glow Recipe,Skincare,40.0
P501760,Guava Vitamin C Bright-Eye Gel Cream,Glow Recipe,Skincare,38.0
P475543,Guava Vitamin C Dark Spot Treatment Serum,Glow Recipe,Skincare,45.0
P501254,Watermelon Glow AHA Night Treatment,Glow Recipe,Skincare,40.0
P503634,Avocado Ceramide Moisture Barrier Cleanser,Glow Recipe,Skincare,28.0
P504125,Strawberry BHA Pore-Smooth Blur Drops,Glow Recipe,Skincare,32.0
P435386,Mini Watermelon Pink Juice Oil-Free Moisturizer,Glow Recipe,Skincare,21.0
P441323,Mini Blueberry Bounce Gentle Cleanser,Glow Recipe,Skincare,10.0
P504171,Fruit Babies Bestsellers Kit,Glow Recipe,Skincare,34.0
P504325,Glowy Skin Prep Besties Set,Glow Recipe,Skincare,52.0
P504849,Plumping Power Duo,Glow Recipe,Skincare,54.0
P504636,Mini Watermelon Glow Niacinamide Dew Drops,Glow Recipe,Skincare,20.0
P456213,GOOPGLOW Microderm Instant Glow Exfoliator,goop,Skincare,125.0
P459299,Mini GOOPGLOW Microderm Instant Glow Exfoliator,goop,Skincare,42.0
P456208,GOOPGLOW 15% Glycolic Acid Overnight Glow Peel,goop,Skincare,125.0
P459301,Mini GOOPGLOW 15% Glycolic Acid Overnight Glow Peel,goop,Skincare,45.0
P456211,GOOPGLOW Morning Skin Superpowder,goop,Skincare,60.0
P459300,Mini GOOPGLOW Morning Skin Superpowder,goop,Skincare,12.0
P471029,GOOPGLOW Glow Lotion,goop,Skincare,58.0
P460578,GOOPGENES All-In-One Nourishing Face Cream,goop,Skincare,98.0
P461165,GOOPGENES All-In-One Nourishing Eye Cream,goop,Skincare,55.0
P480606,goopglow Cloudberry Exfoliating Jelly Cleanser,goop,Skincare,35.0
P501243,GOOPGLOW Exfoliating Dark Spot Sleep Serum,goop,Skincare,98.0
P468143,GOOPGENES All-In-One Super Nutrient Face Oil,goop,Skincare,98.0
P456210,GOOPGLOW 20% Vitamin C and Hyaluronic Glow Serum,goop,Skincare,125.0
P478274,GOOPGENES Clean Nourishing Lip Balm Trio,goop,Skincare,48.0
P505408,GOOPGLOW Vita-C Brightening Eye Cream,goop,Skincare,58.0
P464250,GOOPGENES Nourishing Repair Body Butter,goop,Skincare,65.0
P455010,Knock Me Out Sleep Chews,goop,Skincare,30.0
P458961,G.Tox Malachite and Fruit Acid Pore Purifying Cleanser,goop,Skincare,48.0
P458962,G.Tox Malachite and AHA Pore Refining Tonic,goop,Skincare,75.0
P483058,GOOPGLOW Flower Acids Resurfacing Toner,goop,Skincare,45.0
P474323,GOOPGENES All-in-One Nourishing Skincare Kit,goop,Skincare,85.0
P500471,Brume de Beauté Beauty Mist,Gucci,Skincare,78.0
P474953,Abeille Royale Advanced Youth Watery Oil,GUERLAIN,Skincare,145.0
P476513,Mini Abeille Royale Advanced Youth Watery Oil,GUERLAIN,Skincare,55.0
P461451,Abeille Royale Anti-Aging Fortifying Lotion Toner,GUERLAIN,Skincare,85.0
P501236,Abeille Royale Anti-Aging Double R Advanced Serum,GUERLAIN,Skincare,240.0
P408678,Midnight Secret Late Night Recovery Treatment Anti-Fatigue Serum,GUERLAIN,Skincare,32.0
P469806,Abeille Royale Anti-Aging Eye Lifting Serum,GUERLAIN,Skincare,130.0
P457272,Abeille Royale Anti-Aging Eye Cream,GUERLAIN,Skincare,110.0
P450934,Abeille Royale Day Cream,GUERLAIN,Skincare,170.0
P450935,Abeille Royale Night Cream,GUERLAIN,Skincare,200.0
P504985,Abeille Royale Bestsellers Travel Set,GUERLAIN,Skincare,195.0
P481993,Abeille Royale Intense Repair Youth Oil in Balm,GUERLAIN,Skincare,235.0
P500112,N°41 Facial Sunscreen Mist with SPF 41,HABIT,Skincare,30.0
P500778,N°39 Facial Sunscreen Mist with SPF 39,HABIT,Skincare,30.0
P500117,N°38 Facial Sunscreen Mist with SPF 38,HABIT,Skincare,30.0
P483453,Shave Starter Set,Hanni,Skincare,68.0
P483457,Shave Pillow Moisturizing Body Gel,Hanni,Skincare,24.0
P400207,Blue Tansy BHA and Enzyme Pore Refining Mask,Herbivore,Skincare,50.0
P400203,Lapis Blue Tansy Face Oil - For Oily & Acne-Prone Skin,Herbivore,Skincare,74.0
P479904,Mini Lapis Blue Tansy Face Oil - For Oily & Acne-Prone Skin,Herbivore,Skincare,15.0
P460747,Pink Cloud Rosewater + Squalane Makeup Removing Face Wash,Herbivore,Skincare,26.0
P442564,Emerald CBD + Adaptogens Deep Moisture Glow Oil,Herbivore,Skincare,60.0
P437981,Emerald Hemp Seed Deep Moisture Glow Oil,Herbivore,Skincare,50.0
P400204,Phoenix Rosehip Anti-Aging Face Oil - For Dry Skin,Herbivore,Skincare,88.0
P479903,Mini Phoenix Rosehip Anti-Aging Face Oil - For Dry Skin,Herbivore,Skincare,60.0
P407444,Bamboo Charcoal Detoxifying Soap Bar,Herbivore,Skincare,14.0
P421600,Jasmine Green Tea Oil Control Toner,Herbivore,Skincare,39.0
P454100,Prism AHA + BHA Exfoliating Glow Facial,Herbivore,Skincare,58.0
P481096,Nova 15% Vitamin C + Turmeric Brightening Serum,Herbivore,Skincare,65.0
P400205,Orchid Antioxidant Beauty Face Oil - For Combination Skin,Herbivore,Skincare,74.0
P474326,Pink Cloud Soft Moisture Cream,Herbivore,Skincare,46.0
P474325,Aquarius Pore Purifying BHA Cream,Herbivore,Skincare,46.0
P471033,CLOUD JELLY Plumping Hydration Serum,Herbivore,Skincare,50.0
P503923,Super Nova 5% THD Vitamin C + Caffeine Brightening Eye Cream,Herbivore,Skincare,48.0
P450583,Prism AHA + BHA Exfoliating Glow Serum,Herbivore,Skincare,54.0
P431840,Coconut Milk Bath Soak,Herbivore,Skincare,22.0
P500988,Moon Dew 1% Bakuchiol + Peptides Retinol Alternative Eye Cream,Herbivore,Skincare,48.0
P483661,Moon Fruit 1% Bakuchiol + Peptides Retinol Alternative Serum,Herbivore,Skincare,62.0
P452004,Rose Hibiscus Hydrating Mist,Herbivore,Skincare,36.0
P432662,Rose Quartz Facial Roller,Herbivore,Skincare,40.0
P505316,Aquarius BHA + Blue Tansy Clarity Cleanser,Herbivore,Skincare,26.0
P480607,Skin in the Clouds Set,Herbivore,Skincare,32.0
P481334,Moon Fruit Retinol Alternative Sleep Mask,Herbivore,Skincare,54.0
P480174,Waves of Clarity Skincare Set,Herbivore,Skincare,32.0
P504637,Equilibrium Resurfacing Retinoid Treatment,Hourglass,Skincare,110.0
P480608,Equilibrium Instant Plumping Eye Mask,Hourglass,Skincare,68.0
P469831,Equilibrium Intensive Hydrating Eye Balm,Hourglass,Skincare,82.0
P469832,Equilibrium Rebalancing Cream Cleanser,Hourglass,Skincare,52.0
P469833,Equilibrium Restoring Essence,Hourglass,Skincare,65.0
P469830,Equilibrium Day Fluid Sunscreen Broad Spectrum SPF 30,Hourglass,Skincare,86.0
P476686,Equilibrium Restorative Hydrating Cream,Hourglass,Skincare,94.0
P469801,Mini Equilibrium Rebalancing Cream Cleanser,Hourglass,Skincare,25.0
P469829,Equilibrium Biomimetic Skin Active Serum,Hourglass,Skincare,198.0
P469850,Mini Equilibrium Biomimetic Skin Active Serum,Hourglass,Skincare,124.0
P386754,Daily Cleanse Clear Skin and Body Detox Supplement,HUM Nutrition,Skincare,26.0
P457510,Private Party: Supports Vaginal & Urinary Tract Health,HUM Nutrition,Skincare,26.0
P453713,Collagen POP + Vitamin C Dissolvable Tablets,HUM Nutrition,Skincare,12.0
P407387,Beauty zzZz Sleep Support Supplement with Melatonin,HUM Nutrition,Skincare,10.0
P431847,Glow Sweet Glow - Skin Hydration Vegan Gummies with Hyaluronic Acid & Vitamin C + E,HUM Nutrition,Skincare,26.0
P504575,PRO ACV Healthy Gut Vegan Gummies with 100% Organic Apple Cider Vinegar and Probiotics,HUM Nutrition,Skincare,26.0
P386755,Collagen Love Skin Firming Supplement with Hyaluronic Acid & Vitamin C,HUM Nutrition,Skincare,40.0
P474839,Counter Cravings - Helps Reduce Cravings and Boosts Metabolism,HUM Nutrition,Skincare,50.0
P474838,Boost Sweet Boost - Vegan Gummies for Immune Support,HUM Nutrition,Skincare,26.0
P482005,Fan Club - multi-symptom menopause support,HUM Nutrition,Skincare,40.0
P386759,Moody Bird PMS Support Supplement,HUM Nutrition,Skincare,26.0
P500111,Womb Service - OBGYN Formulated Prenatal Support Supplement,HUM Nutrition,Skincare,45.0
P388982,Big ChillAdaptogenStress Management Supplement,HUM Nutrition,Skincare,25.0
P386760,OMG! Omega The Great Fish Oil Supplement,HUM Nutrition,Skincare,30.0
P386764,Uber Energy Adrenal Fatigue and Adaptogen Supplement,HUM Nutrition,Skincare,26.0
P386757,Wing Man Liver Detox and Dark Circle Supplement,HUM Nutrition,Skincare,26.0
P386762,Here Comes The Sun Vitamin D Immune System Support Supplement,HUM Nutrition,Skincare,12.0
P408271,Turn Back Time Turmeric Supplement for UV Damage,HUM Nutrition,Skincare,40.0
P389097,Arctic Repair Fine Lines and Wrinkles Supplement,HUM Nutrition,Skincare,60.0
P476428,Brightening Dark Spot Vitamin C Serum,Hyper Skin,Skincare,58.0
P500614,Gentle Brightening Gel Cleanser with Mandelic Acid,Hyper Skin,Skincare,28.0
P481710,Fade and Glow AHA Mask,Hyper Skin,Skincare,48.0
P503216,Hyper Even Daily Duo Kit for Hyperpigmentation,Hyper Skin,Skincare,39.0
P476515,Mini Brightening Dark Spot Vitamin C Serum,Hyper Skin,Skincare,36.0
P500445,Prep Set Tan Tanning Mist with Hyaluronic Acid,Iconic London,Skincare,29.0
P504071,Bright Start Retinol Alternative Brightening Eye Cream,ILIA,Skincare,46.0
P449102,Crystal Ball Roller Gloss,INC.redible,Skincare,12.0
P469478,Party Recharge Hydrating Hyaluronic Under Eye Masks,INC.redible,Skincare,20.0
P481712,Party Recharge Cryo Me Crazy Under-eye Masks,INC.redible,Skincare,20.0
P458958,Hydrating Boob and Bum Sheet Mask Duo,INC.redible,Skincare,15.0
P471037,Slushy Serum Moisturizer Crush Infused with Bakuchiol,iNNBEAUTY PROJECT,Skincare,30.0
P472469,Green Machine Vitamin C + Green Superfoods Jelly Serum,iNNBEAUTY PROJECT,Skincare,34.0
P480447,10 + 10 Moisturizer with 10% Vitamin C + 10% Peptide Complex + Ceramides,iNNBEAUTY PROJECT,Skincare,35.0
P471039,Pimple Paste Overnight Blemish Drying Paste,iNNBEAUTY PROJECT,Skincare,17.0
P483127,Retinol Remix 1% Retinol Treatment With Peptide & Tranexamic Acid,iNNBEAUTY PROJECT,Skincare,48.0
P471038,Glaze Lip Oil,iNNBEAUTY PROJECT,Skincare,17.0
P474329,Face Glaze Skin Barrier Protect & Glow Moisturizer,iNNBEAUTY PROJECT,Skincare,25.0
P500687,Keep It Clean Hydrating Gel Cleanser with Ceramides & 10 Amino Acids,iNNBEAUTY PROJECT,Skincare,26.0
P471041,Down to Tone Resurfacing Acid Toner,iNNBEAUTY PROJECT,Skincare,28.0
P471042,Next Level Moisturizer,iNNBEAUTY PROJECT,Skincare,24.0
P502322,The Healthy Skin Edit Bestsellers Kit,iNNBEAUTY PROJECT,Skincare,36.0
P471040,Foam Around Clarifying Daily Cleanser Infused with Glycolic Acid,iNNBEAUTY PROJECT,Skincare,22.0
P504892,Refine AHA + BHA Texture & Pore Serum,iNNBEAUTY PROJECT,Skincare,38.0
P477413,GREEN MACHINE insta-glo resurfacing acid mask,iNNBEAUTY PROJECT,Skincare,30.0
P456392,Daily UV Defense Invisible Broad Spectrum SPF 36 Sunscreen,innisfree,Skincare,16.0
P468658,Volcanic AHA Pore Clearing Clay Mask,innisfree,Skincare,16.0
P503891,Green Tea Hyaluronic Acid Hydrating Moisturizer,innisfree,Skincare,29.0
P475951,Green Tea Hyaluronic Acid Hydrating Serum,innisfree,Skincare,30.0
P482006,Dewy Glow Moisturizer with Cherry Blossom & Niacinamide,innisfree,Skincare,26.0
P456395,Volcanic Clusters Pore Clearing Toner,innisfree,Skincare,22.0
P475112,Pore Clearing Matte Moisturizer with Volcanic Clusters,innisfree,Skincare,24.0
P468672,Clarifying Spot Serum with Bija Seed Oil,innisfree,Skincare,18.0
P482007,Dewy Glow Jam Cleanser with Jeju Cherry Blossom,innisfree,Skincare,13.0
P468671,Clarifying Cleansing Foam with Bija Seed Oil,innisfree,Skincare,12.0
P503928,Green Tea Hyaluronic Acid Face Cleanser,innisfree,Skincare,12.0
P503901,Hydration Heroes Green Tea Skincare Routine Set,innisfree,Skincare,39.0
P503890,Green Tea Hyaluronic Acid Hydrating Toner,innisfree,Skincare,22.0
P503942,Green Tea Hydrating Cleansing Oil,innisfree,Skincare,24.0
P503930,Green Tea Hyaluronic Acid Hydrating Eye Serum,innisfree,Skincare,22.0
P503935,Volcanic Pore Clearing Facial Cleanser with AHA + BHA,innisfree,Skincare,14.0
P503894,Green Tea Hyaluronic Acid Hydrating Eye Cream,innisfree,Skincare,26.0
P504840,Hydrate + Purify Mini Bestsellers Discovery Skincare Set,innisfree,Skincare,18.0
P431180,Self Tanning Bronzing Face Drops,Isle of Paradise,Skincare,32.0
P431181,Self-Tanning Water,Isle of Paradise,Skincare,32.0
P469482,Even Skin Tone Self-Tanning Body Butter,Isle of Paradise,Skincare,28.0
P443829,"Glow Clear, Color Correcting Self-Tanning Mousse",Isle of Paradise,Skincare,32.0
P482008,Self-Tanning Oil Mist,Isle of Paradise,Skincare,32.0
P456988,Own Your Glow Kit,Isle of Paradise,Skincare,35.0
P444614,Express Ultra Dark Mousse,Isle of Paradise,Skincare,32.0
P476540,Pro Glow Spray Tan Kit,Isle of Paradise,Skincare,30.0
P474957,Night Glow Self-Tan Face Mist,Isle of Paradise,Skincare,24.0
P474956,Day Dew Self-Tan Face Mist,Isle of Paradise,Skincare,24.0
P459140,Self-Tanning Water Refill,Isle of Paradise,Skincare,24.0
P433155,Prep It Self-Tan Priming Spray,Isle of Paradise,Skincare,24.0
P444990,Blend It Multi-Purpose Self-Tan Blender,Isle of Paradise,Skincare,22.0
P431419,Over It Magic Self-Tan Eraser,Isle of Paradise,Skincare,30.0
P431418,Disco Tan Instant Wash-Off Body Bronzer,Isle of Paradise,Skincare,24.0
P411403,Confidence in a Cream Anti-Aging Hydrating Moisturizer,IT Cosmetics,Skincare,20.0
P433435,CC+ Cream Oil-Free Matte with SPF 40,IT Cosmetics,Skincare,44.0
P411401,Bye Bye Under Eye Brightening Eye Cream for Dark Circles,IT Cosmetics,Skincare,49.5
P502656,Secret Sauce Moisturizer,IT Cosmetics,Skincare,72.0
P439057,Confidence in a Gel Lotion,IT Cosmetics,Skincare,45.0
P426829,Confidence in a Cleanser Hydrating Facial Cleanser Serum,IT Cosmetics,Skincare,29.0
P454837,Confidence in Your Beauty Sleep Night Cream,IT Cosmetics,Skincare,58.0
P482681,Bye Bye Makeup 3-in-1 Makeup Melting Cleansing Balm,IT Cosmetics,Skincare,42.0
P474332,Bye Bye Lines 1.5% Hyaluronic Acid Serum,IT Cosmetics,Skincare,29.0
P474330,Bye Bye Dark Spots 4% Niacinamide Serum,IT Cosmetics,Skincare,29.0
P474333,Bye Bye Pores 10% Glycolic Acid Serum,IT Cosmetics,Skincare,29.0
P448934,Bye Bye Pores Leave-On Solution Pore-Refining Toner,IT Cosmetics,Skincare,34.0
P468369,Hello Results Wrinkle-Reducing Daily Retinol Serum-in-Cream,IT Cosmetics,Skincare,69.0
P455610,Confidence in a Neck Cream,IT Cosmetics,Skincare,54.0
P427641,Mini Confidence in a Cream Hydrating Moisturizer,IT Cosmetics,Skincare,20.0
P430143,Mini Confidence in a Cleanser,IT Cosmetics,Skincare,15.0
P480610,Hello Results Baby-Smooth Glycolic Peel + Caring Oil,IT Cosmetics,Skincare,59.0
P12573,Intense Therapy Lip Balm SPF 25,Jack Black,Skincare,10.0
P474057,Lip Service - Lip Balm Duo Mint & Shea,Jack Black,Skincare,13.0
P458573,Lip Balm Trio,Jack Black,Skincare,22.0
P428414,Skin Saviors,Jack Black,Skincare,37.0
P472471,Acne Remedy Overnight Repair Moisturizer,Jack Black,Skincare,40.0
P432240,Oil-Control Toner,Jack Black,Skincare,25.0
P476571,Turbo Body Lotion Energizing Gel Moisturizer with Eucalyptus & Aloe,Jack Black,Skincare,38.0
P472470,Acne Remedy Balancing Foam Cleanser,Jack Black,Skincare,25.0
P467126,That Jlo Glow Brightening & Firming Serum with Niacinamide,JLo Beauty,Skincare,79.0
P467124,That Blockbuster Cream with Hyaluronic Acid,JLo Beauty,Skincare,59.0
P467123,That Big Screen Moisturizer with Broad Spectrum SPF 30,JLo Beauty,Skincare,55.0
P467122,That Fresh Take Eye Cream with Peptides,JLo Beauty,Skincare,49.0
P467120,That Hit Single Gel-Cream Cleanser,JLo Beauty,Skincare,39.0
P467118,That Limitless Glow Sheet Mask,JLo Beauty,Skincare,49.0
P500002,Brighten. Tighten. Hydrate. 3-Piece Set,JLo Beauty,Skincare,64.0
P500318,That Overnight Hustle AHA + BHA Resurfacer,JLo Beauty,Skincare,58.0
P218700,100 percent Pure Argan Oil,Josie Maran,Skincare,49.0
P283501,Argan Cleansing Oil,Josie Maran,Skincare,36.0
P404338,Whipped Argan Oil Face Butter,Josie Maran,Skincare,45.0
P384780,Pure Argan Milk Intensive Hydrating Treatment,Josie Maran,Skincare,56.0
P454084,Argan Beta Retinol Pink Algae Serum,Josie Maran,Skincare,69.0
P458900,Pineapple Enzyme Pore Clearing Cleanser,Josie Maran,Skincare,29.0
P471043,Argan Pro-Retinol Eye Cream,Josie Maran,Skincare,42.0
P446641,Argan Bright Skin Vitamin C Serum,Josie Maran,Skincare,66.0
P394124,Argan Daily Moisturizer Tinted SPF 47 Protect + Perfect,Josie Maran,Skincare,38.0
P504044,Pro-Retinol Megamoisture Face Cream,Josie Maran,Skincare,54.0
P482269,Get Even Sun Milk SPF 33,Josie Maran,Skincare,46.0
P503123,Smooth Like Butter Kit,Josie Maran,Skincare,30.0
P504277,Face Stone Nourishing Solid Refillable Facial Oil with Tamanu + Blue Tansy,Kate McLeod,Skincare,68.0
P232903,EradiKate Acne Treatment,Kate Somerville,Skincare,28.0
P232915,ExfoliKate Intensive Pore Exfoliating Treatment,Kate Somerville,Skincare,98.0
P421276,ExfoliKate Glow Moisturizer,Kate Somerville,Skincare,76.0
P404322,ExfoliKate Cleanser Daily Foaming Wash,Kate Somerville,Skincare,44.0
P232906,Oil Free Moisturizer,Kate Somerville,Skincare,76.0
P415667,EradiKate Daily Cleanser Acne Treatment,Kate Somerville,Skincare,44.0
P232910,Goat Milk Moisturizing Cream,Kate Somerville,Skincare,76.0
P232907,Anti Bac Acne Clearing Lotion,Kate Somerville,Skincare,56.0
P306941,DermalQuench Hyaluronic Acid Hydration Treatment,Kate Somerville,Skincare,110.0
P377368,D-Scar Scar Diminishing Serum,Kate Somerville,Skincare,56.0
P442867,Kx Active Concentrates Bio-Mimicking Peptides Serum,Kate Somerville,Skincare,98.0
P415202,Wrinkle Warrior 2-in-1 Plumping Moisturizer + Serum,Kate Somerville,Skincare,98.0
P457695,DeliKate Recovery Cream,Kate Somerville,Skincare,76.0
P439927,Liquid ExfoliKate Triple Acid Resurfacing Treatment,Kate Somerville,Skincare,72.0
P232902,Gentle Daily Wash,Kate Somerville,Skincare,44.0
P440305,Goat Milk Moisturizing Cleanser,Kate Somerville,Skincare,44.0
P457697,DeliKate Recovery Serum,Kate Somerville,Skincare,98.0
P457696,DeliKate Soothing Cleanser,Kate Somerville,Skincare,44.0
P411881,Retinol Firming Eye Cream,Kate Somerville,Skincare,98.0
P470535,"KateCeuticals Resurfacing Overnight Peel with Glycolic Acid, Retinol & Niacinamide",Kate Somerville,Skincare,98.0
P436365,+Retinol Vita C Power Serum,Kate Somerville,Skincare,110.0
P412117,Dry Skin Saver,Kate Somerville,Skincare,56.0
P433468,EradiKate Salicylic Acid Acne Treatment,Kate Somerville,Skincare,68.0
P469111,KateCeuticals Lifting Eye Cream,Kate Somerville,Skincare,140.0
P471045,Daily Deflector Mineral Sunscreen SPF 40  PA++++,Kate Somerville,Skincare,54.0
P469112,KateCeuticals Total Repair Cream,Kate Somerville,Skincare,140.0
P421271,Wrinkle Warrior Eye Gel Visible Dark Circle Eraser,Kate Somerville,Skincare,76.0
P502200,HydraKate Recharging Serum with Hyaluronic Acid,Kate Somerville,Skincare,78.0
P479701,EradiKate Acne Mark Fading Gel with Salicylic Acid,Kate Somerville,Skincare,68.0
P382356,Age Arrest Anti-Wrinkle Cream,Kate Somerville,Skincare,98.0
P502197,HydraKate Recharging Water Cream Moisturizer,Kate Somerville,Skincare,76.0
P469110,KateCeuticals Firming Serum with Hyaluronic Acid,Kate Somerville,Skincare,110.0
P479703,EradiKate Clarifying Acne Gel Cleanser with Salicylic Acid,Kate Somerville,Skincare,44.0
P467028,Glow In A Wink ExfoliKate Bestsellers Set,Kate Somerville,Skincare,72.0
P404232,DermalQuench +Retinol Advanced Resurfacing Treatment,Kate Somerville,Skincare,110.0
P232920,Line Release Under Eye Repair Cream,Kate Somerville,Skincare,140.0
P383308,Age Arrest Eye Cream,Kate Somerville,Skincare,98.0
P460511,Mini Liquid ExfoliKate Triple Acid Resurfacing Treatment,Kate Somerville,Skincare,24.0
P500124,EradiKate Try-Me-Kit,Kate Somerville,Skincare,49.0
P502195,DelIKate Try Me Kit,Kate Somerville,Skincare,49.0
P502186,Retinol Try Me Kit,Kate Somerville,Skincare,59.0
P500155,ExfoliKate All Over Glow Kit,Kate Somerville,Skincare,115.0
P421996,Ultra Facial Moisturizing Cream with Squalane,Kiehl's Since 1851,Skincare,78.0
P422510,Mini Ultra Facial Moisturizing Cream with Squalane,Kiehl's Since 1851,Skincare,24.0
P422000,Creamy Eye Treatment with Avocado,Kiehl's Since 1851,Skincare,36.0
P421998,Midnight Recovery Concentrate Moisturizing Face Oil,Kiehl's Since 1851,Skincare,56.0
P445951,Midnight Recovery Concentrate Moisturizing Face Oil,Kiehl's Since 1851,Skincare,30.0
P454838,Powerful-Strength Dark Circle Reducing Vitamin C Eye Serum,Kiehl's Since 1851,Skincare,55.0
P422022,Clearly Corrective Dark Spot Correcting Serum,Kiehl's Since 1851,Skincare,65.0
P455611,Clearly Corrective Dark Spot Solution Duo,Kiehl's Since 1851,Skincare,125.0
P422007,Ultra Facial Cleanser,Kiehl's Since 1851,Skincare,30.0
P501029,Retinol Fast-Release Wrinkle Reducing Night Serum,Kiehl's Since 1851,Skincare,85.0
P474840,Micro-Dose Anti-Aging Retinol Serum with Ceramides and Peptide,Kiehl's Since 1851,Skincare,65.0
P457864,Vital Skin-Strengthening Hyaluronic Acid Super Serum,Kiehl's Since 1851,Skincare,60.0
P480177,Super Multi-Corrective Anti-Aging Eye Cream,Kiehl's Since 1851,Skincare,60.0
P422002,Rare Earth Deep Pore Minimizing Cleansing Clay Mask,Kiehl's Since 1851,Skincare,45.0
P474060,Mini Rare Earth Deep Pore Minimizing Cleansing Clay Mask,Kiehl's Since 1851,Skincare,25.0
P472472,Ferulic Brew Facial Treatment Essence with Lactic Acid,Kiehl's Since 1851,Skincare,60.0
P479329,Ultra Facial Overnight Hydrating Face Mask with 10.5% Squalane,Kiehl's Since 1851,Skincare,45.0
P427529,Powerful-Strength Vitamin C Serum,Kiehl's Since 1851,Skincare,78.0
P446422,Avocado Nourishing Hydration Mask,Kiehl's Since 1851,Skincare,48.0
P503913,Ultra Facial Advanced Repair Barrier Cream,Kiehl's Since 1851,Skincare,48.0
P422013,Calendula Deep Clean Foaming Face Wash,Kiehl's Since 1851,Skincare,38.0
P470221,Milk-Peel Gentle Exfoliating Toner,Kiehl's Since 1851,Skincare,60.0
P483664,Midnight  Recovery Omega-Rich Cloud Cream,Kiehl's Since 1851,Skincare,60.0
P440937,Cannabis Sativa Seed Oil Herbal Concentrate (Hemp-Derived),Kiehl's Since 1851,Skincare,55.0
P449541,Pure Vitality Skin Renewing Cream,Kiehl's Since 1851,Skincare,75.0
P470040,Ultra Facial Oil-Free Gel Cream,Kiehl's Since 1851,Skincare,38.0
P421997,Calendula Herbal Extract Alcohol Free Toner,Kiehl's Since 1851,Skincare,47.0
P432239,Buttermask Intense Repair Lip Treatment,Kiehl's Since 1851,Skincare,28.0
P422248,Rare Earth Deep Pore Daily Cleanser,Kiehl's Since 1851,Skincare,28.0
P422011,Ultra Facial Toner,Kiehl's Since 1851,Skincare,24.0
P461948,Super Multi-Corrective Anti-Aging Face and Neck Cream,Kiehl's Since 1851,Skincare,76.0
P422012,Ultra Facial Cream Sunscreen SPF 30,Kiehl's Since 1851,Skincare,38.0
P422003,Daily Reviving Concentrate,Kiehl's Since 1851,Skincare,59.0
P429522,Super Fluid Daily UV Defense Sunscreen Broad Spectrum SPF 50+,Kiehl's Since 1851,Skincare,68.0
P422004,Ultra Facial Moisturizer Sunscreen SPF 30,Kiehl's Since 1851,Skincare,38.0
P422005,Ultra Facial Moisturizer,Kiehl's Since 1851,Skincare,38.0
P431733,Epidermal Re-Texturizing Micro-Dermabrasion,Kiehl's Since 1851,Skincare,46.0
P461947,Calendula Petal-Infused Calming Mask with Aloe Vera,Kiehl's Since 1851,Skincare,47.0
P436378,Dermatologist Solutions Centella Sensitive Cica-Cream,Kiehl's Since 1851,Skincare,46.0
P422253,Rare Earth Pore Refining Tonic,Kiehl's Since 1851,Skincare,25.0
P467628,Mini Clearly Corrective Dark Spot Correcting Serum,Kiehl's Since 1851,Skincare,35.0
P422260,Super Multi-Corrective Cream Sunscreen Broad Spectrum SPF 30,Kiehl's Since 1851,Skincare,95.0
P482021,Ultra Facial Hydrating Concentrated Cleansing Bar,Kiehl's Since 1851,Skincare,20.0
P480176,Mini Calendula Deep Clean Foaming Face Wash,Kiehl's Since 1851,Skincare,18.0
P504464,Mask and Moisturize Duo Skincare Gift Set,Kiehl's Since 1851,Skincare,30.0
P477811,Rare Earth Pore Minimizing Lotion,Kiehl's Since 1851,Skincare,33.0
P505339,Ultra Pure High-Potency 5.0% Niacinamide Serum,Kiehl's Since 1851,Skincare,35.0
P505376,Ultra Pure High-Potency 9.8% Glycolic Acid Serum,Kiehl's Since 1851,Skincare,35.0
P505614,Ultra Facial Cream Refill Bundle,Kiehl's Since 1851,Skincare,78.0
P504635,Ultra Pure Hyaluronic Acid 1.5% Serum,Kiehl's Since 1851,Skincare,35.0
P505499,Deep Pore Cleansing Kit,Kiehl's Since 1851,Skincare,63.0
P505615,Ultra Facial Cleanser Home & Away Bundle,Kiehl's Since 1851,Skincare,26.0
P434336,Mini Noni Glow Face Oil,KORA Organics,Skincare,28.0
P418624,Noni Glow Plumping Face Oil,KORA Organics,Skincare,72.0
P471046,Turmeric Glow Brightening Moisturizer,KORA Organics,Skincare,62.0
P455241,Noni Night AHA Pore & Resurfacing Serum,KORA Organics,Skincare,74.0
P433627,Turmeric BHA Pore & Brightening Treatment Mask,KORA Organics,Skincare,52.0
P461177,Mini Turmeric BHA Pore & Brightening Treatment Mask,KORA Organics,Skincare,18.0
P468684,Milky Mushroom Gentle Cleansing Oil Makeup Remover,KORA Organics,Skincare,44.0
P476876,Berry Bright Firming Vitamin C Eye Cream,KORA Organics,Skincare,58.0
P428816,Noni Radiant Brightening Eye Oil,KORA Organics,Skincare,42.0
P446419,Noni Bright 12% Vitamin C Serum,KORA Organics,Skincare,73.0
P500618,Turmeric Glow Foaming Cleanser,KORA Organics,Skincare,44.0
P500055,Active Algae Lightweight Moisturizer,KORA Organics,Skincare,48.0
P474068,Minty Mineral Hydration Face Mist with Aloe Vera,KORA Organics,Skincare,44.0
P440072,Noni Glow Overnight Plumping Hydration Mask,KORA Organics,Skincare,52.0
P456412,Greek Yoghurt Foaming Cream Cleanser,KORRES,Skincare,28.0
P480612,Santorini Grape Poreless Skin Cream,KORRES,Skincare,38.5
P456207,Greek Yoghurt Nourishing Probiotic Gel-Cream,KORRES,Skincare,38.5
P456418,Wild Rose Night-Brightening Sleeping Facial,KORRES,Skincare,50.0
P456417,Wild Rose Brightening Absolute Oil,KORRES,Skincare,54.0
P456414,Greek Yoghurt Probiotic Superdose Face Mask,KORRES,Skincare,52.0
P474340,Santorini Grape Velvet Skin Drink,KORRES,Skincare,50.0
P456421,Black Pine 3D Eye-Lift Super Serum,KORRES,Skincare,61.0
P456413,Mini Greek Yoghurt Foaming Cream Cleanser,KORRES,Skincare,16.0
P455919,MenoReverse Volumizing Serum-in-Moisturizer,KORRES,Skincare,45.0
P500329,Plump + Juicy Lip Booster Buttery Treatment,Kosas,Skincare,25.0
P502745,Plump + Juicy Vegan Collagen + Probiotic Spray-On Serum,Kosas,Skincare,48.0
P387511,Immortelle Divine Cream,L'Occitane,Skincare,115.0
P442734,Immortelle Reset Overnight Reset Oil-In Serum,L'Occitane,Skincare,65.0
P457273,Immortelle Overnight Reset Eye Serum,L'Occitane,Skincare,60.0
P457274,Hand Cream Trio,L'Occitane,Skincare,29.0
P416341,Crème de la Mer Moisturizer,La Mer,Skincare,380.0
P426501,Mini Crème de la Mer Moisturizer,La Mer,Skincare,100.0
P461949,The Concentrate Serum,La Mer,Skincare,425.0
P480613,The Treatment Lotion,La Mer,Skincare,180.0
P482024,Mini The Treatment Lotion,La Mer,Skincare,125.0
P475124,The Hydrating Infused Emulsion,La Mer,Skincare,125.0
P455924,The Eye Concentrate Cream,La Mer,Skincare,260.0
P417241,The Renewal Oil,La Mer,Skincare,270.0
P417242,The Lip Balm,La Mer,Skincare,75.0
P450290,The Regenerating Serum,La Mer,Skincare,410.0
P429637,The Moisturizing Cool Gel Cream,La Mer,Skincare,200.0
P416344,The Cleansing Foam,La Mer,Skincare,95.0
P505160,The Moisturizing Soft Cream Moisturizer,La Mer,Skincare,380.0
P417107,The Moisturizing Soft Lotion,La Mer,Skincare,320.0
P417118,The Broad Spectrum SPF 50 UV Protecting Fluid,La Mer,Skincare,105.0
P421249,The Moisturizing Matte Lotion,La Mer,Skincare,320.0
P444964,The Lip Volumizer,La Mer,Skincare,85.0
P417111,The Eye Balm Intense,La Mer,Skincare,260.0
P431416,The Replenishing Oil Exfoliator,La Mer,Skincare,135.0
P417243,The Tonic,La Mer,Skincare,95.0
P417114,The Cleansing Micellar Water,La Mer,Skincare,95.0
P416538,The Lifting and Firming Mask,La Mer,Skincare,300.0
P417115,The Intensive Revitalizing Mask,La Mer,Skincare,200.0
P416725,The Revitalizing Hydrating Serum,La Mer,Skincare,255.0
P433962,Treatment Lotion Hydrating Mask,La Mer,Skincare,190.0
P428636,Mini The Cleansing Foam,La Mer,Skincare,25.0
P428637,Mini The Lifting and Firming Mask,La Mer,Skincare,95.0
P461950,Mini The Concentrate Serum,La Mer,Skincare,220.0
P417110,The Lifting Eye Serum,La Mer,Skincare,300.0
P475961,Crème de La Mer Duet,La Mer,Skincare,380.0
P428639,Mini The Renewal Oil,La Mer,Skincare,145.0
P430405,Mini The Moisturizing Cool Gel Cream,La Mer,Skincare,100.0
P501264,The Hydrating Treatment Lotion & Crème Set,La Mer,Skincare,200.0
P379510,Advanced Génifique Radiance Boosting Face Serum,Lancôme,Skincare,132.0
P54509,Tonique Confort Re-Hydrating Comforting Toner with Acacia Honey,Lancôme,Skincare,39.0
P453825,Hydra Zen Glow Liquid Lightweight Moisturizer with Hyaluronic Acid,Lancôme,Skincare,54.0
P422430,Hydra Zen Gel-Cream Oil-Free Moisturizer with Salicylic Acid,Lancôme,Skincare,48.0
P470041,"UV Expert Aquagel Defense Sunscreen, Primer & Moisturizer SPF 50 Duo",Lancôme,Skincare,65.0
P375841,Advanced Génifique Yeux Light-Pearl Eye Serum,Lancôme,Skincare,80.0
P470536,Clarifique Exfoliating & Hydrating Face Essence with Glycolic Acid,Lancôme,Skincare,95.0
P479971,Rénergie H.C.F. Triple Serum: For Plumping & Anti-Aging,Lancôme,Skincare,140.0
P502761,Advanced Génifique Night Cream with Triple Ceramide Complex,Lancôme,Skincare,95.0
P217932,Crème Radiance Gentle Cleansing Creamy-Foam Cleanser,Lancôme,Skincare,34.0
P453826,Rénergie Lift Multi-Action Ultra Dark Spot Correcting Cream SPF 30,Lancôme,Skincare,135.0
P467630,Rénergie Lift Multi-Action Ultra Dark Circle Correcting Eye Cream,Lancôme,Skincare,82.0
P217931,Tonique Radiance Clarifying Refining Toner,Lancôme,Skincare,31.0
P474843,Absolue Soft Cream Revitalizing & Brightening Moisturizer,Lancôme,Skincare,150.0
P474844,Absolue Revitalizing Eye Cream,Lancôme,Skincare,135.0
P482025,Absolue Rich Cream Moisturizer,Lancôme,Skincare,270.0
P430813,Advanced Génifique Hydrogel Melting Mask,Lancôme,Skincare,15.0
P422428,Hydra Zen Anti-Stress Moisturizing Face Cream,Lancôme,Skincare,57.0
P376135,Rénergie Lift Multi-Action Night Cream,Lancôme,Skincare,160.0
P433461,Rose Sugar Scrub,Lancôme,Skincare,34.0
P379009,Rénergie Lift Multi-Action Day Cream with SPF 15 - All Skin Types,Lancôme,Skincare,135.0
P447607,Rose Milk Re-Hydrating Mist,Lancôme,Skincare,30.0
P447608,Rose Sorbet Cryo-Mask,Lancôme,Skincare,45.0
P454029,Rènergie Lift Multi-Action Ultra Double-Wrapping Cream Face Mask,Lancôme,Skincare,68.0
P438362,Tonique Confort Hydrating & Toning Duo,Lancôme,Skincare,49.0
P451737,Advanced Génifique Face & Eye Serum Set,Lancôme,Skincare,130.0
P505452,Clarifique Pro-Solution Brightening & Dark Spot Reducing Serum,Lancôme,Skincare,85.0
P502823,Absolue The Serum,Lancôme,Skincare,270.0
P504465,Genifique Routine Set,Lancôme,Skincare,165.0
P501751,Absolue Rose 80 Brightening Toner with Salicylic Acid,Lancôme,Skincare,120.0
P420652,Lip Sleeping Mask Intense Hydration with Vitamin C,LANEIGE,Skincare,24.0
P443563,Lip Glowy Balm,LANEIGE,Skincare,18.0
P446930,Cream Skin Toner & Moisturizer,LANEIGE,Skincare,33.0
P454313,Cica Sleeping Mask,LANEIGE,Skincare,34.0
P469490,Lip Treatment Balm,LANEIGE,Skincare,25.0
P482693,Water Bank Blue Hyaluronic Cream Moisturizer,LANEIGE,Skincare,40.0
P466134,Radian-C Cream with Vitamin C,LANEIGE,Skincare,35.0
P479330,Water Sleeping Mask with Squalane,LANEIGE,Skincare,32.0
P482692,Water Bank Blue Hyaluronic Serum,LANEIGE,Skincare,45.0
P460514,Cream Skin Milk Oil Cleanser,LANEIGE,Skincare,34.0
P460513,Cream Skin Mist,LANEIGE,Skincare,27.0
P503867,Retinol Firming Cream Treatment with Peptides + Hyaluronic Acid,LANEIGE,Skincare,39.0
P501030,Radian-C Brightening Treatment Essence,LANEIGE,Skincare,39.0
P504212,Berries n' Choco Kisses Set,LANEIGE,Skincare,26.0
P482695,Water Bank Blue Hyaluronic Gel Moisturizer,LANEIGE,Skincare,40.0
P481825,Hydro UV Defense Sunscreen Broad Spectrum SPF 50+,LANEIGE,Skincare,30.0
P482696,Water Bank Blue Hyaluronic Eye Cream,LANEIGE,Skincare,43.0
P484055,Water Bank Blue Hyaluronic Hydration Set,LANEIGE,Skincare,45.0
P459116,Mini Cream Skin Toner & Moisturizer,LANEIGE,Skincare,15.0
P504208,Midnight to Morning Hydration Set,LANEIGE,Skincare,21.0
P482694,Mini Water Bank Blue Hyaluronic Cream Moisturizer,LANEIGE,Skincare,23.0
P500982,Water Bank Cleansing Foam,LANEIGE,Skincare,25.0
P503868,BTS |  Amorepacific Lip Sleeping Mask Lip & Pop Edition Set,LANEIGE,Skincare,35.0
P482698,Water Bank Blue Hyaluronic Exfoliating Toner,LANEIGE,Skincare,31.0
P482697,Water Bank Blue Hyaluronic Revitalizing Toner,LANEIGE,Skincare,31.0
P503934,Besties Set,LANEIGE,Skincare,35.0
P458546,Set The Stage Hydrating Primer Serum,LAWLESS,Skincare,32.0
P505047,High Performance Face Serum with Vitamin C and Hyaluronic Acid,MACRENE actives,Skincare,195.0
P505140,Plumping High Performance Lip Filler with Hyaluronic Acid,MACRENE actives,Skincare,95.0
P505142,High Performance Eye Cream for Dark Circles with Hyaluronic Acid,MACRENE actives,Skincare,135.0
P505131,Moisturizing High Performance Face Cream with Peptides,MACRENE actives,Skincare,225.0
P505133,High Performance Face Cleanser for Clear Skin with Niacinamide,MACRENE actives,Skincare,85.0
P504861,Gentle Eye Gel Waterproof Eye & Lip Makeup Remover,MAKE UP FOR EVER,Skincare,29.0
P503992,Chia + Moringa Algae Enzyme Cleansing Oil,MARA,Skincare,58.0
P503991,Algae + Moringa Universal Hydrating Face Oil,MARA,Skincare,72.0
P504026,Mini Algae + Moringa Universal Face Oil,MARA,Skincare,40.0
P504016,Mini Evening Primrose + Green Tea Algae Retinol Face Oil,MARA,Skincare,66.0
P504031,Evening Primrose + Green Tea Algae Retinol Face Oil,MARA,Skincare,120.0
P504059,Chlorella + Reishi Sea Vitamin C Sérum,MARA,Skincare,96.0
P504199,Plankton + PHAFlower Acid Algae Serum,MARA,Skincare,74.0
P504134,Sea Silk Lip Balm,MARA,Skincare,26.0
P504023,Algae + Zinc Sea Kale Mineral Sunscreen Sérum SPF 30,MARA,Skincare,52.0
P504040,Spirulina + Ashwagandha Volcanic Sea Clay Detox Masque,MARA,Skincare,54.0
P440498,Drying Lotion,Mario Badescu,Skincare,17.0
P440482,"Facial Spray with Aloe, Herbs and Rosewater",Mario Badescu,Skincare,7.0
P440503,Lip Balm,Mario Badescu,Skincare,8.0
P440483,"Facial Spray with Aloe, Cucumber and Green Tea",Mario Badescu,Skincare,7.0
P444967,"Mini Facial Spray with Aloe, Herbs and Rosewater",Mario Badescu,Skincare,5.0
P440484,"Facial Spray with Aloe, Chamomile and Lavender",Mario Badescu,Skincare,7.0
P440490,Acne Facial Cleanser,Mario Badescu,Skincare,15.0
P440502,Hyaluronic Eye Cream,Mario Badescu,Skincare,18.0
P440486,Glycolic Acid Toner,Mario Badescu,Skincare,18.0
P440485,Enzyme Cleansing Gel,Mario Badescu,Skincare,14.0
P444968,"Mini Facial Spray with Aloe, Cucumber and Green Tea",Mario Badescu,Skincare,5.0
P440489,Glycolic Foaming Cleanser,Mario Badescu,Skincare,16.0
P440501,Seaweed Night Cream,Mario Badescu,Skincare,22.0
P440494,Vitamin C Serum,Mario Badescu,Skincare,45.0
P444969,"Mini Facial Spray with Aloe, Chamomile and Lavender",Mario Badescu,Skincare,5.0
P440496,Buffering Lotion,Mario Badescu,Skincare,19.0
P440491,Botanical Exfoliating Scrub,Mario Badescu,Skincare,26.0
P440492,Buttermilk Moisturizer,Mario Badescu,Skincare,18.0
P444615,Witch Hazel & Rosewater Toner,Mario Badescu,Skincare,14.0
P440499,Silver Powder,Mario Badescu,Skincare,12.0
P455909,Facial Spray with Aloe Sage & Orange Blossom,Mario Badescu,Skincare,7.0
P440493,Oil Free Moisturizer Broad Spectrum SPF 30,Mario Badescu,Skincare,28.0
P440500,Super Collagen Mask,Mario Badescu,Skincare,18.0
P460756,Hyaluronic Dew Cream,Mario Badescu,Skincare,26.0
P474964,"Facial Spray with Aloe Adaptogens, and Coconut Water",Mario Badescu,Skincare,9.0
P479973,"Mini Facial Spray with Aloe Adaptogens, and Coconut Water",Mario Badescu,Skincare,7.0
P462378,Anti-Aging Regimen Kit,Mario Badescu,Skincare,30.0
P462381,Glycolic Eye Cream,Mario Badescu,Skincare,20.0
P479974,Brightening Eye Serum,Mario Badescu,Skincare,24.0
P462379,Witch Hazel & Lavender Toner,Mario Badescu,Skincare,14.0
P462375,Hyaluronic Dew Drops Hydrating Serum,Mario Badescu,Skincare,30.0
P462384,Spritz. Mist. Glow. Facial Spray Trio,Mario Badescu,Skincare,21.0
P468196,The Glow Up,Mario Badescu,Skincare,49.0
P462383,Flower & Tonic Clay Mask,Mario Badescu,Skincare,18.0
P460757,Brightening Mask with Vitamin C,Mario Badescu,Skincare,22.0
P462386,Drying Cream,Mario Badescu,Skincare,17.0
P471784,Gentle Foaming Cleanser,Mario Badescu,Skincare,14.0
P502709,Mini Mist Collection,Mario Badescu,Skincare,20.0
P500256,Mineral Sunscreen SPF 30,Mario Badescu,Skincare,28.0
P462377,Acne Repair Kit,Mario Badescu,Skincare,46.0
P480330,Grab and Go Set,Mario Badescu,Skincare,22.0
P502966,Great Skin Instant Glow Serum with Niacinamide and Hyaluronic Acid,MERIT,Skincare,38.0
P453253,Vegan Milk Moisturizer,MILK MAKEUP,Skincare,38.0
P404795,Cooling Water,MILK MAKEUP,Skincare,28.0
P404793,Sunshine Vitamin C + Squalane Face Oil,MILK MAKEUP,Skincare,39.0
P456126,Vegan Milk Cleanser,MILK MAKEUP,Skincare,30.0
P430903,Watermelon Brightening Serum,MILK MAKEUP,Skincare,36.0
P404794,Hydrating Oil Stick,MILK MAKEUP,Skincare,32.0
P500102,Hydro Ungrip Makeup Removing Cleansing Balm,MILK MAKEUP,Skincare,36.0
P500101,Hydro Ungrip Makeup Remover + Cleansing Water,MILK MAKEUP,Skincare,32.0
P432049,SuperYou Daily Stress Management,Moon Juice,Skincare,49.0
P454799,Mini SuperYou Daily Stress Management,Moon Juice,Skincare,25.0
P435800,Acid Potion AHA + BHA Resurfacing Exfoliator,Moon Juice,Skincare,42.0
P432831,Plump Jelly Hyaluronic Serum,Moon Juice,Skincare,58.0
P423157,Sex Dust   Adaptogens For Fire*,Moon Juice,Skincare,38.0
P454090,Cosmic Cream Collagen Protecting Moisturizer,Moon Juice,Skincare,58.0
P457002,SuperBeauty Daily Antioxidant SkinSupplement,Moon Juice,Skincare,60.0
P477202,Ting Energy + Metabolism Non-Stim Supplement With Ginseng,Moon Juice,Skincare,42.0
P423159,Brain Dust,Moon Juice,Skincare,38.0
P454315,Milk Cleanse Gentle Foaming Cleanser,Moon Juice,Skincare,32.0
P503944,Mini Acid Potion AHA + BHA Resurfacing Exfoliator,Moon Juice,Skincare,15.0
P469193,Supers Set,Moon Juice,Skincare,75.0
P470538,SuperPower Immune Support Supplement,Moon Juice,Skincare,38.0
P432824,De-Puffing Jade Facial Roller,Mount Lai,Skincare,36.0
P501518,Calming Herbal Repair Overnight Recovery Balm for Skin Barrier Support,Mount Lai,Skincare,60.0
P434340,De-Puffing Rose Quartz Facial Roller,Mount Lai,Skincare,40.0
P4016,Acne Control Clarifying Cleanser,Murad,Skincare,36.0
P440651,Mini Acne Control Clarifying Cleanser,Murad,Skincare,14.0
P411365,Retinol Youth Renewal Serum,Murad,Skincare,92.0
P440650,Mini Retinol Youth Renewal Serum,Murad,Skincare,32.0
P254720,Acne Control Clarifying Cream Cleanser,Murad,Skincare,39.0
P4015,Clarifying Toner,Murad,Skincare,30.0
P9940,Essential-C Day Moisture Broad Spectrum SPF 30 PA+++,Murad,Skincare,68.0
P4010,AHA/BHA Exfoliating Cleanser,Murad,Skincare,46.0
P394397,Invisiblur Perfecting Shield Broad Spectrum SPF 30 PA+++,Murad,Skincare,71.0
P471788,Mini AHA/BHA Exfoliating Cleanser,Murad,Skincare,17.0
P446423,InvisiScar Post-Acne Resurfacing Treatment,Murad,Skincare,38.0
P466673,Rapid Dark Spot Correcting Serum,Murad,Skincare,83.0
P34402,Acne Control Clarifying Body Spray,Murad,Skincare,48.0
P427638,Nutrient-Charged Water Gel,Murad,Skincare,71.0
P421432,Rapid Relief Acne Spot Treatment,Murad,Skincare,26.0
P446934,Oil and Pore Control Mattifier Broad Spectrum SPF 45 PA++++,Murad,Skincare,49.0
P500857,Deep Relief Acne Treatment with Salicylic Acid,Murad,Skincare,45.0
P479645,Targeted Wrinkle Corrector,Murad,Skincare,79.0
P482540,Correct & Protect Broad Spectrum SPF 45| PA++++,Murad,Skincare,69.0
P268700,Hydro-Dynamic Ultimate Moisture,Murad,Skincare,83.0
P9941,Essential-C Cleanser,Murad,Skincare,44.0
P480461,Retinol Youth Renewal Eye Masks,Murad,Skincare,42.0
P453928,Retinol Youth Renewal Eye Serum,Murad,Skincare,89.0
P470227,Vitamin C Triple Exfoliating Facial,Murad,Skincare,85.0
P444970,Replenishing Multi-Acid Peel,Murad,Skincare,79.0
P456571,Vitamin C Glycolic Brightening Serum,Murad,Skincare,88.0
P417980,City Skin Age Defense Broad Spectrum SPF 50 PA++++,Murad,Skincare,69.0
P475135,Mini Vitamin C Glycolic Brightening Serum,Murad,Skincare,30.0
P474075,AHA/BHA/Retinoid Daily Clarifying Peel,Murad,Skincare,44.0
P453929,Retinol Youth Renewal Night Cream,Murad,Skincare,88.0
P4032,Hydrating Toner,Murad,Skincare,42.0
P434550,Revitalixir Recovery Serum,Murad,Skincare,97.0
P456572,Vitamin C Dark Circle Correcting Eye Serum,Murad,Skincare,67.0
P9939,Essential-C Toner,Murad,Skincare,42.0
P433143,Outsmart Acne Clarifying Treatment,Murad,Skincare,49.0
P38217,Renewing Cleansing Cream,Murad,Skincare,45.0
P107306,Renewing Eye Cream,Murad,Skincare,89.0
P4039,Perfecting Day Cream Broad Spectrum SPF 30 PA+++,Murad,Skincare,65.0
P377178,Rapid Collagen Infusion,Murad,Skincare,89.0
P429526,Multi-Vitamin Infusion Oil,Murad,Skincare,85.0
P467129,Acne Control 30-Day Trial Kit for Clearer Skin,Murad,Skincare,36.0
P501003,Clarifying Water Gel Moisturizer with Hyaluronic Acid,Murad,Skincare,49.0
P479646,Mini City Skin Age Defense Broad Spectrum SPF 50 PA++++,Murad,Skincare,25.0
P479696,Brighten Trial Kit,Murad,Skincare,52.0
P504438,Retinal Rescuplt Overnight Treatment,Murad,Skincare,105.0
P505343,Retinol Youth Renewal Value Duo,Murad,Skincare,126.0
P433973,Get Even Cold-Pressed Peel Pads,Naturally Serious,Skincare,32.0
P473133,Fruit-Tox Resurfacing Facial Remedy,Naturally Serious,Skincare,27.0
P444216,After-Dark Natural Peptide Sleeping Cream,Naturally Serious,Skincare,37.0
P433971,Skin Warrior Moisture Rescue Cream,Naturally Serious,Skincare,35.0
P473148,Mask-imum Revival Hydra-Plumping Mask,Naturally Serious,Skincare,27.0
P433975,Zero Baggage Anti-Dark Circle Eye Cream,Naturally Serious,Skincare,26.0
P433974,Supercharge Anti-Oxidant Moisture Serum,Naturally Serious,Skincare,39.0
P450587,Illumi-nation Anti-Fatigue Power Serum,Naturally Serious,Skincare,39.0
P500160,Mineral Sun Defense Moisturizer Broad Spectrum SPF 30,Naturally Serious,Skincare,36.0
P478020,Lemon-Aid Makeup-Removing Cleansing Gel,Naturally Serious,Skincare,19.0
P478021,Sleepover Retin-Oil Nighttime Treatment,Naturally Serious,Skincare,39.0
P500993,"The Sunscreen - 100% Mineral, Broad Spectrum SPF 30 with 20% Non-Nano Zinc, Hyaluronic Acid and Niacinamide",Nécessaire,Skincare,25.0
P500039,The Neck Serum - With 5 Peptides | 9% Peptide Blend,Nécessaire,Skincare,60.0
P481828,Nudescreen Daily Mineral Veil SPF 30,NUDESTIX,Skincare,36.0
P476894,NUDESKIN Lemon-Aid Detox & Glow Micro-Peel,NUDESTIX,Skincare,35.0
P476893,NUDESKIN Citrus-C Mask & Daily Moisturizer,NUDESTIX,Skincare,39.0
P475143,NUDESKIN 3-Step: Citrus Renew Set For Makeup,NUDESTIX,Skincare,29.0
P504322,Gentle Hydra-Gel Face Cleanser,NUDESTIX,Skincare,19.0
P504330,5% Citrus Fruit & Glycolic Glow Toner,NUDESTIX,Skincare,29.0
P504286,Nudestix Lemon-Aid Detox & Glow Micro-Peel,NUDESTIX,Skincare,35.0
P502852,NuFACE Mini+ Petite Facial Toning Device,NuFACE,Skincare,245.0
P385320,Trinity + Eye and Lip Enhancer Attachment Bundle,NuFACE,Skincare,449.0
P402992,Trinity + Eye and Lip Enhancer Attachment Bundle,NuFACE,Skincare,429.0
P474968,NuFACE Hydrating Aqua Gel,NuFACE,Skincare,39.0
P428005,NuBODY Skin Toning Device,NuFACE,Skincare,399.0
P474967,NuFACE Firming and Brightening Silk Crème,NuFACE,Skincare,69.0
P393600,Trinity Facial Toning Device + Wrinkle Reducer Attachment Bundle,NuFACE,Skincare,449.0
P481138,FIX  Line Smoothing Device,NuFACE,Skincare,159.0
P402993,Trinity Facial Toning Device + Wrinkle Reducer Attachment Bundle,NuFACE,Skincare,429.0
P500464,NuBODY - Body Toning Device,NuFACE,Skincare,399.0
P504221,Trinity+ Starter Kit,NuFACE,Skincare,395.0
P504676,NuFACE Trinity+ & Effective Lip and Eye Attachment,NuFACE,Skincare,495.0
P481137,FIX Line Smoothing Serum,NuFACE,Skincare,49.0
P430337,C-Rush Vitamin C Gel Moisturizer,OLEHENRIKSEN,Skincare,51.0
P439061,Glow2OH Dark Spot Toner,OLEHENRIKSEN,Skincare,35.0
P448207,PHAT Glow Facial Mask,OLEHENRIKSEN,Skincare,52.0
P416816,Balancing Force Oil Control Toner,OLEHENRIKSEN,Skincare,35.0
P431848,Cold Plunge Pore Mask,OLEHENRIKSEN,Skincare,41.0
P473322,Dewtopia 20% Acid Night Treatment,OLEHENRIKSEN,Skincare,60.0
P416815,Find Your Balance Oil Control Cleanser,OLEHENRIKSEN,Skincare,33.0
P466142,Lemonade Smoothing Scrub,OLEHENRIKSEN,Skincare,35.0
P434545,Glow Cycle Retin-ALT Power Serum,OLEHENRIKSEN,Skincare,60.0
P456566,Banana Bright 15% Vitamin C Serum,OLEHENRIKSEN,Skincare,71.0
P472050,Cold Plunge Pore Remedy Moisturizer with BHA/LHA,OLEHENRIKSEN,Skincare,51.0
P469213,Wrinkle Blur Bakuchiol Eye Gel Crème,OLEHENRIKSEN,Skincare,52.0
P418872,Pore-Balance Facial Sauna Scrub,OLEHENRIKSEN,Skincare,35.0
P479339,Strength Trainer Peptide Boost Moisturizer,OLEHENRIKSEN,Skincare,51.0
P483679,Truth Barrier Booster Orange Ferment Vitamin C Essence,OLEHENRIKSEN,Skincare,48.0
P500613,Banana Bright+ Vitamin C Eye Crème,OLEHENRIKSEN,Skincare,42.0
P453227,Truth Juice Daily Cleanser,OLEHENRIKSEN,Skincare,33.0
P459133,Mini Truth Juice Daily Cleanser,OLEHENRIKSEN,Skincare,16.0
P434546,Goodnight Glow Bakuchiol Sleeping Crème,OLEHENRIKSEN,Skincare,60.0
P503651,Dewtopia 5% AHA Firming Night Crème,OLEHENRIKSEN,Skincare,60.0
P504639,Banana Bright+ Vitamin CC Eye Sticks,OLEHENRIKSEN,Skincare,34.0
P504043,Hydrabarrier Nourishing Face Oil,OLEHENRIKSEN,Skincare,58.0
P470240,Truth Serum Vitamin C Serum,OLEHENRIKSEN,Skincare,56.0
P503878,Pout Preserve Peptide Lip Treatment,OLEHENRIKSEN,Skincare,22.0
P459131,3 Mega Wonders,OLEHENRIKSEN,Skincare,65.0
P471566,Mini Lemonade Smoothing Scrub,OLEHENRIKSEN,Skincare,18.0
P472180,Balance It All Oil Control & Pore-Refining Set,OLEHENRIKSEN,Skincare,40.0
P503572,Let's Get Luminous Brightening Essentials Set,OLEHENRIKSEN,Skincare,46.0
P454800,Mini Glow2OH Dark Spot Toner,OLEHENRIKSEN,Skincare,19.0
P503933,The Night Time Edit- Jenna Rennert X OLEHENRIKSEN,OLEHENRIKSEN,Skincare,65.0
P503876,OLE Glow Icons Skincare Set,OLEHENRIKSEN,Skincare,62.0
P504032,Glow Strong Mini Moisturizer + Eye Cream Duo,OLEHENRIKSEN,Skincare,25.0
P461667,Mini GO OFF Makeup Dissolving Mist,ONE/SIZE by Patrick Starrr,Skincare,18.0
P91627362,GO OFF Makeup Dissolving Mist,ONE/SIZE by Patrick Starrr,Skincare,24.0
P297524,Clear Improvement Active Charcoal Mask to Clear Pores,Origins,Skincare,17.0
P297516,Checks and Balances Frothy Face Wash,Origins,Skincare,27.0
P422536,Original Skin Matte Moisturizer with Willowherb,Origins,Skincare,40.0
P297517,Super Spot Remover Acne Treatment Gel,Origins,Skincare,20.0
P440925,Drink Up Intensive Overnight Hydrating Mask with Avocado & Swiss Glacier Water,Origins,Skincare,32.0
P386197,GinZing Refreshing Scrub Cleanser,Origins,Skincare,27.0
P434360,High-Potency Night-a-Mins Resurfacing Cream with Fruit-Derived AHAs,Origins,Skincare,52.0
P446421,Clear Improvement Pore Clearing Moisturizer with Salicylic Acid,Origins,Skincare,40.0
P433444,Clear Improvement Charcoal Honey Mask to Purify and Nourish,Origins,Skincare,37.0
P475589,Ginzing Vitamin C Eye Cream to Brighten and Depuff,Origins,Skincare,37.0
P482298,Dr. Andrew Weil for Origins Mega-Mushroom Relief & Resilience Soothing Treatment Lotion,Origins,Skincare,40.0
P297531,Eye Doctor Moisture Care For Skin Around Eyes,Origins,Skincare,49.0
P434361,High-Potency Night-A-Mins Oil-Free Resurfacing Cream with Fruit Derived AHAs,Origins,Skincare,52.0
P462891,GinZing Into the Glow Brightening Serum,Origins,Skincare,46.0
P468396,PLANTSCRIPTION Multi-powered Anti-Aging Peptide Serum,Origins,Skincare,61.0
P385253,Dr. Andrew Weil For Origins Mega-Bright SPF 30 Skin Tone Correcting Oil-Free Moisturizer,Origins,Skincare,63.0
P394702,Plantscription Anti-Aging Power Eye Cream,Origins,Skincare,58.0
P440933,Mini Clear Improvement Active Charcoal Mask to Clear Pore,Origins,Skincare,17.0
P502046,GinZing Energizing Gel Cream with Caffeine & Niacinamide,Origins,Skincare,36.0
P440929,Mini Original Skin Retexturizing Mask with Rose Clay,Origins,Skincare,17.0
P440926,Mini Drink Up Intensive Overnight Hydrating Mask with Avocado & Swiss Glacier Water,Origins,Skincare,17.0
P377919,Plantscription Anti-Aging Cleanser,Origins,Skincare,36.0
P471567,Checks and Balances Polishing Exfoliator,Origins,Skincare,27.0
P408241,Plantscription Youth-Renewing Power Night Cream,Origins,Skincare,73.0
P409834,Plantscription SPF 25 Power Anti-Aging Cream,Origins,Skincare,73.0
P409816,Plantscription SPF 25 Power Anti-Aging Oil-Free Cream,Origins,Skincare,73.0
P470048,Bestsellers Recruitment Set,Origins,Skincare,29.0
P475590,MINI GINZING VITAMIN C EYE CREAM TO BRIGHTEN AND DEPUFF,Origins,Skincare,29.0
P442745,Plantscription Retinol Night Moisturizer,Origins,Skincare,73.0
P443550,Dr. Andrew Weil for Origins Mega-Mushroom Relief & Resilience Hydra Burst Gel Lotion,Origins,Skincare,71.0
P443549,Dr. Andrew Weil for Origins Mega-Mushroom Relief & Resilience Soothing Cream,Origins,Skincare,71.0
P433446,Mini Original Skin Matte Moisturizer with Willowherb,Origins,Skincare,24.0
P482058,Dr. Andrew Weil for Origins Mega-Mushroom Weightless Hydrating Moisturizer,Origins,Skincare,40.0
P474369,Clear Improvement Zero Oil Cleanser With Charcoal,Origins,Skincare,27.0
P469502,Skin Perfecting 2% BHA Liquid Exfoliant,Paula's Choice,Skincare,34.0
P469506,C15 Vitamin C Super Booster,Paula's Choice,Skincare,55.0
P469503,Mini Skin Perfecting 2% BHA Liquid Exfoliant,Paula's Choice,Skincare,13.0
P469522,RESIST Youth-Extending Daily Hydrating Fluid SPF 50,Paula's Choice,Skincare,37.0
P501288,C5 Super Boost Vitamin C Eye Cream,Paula's Choice,Skincare,39.0
P501282,C5 Super Boost Vitamin C Moisturizer,Paula's Choice,Skincare,45.0
P504433,Pro Collagen Multi-Peptide Booster,Paula's Choice,Skincare,58.0
P469510,CLINICAL 1% Retinol Treatment,Paula's Choice,Skincare,62.0
P469519,RESIST Advanced Replenishing Toner with Hyaluronic Acid,Paula's Choice,Skincare,26.0
P469511,CLINICAL Niacinamide 20% Treatment,Paula's Choice,Skincare,52.0
P469507,10% Azelaic Acid Booster,Paula's Choice,Skincare,39.0
P469520,RESIST Perfectly Balanced Foaming Cleanser,Paula's Choice,Skincare,22.0
P480628,10% Niacinamide Booster,Paula's Choice,Skincare,49.0
P481348,Clinical 0.3% Retinol + 2% Bakuchiol Treatment,Paula's Choice,Skincare,62.0
P471793,Omega + Complex Cleansing Balm,Paula's Choice,Skincare,29.0
P469505,Skin Perfecting BHA 9 Treatment,Paula's Choice,Skincare,46.0
P473126,CLINICAL Discoloration Repair Serum,Paula's Choice,Skincare,52.0
P469528,Skin Perfecting 25% AHA + 2% BHA Exfoliant Peel,Paula's Choice,Skincare,42.0
P469524,RESIST Super-Light Daily Wrinkle Defense SPF 30,Paula's Choice,Skincare,37.0
P469517,CLEAR Oil-Free Moisturizer,Paula's Choice,Skincare,29.0
P469513,CLEAR Pore Normalizing Acne Cleanser,Paula's Choice,Skincare,15.0
P469515,CLEAR Daily Skin Clearing Treatment with 2.5% Benzoyl Peroxide,Paula's Choice,Skincare,22.0
P481390,Omega+ Complex Moisturizer,Paula's Choice,Skincare,37.0
P469527,The UnScrub Gentle Cleansing Scrub,Paula's Choice,Skincare,35.0
P469516,CLEAR Ultra-Light Daily Hydrating Fluid SPF 30+,Paula's Choice,Skincare,37.0
P469525,Omega+ Complex Serum,Paula's Choice,Skincare,42.0
P469514,CLEAR Anti-Redness Exfoliating Solution with 2% Salicylic Acid,Paula's Choice,Skincare,34.0
P474970,Hyaluronic Acid + Peptide Lip Treatment Booster,Paula's Choice,Skincare,32.0
P469504,Skin Perfecting 8% AHA Gel Exfoliant,Paula's Choice,Skincare,34.0
P469508,Hyaluronic Acid Booster,Paula's Choice,Skincare,39.0
P469526,Water-Infusing Electrolyte Moisturizer,Paula's Choice,Skincare,37.0
P469512,CLINICAL Ceramide-Enriched Firming Eye Cream,Paula's Choice,Skincare,49.0
P469518,RESIST Barrier Repair Moisturizer with Retinol,Paula's Choice,Skincare,37.0
P469521,RESIST Weightless Advanced Repairing Toner,Paula's Choice,Skincare,26.0
P469523,RESIST Anti-Aging Clear Skin Hydrator,Paula's Choice,Skincare,37.0
P481347,Clear Skin Kit Acne Treatment Kit,Paula's Choice,Skincare,75.0
P481350,Complexion Clarity Kit,Paula's Choice,Skincare,64.0
P421275,Salicylic Acid Acne Healing Dots,Peace Out,Skincare,19.0
P428250,Oil-Absorbing Pore Treatment Strips,Peace Out,Skincare,19.0
P467038,Retinol Eye Stick,Peace Out,Skincare,28.0
P500757,Microneedling Anti-Wrinkle Retinol Patches,Peace Out,Skincare,24.0
P503721,Salicylic Acid Acne Day Dots,Peace Out,Skincare,19.0
P472052,Microneedling Dark Spot Brightening Dots,Peace Out,Skincare,28.0
P479340,Retinol Face Stick,Peace Out,Skincare,34.0
P501781,Instant Pore Perfector,Peace Out,Skincare,28.0
P480629,Dark Spots Serum,Peace Out,Skincare,29.0
P469530,Blemish Balm Cleanser,Peace Out,Skincare,22.0
P474971,Daily Blemish Repairing Moisturizer,Peace Out,Skincare,28.0
P465365,Puffy Under-Eye Patches,Peace Out,Skincare,25.0
P502997,Salicylic Acid Acne Treatment Serum,Peace Out,Skincare,34.0
P503683,Acne Salicylic Acid Day & Night Duo,Peace Out,Skincare,19.0
P500856,Retinol Anti-Aging Power Duo,Peace Out,Skincare,48.0
P415701,Water Drench Hyaluronic Acid Moisturizer,Peter Thomas Roth,Skincare,54.0
P377561,FIRMx Exfoliating Peel Gel,Peter Thomas Roth,Skincare,49.0
P450917,Mini FIRMx Exfoliating Peel Gel,Peter Thomas Roth,Skincare,16.0
P39274,Anti-Aging Cleansing Gel,Peter Thomas Roth,Skincare,39.0
P449599,Mini Anti-Aging Cleansing Gel,Peter Thomas Roth,Skincare,12.0
P114902,Goodbye Acne  Max Complexion Correction Pads,Peter Thomas Roth,Skincare,48.0
P3617,Therapeutic Sulfur Acne Treatment Mask,Peter Thomas Roth,Skincare,52.0
P458576,Water Drench Hyaluronic Hydrating Moisturizer SPF 45,Peter Thomas Roth,Skincare,55.0
P471065,Mini Water Drench  Hyaluronic Hydrating Moisturizer SPF 45,Peter Thomas Roth,Skincare,23.0
P428100,Potent-C Vitamin C Power Serum,Peter Thomas Roth,Skincare,105.0
P387261,Pumpkin Enzyme Mask Enzymatic Dermal Resurfacer,Peter Thomas Roth,Skincare,60.0
P453824,Vital-E Antioxidant Recovery Cream,Peter Thomas Roth,Skincare,75.0
P283106,Instant FIRMx Eye Temporary Eye Tightener,Peter Thomas Roth,Skincare,38.0
P3550,Goodbye Acne AHA/BHA Acne Clearing Gel Face Body Spot Treatment,Peter Thomas Roth,Skincare,48.0
P474078,Mini Goodbye Acne  AHA/BHA Acne Clearing Gel Face Body Spot Treatment,Peter Thomas Roth,Skincare,20.0
P453823,Vital-E Antioxidant Recovery Eye Cream,Peter Thomas Roth,Skincare,55.0
P251529,Retinol Fusion PM Night Serum,Peter Thomas Roth,Skincare,65.0
P442741,Peptide 21 Wrinkle Resist Serum,Peter Thomas Roth,Skincare,125.0
P399932,Acne-Clear Invisible Dots,Peter Thomas Roth,Skincare,32.0
P442742,Peptide 21 Amino Acid Exfoliating Peel Pads,Peter Thomas Roth,Skincare,55.0
P392608,Irish Moor Mud Purifying Black Mask,Peter Thomas Roth,Skincare,60.0
P382204,Cucumber Gel Mask Extreme Detoxifying Hydrator,Peter Thomas Roth,Skincare,55.0
P442743,Peptide 21 Wrinkle Resist Moisturizer,Peter Thomas Roth,Skincare,95.0
P467137,Water Drench Hyaluronic Glow Serum,Peter Thomas Roth,Skincare,72.0
P271682,Instant FIRMx Temporary Face Tightener,Peter Thomas Roth,Skincare,49.0
P479706,Even Smoother Glycolic Retinol Resurfacing Serum,Peter Thomas Roth,Skincare,65.0
P470243,PRO Strength Microdermabrasion Blackhead Eliminator,Peter Thomas Roth,Skincare,68.0
P474079,Goodbye Acne   Complete Acne Treatment Gel,Peter Thomas Roth,Skincare,44.0
P448719,PRO Strength Lactic Pore Treatment,Peter Thomas Roth,Skincare,88.0
P479705,Even Smoother Glycolic Retinol Resurfacing Peel Pads,Peter Thomas Roth,Skincare,52.0
P462390,PRO Strength 10% PHA Exfoliating Clarifying Liquid,Peter Thomas Roth,Skincare,58.0
P412025,Cucumber De-Tox Hydra-Gel Eye Patches,Peter Thomas Roth,Skincare,55.0
P454102,PRO Strength Niacinamide Discoloration Treatment,Peter Thomas Roth,Skincare,88.0
P433456,Potent-C Vitamin C Power Eye Cream,Peter Thomas Roth,Skincare,68.0
P406104,24K Gold Pure Luxury Lift & Firm Hydra-Gel Eye Patches,Peter Thomas Roth,Skincare,75.0
P433457,Potent-C Vitamin C Targeted Spot Brightener,Peter Thomas Roth,Skincare,62.0
P423254,Water Drench Hyaluronic Cloud Hydra-Gel Eye Patches,Peter Thomas Roth,Skincare,55.0
P482061,Max Clear Invisible Priming Sunscreen Broad Spectrum SPF 45,Peter Thomas Roth,Skincare,38.0
P503690,Water Drench Hyaluronic Cloud Rich Barrier Moisturizer,Peter Thomas Roth,Skincare,58.0
P500244,FIRMx Collagen Face & Eye Hydra-Gel Patches,Peter Thomas Roth,Skincare,65.0
P392607,24K Gold Mask Pure Luxury Lift & Firm,Peter Thomas Roth,Skincare,85.0
P481142,PRO Strength Vitamin A/C/E Retinoid Treatment,Peter Thomas Roth,Skincare,65.0
P430812,Max Mineral Tinted Sunscreen Broad Spectrum SPF 45,Peter Thomas Roth,Skincare,38.0
P505158,Max Vitamin D-Fense Sunscreen Serum Broad Spectrum SPF 50,Peter Thomas Roth,Skincare,42.0
P410883,Acne Clearing Wash,Peter Thomas Roth,Skincare,39.0
P440317,Potent-C Vitamin C Bright & Plump Moisturizer,Peter Thomas Roth,Skincare,72.0
P471062,Full-Size Water Drench Hydra-Pair 2-Piece Kit,Peter Thomas Roth,Skincare,58.0
P457519,Water Drench Hyaluronic Cloud Hydrating Eye Gel,Peter Thomas Roth,Skincare,43.0
P471064,Max Matte Shine Control Sunscreen Broad Spectrum SPF 45,Peter Thomas Roth,Skincare,38.0
P457520,FIRMx Collagen Moisturizer,Peter Thomas Roth,Skincare,88.0
P464799,Potent-C Power Brightening Hydra-Gels,Peter Thomas Roth,Skincare,65.0
P473185,Water Drench Hyaluronic Cloud Makeup Removing Gel Cleanser,Peter Thomas Roth,Skincare,32.0
P474080,Water Drench Hyaluronic Cloud Mask Hydrating Gel,Peter Thomas Roth,Skincare,55.0
P502740,Masking Minis 5-Piece Mask Kit,Peter Thomas Roth,Skincare,19.0
P502725,Multi-Masker 4-Piece Mask Kit,Peter Thomas Roth,Skincare,58.0
P501550,Acne-Clear Essentials 4-Piece Acne Kit,Peter Thomas Roth,Skincare,35.0
P505380,Patch & Protect Summer Essentials 2-Piece Kit,Peter Thomas Roth,Skincare,55.0
P456192,Night Magic Restorative Face Oil with Firming Botanicals,Prima,Skincare,68.0
P456193,The Afterglow Deep Moisturizing Cream with Hyaluronic Acid & Vegan Collagen,Prima,Skincare,68.0
P481335,Brightening Saffron Serum - Radiant Rani,RANAVAT,Skincare,135.0
P481354,Renewing Bakuchi Crème - Eternal Reign,RANAVAT,Skincare,95.0
P481336,Resurfacing Saffron AHA Masque - Radiant Rani,RANAVAT,Skincare,75.0
P481363,Smoothing Facial Polish - Imperial Glow,RANAVAT,Skincare,45.0
P481371,Balancing Crème Cleanser - Luminous Ceremony,RANAVAT,Skincare,45.0
P504446,Restoring Moonseed Treatment - L’Immortale Empress,RANAVAT,Skincare,125.0
P481401,Hydrating Jasmine Mist - Royal Refresh,RANAVAT,Skincare,45.0
P203616,Glycol Lactic Radiance Renewal Mask,REN Clean Skincare,Skincare,58.0
P428095,Ready Steady Glow Daily AHA Tonic,REN Clean Skincare,Skincare,40.0
P465368,Mini Ready Steady Glow Daily AHA Tonic,REN Clean Skincare,Skincare,22.0
P214002,Evercalm Barrier Support Antioxidant Moisturizer,REN Clean Skincare,Skincare,52.0
P436094,Evercalm Overnight Recovery Balm,REN Clean Skincare,Skincare,55.0
P415620,Evercalm Ultra Comforting Rescue Mask,REN Clean Skincare,Skincare,52.0
P457512,Overnight Glow Dark Spot Sleeping Cream,REN Clean Skincare,Skincare,55.0
P442990,Clean Screen Mineral SPF 30 Mattifying Face Sunscreen,REN Clean Skincare,Skincare,40.0
P481732,Radiance Vitamin C Glow Serum,REN Clean Skincare,Skincare,69.0
P467971,Brightening Dark Circle Eye Cream,REN Clean Skincare,Skincare,51.0
P475159,Evercalm Redness Relief Serum,REN Clean Skincare,Skincare,60.0
P454095,Perfect Canvas Clean Jelly Oil Cleanser,REN Clean Skincare,Skincare,37.0
P484067,Evercalm Barrier Support Face Oil,REN Clean Skincare,Skincare,60.0
P473172,Glow Daily Vitamin C Gel Cream,REN Clean Skincare,Skincare,54.0
P474371,Evercalm Gentle Cleansing Milk,REN Clean Skincare,Skincare,38.0
P504056,"Perfect Canvas Smooth, Prep & Plump Essence",REN Clean Skincare,Skincare,55.0
P476726,Evercalm Gentle Cleansing Gel,REN Clean Skincare,Skincare,38.0
P437477,Stop Being So Sensitive Evercalm Kit,REN Clean Skincare,Skincare,34.0
P470049,Clearcalm Clarifying Clay Cleanser,REN Clean Skincare,Skincare,38.0
P455227,Glow One Step Further Radiance Kit,REN Clean Skincare,Skincare,28.0
P502047,Evercalm Skin Zen Trio,REN Clean Skincare,Skincare,66.0
P503345,Evercalm Skin Zen Trio,REN Clean Skincare,Skincare,66.0
P504309,Solar Power Luminous SPF 30 Brightening Serum,ROSE INC,Skincare,46.0
P481145,Hydration Replenish Microencapsulated Plumping Gel Moisturizer,ROSE INC,Skincare,70.0
P500696,Eye Revival Brightening Eye Cream,ROSE INC,Skincare,55.0
P476010,Skin Resolution Clean Exfoliating Acid Toner,ROSE INC,Skincare,32.0
P504315,Mini Skin Resolution Clarifying Acid Toner,ROSE INC,Skincare,15.0
P476009,Radiant Reveal Clean Brightening Vitamin C Serum,ROSE INC,Skincare,74.0
P504594,The Brightening Essentials Skincare Gift Set,ROSE INC,Skincare,66.0
P504283,Mini Solar Power Luminous SPF 30 Serum,ROSE INC,Skincare,18.0
P468850,Signature Moisturizer,ROSE Ingleton MD,Skincare,85.0
P470245,Complexion Brightening Booster Serum,ROSE Ingleton MD,Skincare,70.0
P470247,Blemish Control Booster Serum,ROSE Ingleton MD,Skincare,70.0
P470246,Calming Hydration Booster Serum,ROSE Ingleton MD,Skincare,70.0
P470248,Retexturizing Retinol Booster Serum,ROSE Ingleton MD,Skincare,70.0
P480346,SuperFruit Gentle Brightening Cleanser,ROSE Ingleton MD,Skincare,38.0
P500502,SuperFruit Exfoliating Tonic 8% AHA Solution,ROSE Ingleton MD,Skincare,48.0
P42204,Rosebud Salve,Rosebud Perfume Co.,Skincare,7.0
P42205,Strawberry Lip Balm,Rosebud Perfume Co.,Skincare,8.0
P266126,Rosebud Salve in a Tube,Rosebud Perfume Co.,Skincare,7.0
P164932,Minted Rose Lip Balm,Rosebud Perfume Co.,Skincare,8.0
P392239,Menthol And Eucalyptus Lip Balm,Rosebud Perfume Co.,Skincare,7.0
P397465,Strawberry Lip Balm,Rosebud Perfume Co.,Skincare,8.0
P468211,Sunvisor Radiant Moisturizing Face Sunscreen SPF 35,Saie,Skincare,38.0
P501321,Luxury Sun Ritual Pore Smoothing Sunscreen SPF 30,Saint Jane Beauty,Skincare,38.0
P461491,Bright Repair Eye Cream – 10% Vitamin C,Saint Jane Beauty,Skincare,65.0
P467972,The C Drops – 20% Vitamin C Blend Brightening Serum,Saint Jane Beauty,Skincare,90.0
P473723,Hydrating Petal Cream – 1% Pure Hyaluronic Acid Moisturizer,Saint Jane Beauty,Skincare,68.0
P482068,Sacred Sleep Overnight Repair with Retinol,Saint Jane Beauty,Skincare,70.0
P501185,Luxury Lip Shine – Longwear Hydration Lip Oil with Vitamin C,Saint Jane Beauty,Skincare,28.0
P409800,Cleansing & Exfoliating Wipes,SEPHORA COLLECTION,Skincare,3.0
P442594,Ultra Glow Serum: Glow + Strengthen Vitamin C Serum,SEPHORA COLLECTION,Skincare,20.0
P460855,Clean Lip Balm & Scrub,SEPHORA COLLECTION,Skincare,7.0
P438619,Brightening Eye Cream with Caffeine and Hyaluronic Acid,SEPHORA COLLECTION,Skincare,18.0
P460723,Clean Cleansing & Gentle Exfoliating Wipes,SEPHORA COLLECTION,Skincare,6.0
P500744,Clean Lip Balm & Scrub,SEPHORA COLLECTION,Skincare,7.0
P438620,Nourishing Moisturizer with Prebiotics,SEPHORA COLLECTION,Skincare,18.0
P442589,Instant Masks,SEPHORA COLLECTION,Skincare,8.0
P442535,Glow Peel Pads,SEPHORA COLLECTION,Skincare,15.0
P438617,All Day Hyaluronic Acid Hydrator Moisturizer,SEPHORA COLLECTION,Skincare,18.0
P438618,Clean Skin Gel Cleanser with Prebiotics,SEPHORA COLLECTION,Skincare,12.0
P460701,Clean Face Mask,SEPHORA COLLECTION,Skincare,5.5
P460856,Clean Eye Mask,SEPHORA COLLECTION,Skincare,3.5
P483138,Targeted Pores Serum with BHA + PHA,SEPHORA COLLECTION,Skincare,20.0
P467647,Melting Cleansing Balm Cleanse + Balance,SEPHORA COLLECTION,Skincare,12.0
P483137,Targeted Dark Spots Serum with Enzymes,SEPHORA COLLECTION,Skincare,20.0
P467652,Lip Sleeping Mask,SEPHORA COLLECTION,Skincare,5.0
P473725,Resurfacing Peel Mask,SEPHORA COLLECTION,Skincare,18.0
P457442,Face Serum,SEPHORA COLLECTION,Skincare,9.0
P504429,Hydrating Serum,SEPHORA COLLECTION,Skincare,20.0
P504421,Overnight Hydrating Mask,SEPHORA COLLECTION,Skincare,16.0
P483136,Targeted Anti-Aging Bakuchiol Serum,SEPHORA COLLECTION,Skincare,20.0
P473729,Vitamin Mask,SEPHORA COLLECTION,Skincare,10.0
P461522,Clean Charcoal Nose Strip,SEPHORA COLLECTION,Skincare,3.0
P473726,Smoothing Cleanser,SEPHORA COLLECTION,Skincare,12.0
P461520,Clean Foot Mask,SEPHORA COLLECTION,Skincare,5.0
P500626,Melting Cleansing Balm Cleanse + Balance,SEPHORA COLLECTION,Skincare,12.0
P460554,Clarifying Peel Pads,SEPHORA COLLECTION,Skincare,17.0
P483146,Ultra Glow Toner with Vitamins C + E,SEPHORA COLLECTION,Skincare,14.0
P432421,SUPERMASK - The Charcoal Mask,SEPHORA COLLECTION,Skincare,5.5
P461521,Clean Hand Mask,SEPHORA COLLECTION,Skincare,5.0
P455217,Gradual Self-Tanning Face Gel,SEPHORA COLLECTION,Skincare,17.0
P456957,Clarifying Serum,SEPHORA COLLECTION,Skincare,20.0
P467651,Pores Target Serum,SEPHORA COLLECTION,Skincare,20.0
P473724,Vitamin Tonic,SEPHORA COLLECTION,Skincare,6.0
P445726,Firming Night Cream with Peptides,SEPHORA COLLECTION,Skincare,18.0
P455215,Illuminating Hydrator - Radiance + Smoothing,SEPHORA COLLECTION,Skincare,17.0
P480986,Firming Eye Cream with Peptides,SEPHORA COLLECTION,Skincare,18.0
P479688,AHA Peeling Masks,SEPHORA COLLECTION,Skincare,10.0
P461195,Clean Hemp Mask,SEPHORA COLLECTION,Skincare,5.5
P471085,Targeted Dark Spots Serum,SEPHORA COLLECTION,Skincare,20.0
P446820,Grapefruit Peeling Mask - Skin Perfection,SEPHORA COLLECTION,Skincare,8.0
P483151,Vitamin Eye Masks,SEPHORA COLLECTION,Skincare,3.5
P457441,The Clarifying Kit,SEPHORA COLLECTION,Skincare,20.0
P467650,Self-Tanning Body Mousse,SEPHORA COLLECTION,Skincare,18.0
P483092,Glow Peel Pads with AHA + PHA,SEPHORA COLLECTION,Skincare,17.0
P457439,Clarifying Lotion,SEPHORA COLLECTION,Skincare,16.0
P471086,Targeted Wrinkle Serum,SEPHORA COLLECTION,Skincare,20.0
P461200,Clean Watermelon After Sun Mask,SEPHORA COLLECTION,Skincare,5.0
P446822,Hemp Mousse Mask - Anti-Blemish,SEPHORA COLLECTION,Skincare,8.0
P483075,Brightening Dual Facial Enzyme Exfoliator,SEPHORA COLLECTION,Skincare,14.0
P461199,Clean Peeling Mask,SEPHORA COLLECTION,Skincare,5.5
P500774,Clarifying Toner with Niacinamide and Zinc,SEPHORA COLLECTION,Skincare,14.0
P460704,The Hydrating Kit,SEPHORA COLLECTION,Skincare,20.0
P483090,Firming Day Moisturizer with Peptides,SEPHORA COLLECTION,Skincare,18.0
P500743,Vitamin Face Masks,SEPHORA COLLECTION,Skincare,5.5
P500785,Vitamin C Skincare Set,SEPHORA COLLECTION,Skincare,15.0
P504441,Prebiotic Smoothie Mask,SEPHORA COLLECTION,Skincare,8.0
P444237,Mini Cleansing Wipes - Coconut Water,SEPHORA COLLECTION,Skincare,3.0
P504447,Gradual Tanning Drops Face & Body,SEPHORA COLLECTION,Skincare,16.0
P467649,Clean 1 Minute Face Masks,SEPHORA COLLECTION,Skincare,12.0
P483145,Ultra Glow Mask with Vitamins C + E,SEPHORA COLLECTION,Skincare,16.0
P500729,Best Sellers Set,SEPHORA COLLECTION,Skincare,20.0
P502842,Wishing You Essentials Skincare Kit,SEPHORA COLLECTION,Skincare,20.0
P500763,Lip Sleeping Mask,SEPHORA COLLECTION,Skincare,5.0
P504424,Clarifying Peel Pads Purify + Exfoliate,SEPHORA COLLECTION,Skincare,17.0
P504417,Acne Treatment Gel,SEPHORA COLLECTION,Skincare,20.0
P455926,Retinol Reform Treatment Serum,Shani Darden Skin Care,Skincare,88.0
P455927,Mini Retinol Reform,Shani Darden Skin Care,Skincare,30.0
P455929,Cleansing Serum,Shani Darden Skin Care,Skincare,38.0
P467973,Intensive Eye Renewal Cream with Firming Peptides,Shani Darden Skin Care,Skincare,68.0
P478731,Lactic Acid AHA Exfoliating Serum,Shani Darden Skin Care,Skincare,88.0
P455930,Weightless Oil-Free Moisturizer,Shani Darden Skin Care,Skincare,48.0
P471097,Facial Sculpting Wand,Shani Darden Skin Care,Skincare,399.0
P503920,Triple Acid Signature Peel,Shani Darden Skin Care,Skincare,125.0
P455931,Sake Toning Essence,Shani Darden Skin Care,Skincare,52.0
P474858,Hydra Prep Soothing & Hydrating Gel,Shani Darden Skin Care,Skincare,38.0
P456398,Ultimate Sun Protector Lotion SPF 50+ Sunscreen,Shiseido,Skincare,50.0
P173726,Facial Cotton,Shiseido,Skincare,13.0
P429242,Clear Sunscreen Stick SPF 50+,Shiseido,Skincare,30.0
P448203,Benefiance Wrinkle Smoothing Eye Cream,Shiseido,Skincare,64.0
P482739,Urban Environment Oil-Free Sunscreen Broad-Spectrum SPF 42,Shiseido,Skincare,50.0
P482742,Urban Environment Fresh-Moisture Sunscreen Broad-Spectrum SPF 42,Shiseido,Skincare,38.0
P448202,Benefiance Wrinkle Smoothing Cream Enriched,Shiseido,Skincare,75.0
P463105,Benefiance Wrinkle Smoothing Retinol Serum,Shiseido,Skincare,75.0
P481164,Essential Energy Hydrating Day Cream Broad Spectrum SPF 20,Shiseido,Skincare,50.0
P481161,Ultimune Power Infusing Anti-Aging Serum,Shiseido,Skincare,75.0
P456399,Ultimate Sun Protector Cream SPF 50+ Face Sunscreen,Shiseido,Skincare,40.0
P504986,Urban Environment Vita-Clear Sunscreen SPF 42,Shiseido,Skincare,38.0
P173619,Benefiance WrinkleResist24 Pure Retinol Express Smoothing Eye Mask,Shiseido,Skincare,70.0
P482741,Urban Environment Oil-Free Mineral Sunscreen Broad-Spectrum SPF 42,Shiseido,Skincare,38.0
P481162,Essential Energy Hydrating Cream,Shiseido,Skincare,50.0
P205614,White Lucent Anti-Dark Circles Eye Cream,Shiseido,Skincare,65.0
P173652,Bio-Performance Advanced Super Revitalizing Cream,Shiseido,Skincare,85.0
P405944,Ultra Sun Protection Lotion Broad Spectrum SPF 50+ WetForce for Sensitive Skin & Children,Shiseido,Skincare,42.0
P448201,Benefiance Wrinkle Smoothing Day Cream SPF 23,Shiseido,Skincare,75.0
P448200,Benefiance Wrinkle Smoothing Cream,Shiseido,Skincare,75.0
P388545,Perfect Cleansing Oil,Shiseido,Skincare,35.0
P433618,Clarifying Cleansing Foam,Shiseido,Skincare,36.0
P173622,Benefiance Pure Retinol Intensive Revitalizing Face Mask,Shiseido,Skincare,70.0
P482740,Mini Urban Environment Oil-Free Sunscreen Broad-Spectrum SPF 42,Shiseido,Skincare,35.0
P433617,Deep Cleansing Foam,Shiseido,Skincare,36.0
P423165,Future Solution LX Eye and Lip Contour Regenerating Cream,Shiseido,Skincare,155.0
P202935,Benefiance NutriPerfect Night Cream,Shiseido,Skincare,97.0
P428423,Refreshing Cleansing Sheets,Shiseido,Skincare,20.0
P443375,White Lucent Brightening Gel Cream,Shiseido,Skincare,75.0
P428422,Oil Control Blotting Paper,Shiseido,Skincare,20.0
P433621,Treatment Softener Enriched,Shiseido,Skincare,50.0
P423164,Future Solution LX Extra Rich Cleansing Foam,Shiseido,Skincare,65.0
P455421,Complete Cleansing Microfoam,Shiseido,Skincare,36.0
P443376,White Lucent Overnight Cream & Mask,Shiseido,Skincare,110.0
P433619,Extra Rich Cleansing Milk,Shiseido,Skincare,36.0
P457854,Vital Perfection Uplifting and Firming Cream Day Cream,Shiseido,Skincare,140.0
P423163,Future Solution LX Concentrated Balancing Softener,Shiseido,Skincare,110.0
P443377,White Lucent Day Emulsion Broad Spectrum SPF 23,Shiseido,Skincare,75.0
P423169,Future Solution LX Total Regenerating Cream,Shiseido,Skincare,290.0
P433620,Treatment Softener,Shiseido,Skincare,50.0
P484076,Ultimate Sun Protector SPF 50+ Sunscreen Duo,Shiseido,Skincare,66.0
P463951,Mini Benefiance Wrinkle Smoothing Cream Enriched,Shiseido,Skincare,30.0
P463106,Vital Perfection Uplifting and Firming Eye Cream,Shiseido,Skincare,85.0
P423166,Future Solution LX Intensive Firming Contour Serum,Shiseido,Skincare,310.0
P455229,White Lucent Illuminating Micro-Spot Serum,Shiseido,Skincare,185.0
P423167,Future Solution LX Total Protective Cream Broad Spectrum SPF 20 Sunscreen,Shiseido,Skincare,270.0
P423168,Future Solution LX Total Protective Emulsion Broad Spectrum SPF 20 Sunscreen,Shiseido,Skincare,270.0
P468406,Vital Perfection Intensive WrinkleSpot Treatment,Shiseido,Skincare,100.0
P504302,Wrinkle Correcting Skincare Set,Shiseido,Skincare,64.0
P504291,Daily Hydrating Sun Protection Set,Shiseido,Skincare,52.0
P505280,Wrinkle Smoothing Starter Set,Shiseido,Skincare,39.0
P505265,Eudermine Activating Essence,Shiseido,Skincare,90.0
P504324,Ultimune Eye Power Infusing Eye Concentrate,Shiseido,Skincare,70.0
P468407,Vital Perfection Uplifting and Firming Day Cream SPF 30,Shiseido,Skincare,140.0
P375849,Facial Treatment Essence (Pitera Essence),SK-II,Skincare,245.0
P426183,Mini Facial Treatment Essence (Pitera Essence),SK-II,Skincare,99.0
P375853,Facial Treatment Clear Lotion Toner,SK-II,Skincare,80.0
P375850,Facial Treatment Cleanser,SK-II,Skincare,75.0
P468409,SKINPOWER Airy Milky Lotion,SK-II,Skincare,170.0
P468408,SKINPOWER Eye Cream,SK-II,Skincare,145.0
P468411,SKINPOWER Cream,SK-II,Skincare,255.0
P375852,Pitera Facial Treatment Mask,SK-II,Skincare,145.0
P410756,GenOptics Aura Essence Serum,SK-II,Skincare,245.0
P410755,GenOptics Spot Essence Serum,SK-II,Skincare,225.0
P447773,PITERA First Experience Kit,SK-II,Skincare,99.0
P375864,Brightening Derm Revival Mask,SK-II,Skincare,170.0
P375854,Ultimate Revival Cream,SK-II,Skincare,400.0
P468412,Pitera Power Kit,SK-II,Skincare,110.0
P428103,Ultimate Revival Essence,SK-II,Skincare,315.0
P468410,SKINPOWER Essence Serum,SK-II,Skincare,205.0
P416312,Gentle Foaming Face Wash,Skin Laundry,Skincare,20.0
P416589,Wrinkle Release Facial Sheet Mask,Skin Laundry,Skincare,12.0
P416588,Wrinkle Release Neck & Chest Sheet Mask,Skin Laundry,Skincare,15.0
P442840,Barrier+ Triple Lipid-Peptide Face Cream,Skinfix,Skincare,54.0
P479860,Mini Barrier+ Triple Lipid-Peptide Face Cream,Skinfix,Skincare,20.0
P442836,Barrier+ Foaming Oil Hydrating Cleanser,Skinfix,Skincare,30.0
P442838,Barrier+ Triple Lipid-Boost 360° Brightening Eye Cream,Skinfix,Skincare,44.0
P481739,Barrier+ Skin Barrier Niacinamide Restoring Gel Cream,Skinfix,Skincare,48.0
P442839,Barrier+ Triple Lipid-Peptide Lotion Moisturizer,Skinfix,Skincare,42.0
P471101,Resurface+ AHA/BHA Niacinamide Exfoliating Pads for Face and Targeted Body,Skinfix,Skincare,50.0
P442843,Eczema+ Dermatitis Face Balm,Skinfix,Skincare,29.0
P503668,Barrier+ Triple Lipid + Collagen + Niacinamide Activating Serum,Skinfix,Skincare,69.0
P476415,Acne+ 2% BHA + Azelaic Acid + Niacinamide + AHA Cleanser,Skinfix,Skincare,35.0
P479348,Acne+ 2% BHA and Azelaic Acid Acne Spot Treatment,Skinfix,Skincare,30.0
P442837,Barrier+ Triple Lipid-Hyaluronate Serum,Skinfix,Skincare,50.0
P505049,barrier+ Triple Lipid + Collagen Brightening Eye Treatment,Skinfix,Skincare,54.0
P442850,Redness Recovery+ Antioxidant Redness Treatment Overnight Mask,Skinfix,Skincare,52.0
P446916,Eczema+ Care Kit,Skinfix,Skincare,35.0
P502169,Barrier+ Besties Hydrating and Nourishing Kit,Skinfix,Skincare,40.0
P448562,Barrier+ Foaming Clay Cleanser,Skinfix,Skincare,32.0
P442841,Barrier+ Lip Repair Balm,Skinfix,Skincare,15.0
P502192,Acne Away Kit + Salicylic Acid + Azelaic Acid + Niacinamide,Skinfix,Skincare,35.0
P402944,Silk Pillowcase - Standard/Queen,Slip,Skincare,89.0
P402943,Silk Pillowcase - King,Slip,Skincare,110.0
P477761,Lovely Lashes Contour Sleep Mask,Slip,Skincare,55.0
P447213,4.5% Retinol Serum,SOBEL SKIN Rx,Skincare,105.0
P451748,15% Niacinamide Gel Serum,SOBEL SKIN Rx,Skincare,75.0
P451745,30% Glycolic Acid Peel Concentrate,SOBEL SKIN Rx,Skincare,46.0
P451750,Oligo Peptide Eye Cream,SOBEL SKIN Rx,Skincare,65.0
P477706,35% Vitamin C Fusion Serum,SOBEL SKIN Rx,Skincare,105.0
P504698,Bio Hyaluronic Moisturizer Cream,SOBEL SKIN Rx,Skincare,95.0
P415747,Brazilian Kiss Cupuaçu Lip Butter,Sol de Janeiro,Skincare,18.0
P504517,Brightening Eye Cream Mineral SPF 15 with Peptides,Soleil Toujours,Skincare,68.0
P504509,Hydra Lip Masque Mineral SPF 15 with Peptides,Soleil Toujours,Skincare,26.0
P504515,Daily Defense Moisturizer Mineral SPF 60 with Vitamin C,Soleil Toujours,Skincare,58.0
P481831,Tan Tonic Glow Drops,St. Tropez,Skincare,42.0
P407450,Self Tan Classic Bronzing Mousse,St. Tropez,Skincare,34.0
P481830,Self-Tan Luxe Whipped Crème Mousse,St. Tropez,Skincare,48.0
P407448,Self Tan Express Bronzing Mousse,St. Tropez,Skincare,46.0
P456206,Self Tan Purity Vitamins Bronzing Water Body Mist,St. Tropez,Skincare,45.0
P432262,Self Tan Purity Bronzing Water Face Mist,St. Tropez,Skincare,33.0
P481832,Gradual Tan Watermelon Daily Firming Lotion,St. Tropez,Skincare,29.0
P429683,Self Tan Purity Bronzing Water Mousse,St. Tropez,Skincare,44.0
P442747,Self Tan Purity Water Gel,St. Tropez,Skincare,44.0
P456204,Purity Tanning Waters Mini Kit,St. Tropez,Skincare,25.0
P456401,Self Tan Express Bronzing Gel,St. Tropez,Skincare,46.0
P456203,Self Tan Express Starter Kit,St. Tropez,Skincare,20.0
P482318,Gradual Tan Tinted Daily Firming Lotion,St. Tropez,Skincare,29.0
P483691,Gradual Tan Classic Daily Youth Boosting Cream,St. Tropez,Skincare,29.0
P474113,TL Advanced  Tightening Neck Cream PLUS for Firming & Brightening,StriVectin,Skincare,95.0
P474117,Mini TL Advanced  Tightening Neck Cream PLUS for Firming & Brightening,StriVectin,Skincare,15.0
P474110,Super-C Retinol Brighten & Correct Vitamin C Serum,StriVectin,Skincare,72.0
P474121,SD Advanced  PLUS Intensive Moisturizer For Wrinkles & Stretch Marks,StriVectin,Skincare,82.0
P474109,Daily Reveal  Exfoliating Face Pads with AHA + BHA + PHA + TXA,StriVectin,Skincare,45.0
P474122,Advanced Retinol Nightly Renewal Face Moisturizer with Retinol,StriVectin,Skincare,119.0
P474111,Super-C SPF 30 Vitamin C Face Moisturizer,StriVectin,Skincare,69.0
P480191,Contour Restore Tightening & Sculpting Moisturizing Face Cream,StriVectin,Skincare,99.0
P474116,Peptight  360˚ Tightening Eye Serum,StriVectin,Skincare,72.0
P474115,Peptight  Tightening & Brightening Face Serum,StriVectin,Skincare,99.0
P474107,Hyaluronic Tripeptide Gel-Cream for Eyes,StriVectin,Skincare,65.0
P481743,Peptight Tightening Neck Serum Roller,StriVectin,Skincare,79.0
P481742,Advanced Retinol Daily Repair Face Moisturizer Broad Spectrum SPF 30,StriVectin,Skincare,99.0
P504050,Advanced Retinol Nightly Multi Correct Serum,StriVectin,Skincare,99.0
P474118,Intensive Eye Cream Concentrate for Wrinkles PLUS,StriVectin,Skincare,72.0
P502758,Super-C Dark Circle Brightening Eye Serum,StriVectin,Skincare,65.0
P474125,The Gamechangers,StriVectin,Skincare,79.0
P474114,Power Starters Tightening Trio,StriVectin,Skincare,89.0
P505378,Multi Action Clear Acne Control 30-Day Trial Kit,StriVectin,Skincare,39.0
P505381,Multi Action Clear Gentle Daily Brightening & Retexturizing Toner for Acne and Breakouts,StriVectin,Skincare,39.0
P505392,Multi Action Clear Acne Clearing Treatment Lotion for Breakouts,StriVectin,Skincare,49.0
P505379,Multi Action Clear Gentle Daily Clarifying Cleanser for Acne and Breakouts,StriVectin,Skincare,29.0
P469538,Anti-Aging First Care Activating Serum,Sulwhasoo,Skincare,89.0
P476729,Mini First Care Activating Serum,Sulwhasoo,Skincare,25.0
P505346,First Care Activating Serum 25th Anniversary Limited Edition,Sulwhasoo,Skincare,110.0
P450633,Gentle Cleansing Oil Makeup Remover,Sulwhasoo,Skincare,40.0
P476730,Mini Gentle Cleansing Oil Makeup Remover,Sulwhasoo,Skincare,13.0
P481833,Concentrated Ginseng Renewing Cream,Sulwhasoo,Skincare,260.0
P469537,Bestsellers Trial Kit,Sulwhasoo,Skincare,58.0
P450632,Gentle Cleansing Foam Hydrating Makeup Remover,Sulwhasoo,Skincare,38.0
P476731,Mini Gentle Cleansing Foam Hydrating Makeup Remover,Sulwhasoo,Skincare,12.0
P483708,Mini Essential Comfort Firming Cream,Sulwhasoo,Skincare,28.0
P483692,Essential Comfort Firming Cream,Sulwhasoo,Skincare,120.0
P502395,Concentrated Ginseng Renewing Serum,Sulwhasoo,Skincare,210.0
P475172,Overnight Vitalizing Mask,Sulwhasoo,Skincare,54.0
P481834,Concentrated Ginseng Renewing Cream Classic,Sulwhasoo,Skincare,260.0
P463110,Clarifying Peel Off Mask,Sulwhasoo,Skincare,45.0
P483694,Essential Comfort Balancing Water,Sulwhasoo,Skincare,68.0
P463109,Overnight Vitalizing Sleeping Mask,Sulwhasoo,Skincare,54.0
P502448,Concentrated Ginseng Renewing Eye Cream,Sulwhasoo,Skincare,140.0
P483693,Essential Comfort Moisture Cream,Sulwhasoo,Skincare,80.0
P501175,White Ginseng Radiance Refining Mask,Sulwhasoo,Skincare,68.0
P483086,Essential Comfort Balancing Emulsion,Sulwhasoo,Skincare,72.0
P502474,Concentrated Ginseng Renewing Rescue Ampoule,Sulwhasoo,Skincare,130.0
P502381,Concentrated Ginseng Renewing Sheet Masks,Sulwhasoo,Skincare,120.0
P505270,First Care Radiance Set,Sulwhasoo,Skincare,95.0
P429952,Jet Lag Mask,Summer Fridays,Skincare,49.0
P480630,Mini Jet Lag Mask,Summer Fridays,Skincare,26.0
P455936,Lip Butter Balm,Summer Fridays,Skincare,24.0
P449180,CC Me Vitamin C + Niacinamide Serum,Summer Fridays,Skincare,68.0
P466153,Cloud Dew Gel Cream Moisturizer,Summer Fridays,Skincare,45.0
P479125,Mini Cloud Dew Oil-Free Gel Cream,Summer Fridays,Skincare,17.0
P436387,Overtime Mask,Summer Fridays,Skincare,49.0
P440504,R + R Mask,Summer Fridays,Skincare,54.0
P482074,Dream Oasis Deep Hydration Serum,Summer Fridays,Skincare,44.0
P480192,Light Aura Vitamin C + Peptide Eye Cream,Summer Fridays,Skincare,42.0
P455242,Super Amino Gel Cleanser,Summer Fridays,Skincare,35.0
P503827,Midnight Ritual Retinol Renewal Serum,Summer Fridays,Skincare,69.0
P476028,Heavenly Sixteen All-In-One Face Oil,Summer Fridays,Skincare,55.0
P309308,Good Genes All-In-One AHA Lactic Acid Treatment,Sunday Riley,Skincare,122.0
P393718,Luna Sleeping Retinoid Night Oil,Sunday Riley,Skincare,105.0
P410400,U.F.O. Salicylic Acid BHA Acne Treatment Face Oil,Sunday Riley,Skincare,80.0
P418346,C.E.O. 15% Vitamin C Brightening Serum,Sunday Riley,Skincare,85.0
P476414,5 Stars Retinol + Niacinamide Eye Serum,Sunday Riley,Skincare,65.0
P424948,Auto Correct Brightening + Depuffing Eye Cream for Dark Circles,Sunday Riley,Skincare,65.0
P402718,Power Couple Advanced Retinol and Lactic Acid Duo,Sunday Riley,Skincare,72.0
P448937,ICE Ceramide Moisturizer with Vitamin F,Sunday Riley,Skincare,65.0
P418629,C.E.O. Vitamin C Brightening Rich Hydration Moisturizer,Sunday Riley,Skincare,22.0
P416139,Mini C.E.O. Vitamin C Brightening Rich Hydration Moisturizer,Sunday Riley,Skincare,65.0
P309310,Ceramic Slip French Green Clay Cleanser,Sunday Riley,Skincare,35.0
P442761,C.E.O Glow Vitamin C + Turmeric Face Oil,Sunday Riley,Skincare,80.0
P503726,B3 Nice 10% Niacinamide Serum,Sunday Riley,Skincare,65.0
P309306,Juno Antioxidant + Superfood Face Oil,Sunday Riley,Skincare,72.0
P482551,C.E.O. Afterglow Brightening Vitamin C Moisturizer,Sunday Riley,Skincare,65.0
P483076,C.E.O. Afterglow Brightening Vitamin C Moisturizer,Sunday Riley,Skincare,22.0
P440075,A+ High-Dose Retinol Serum,Sunday Riley,Skincare,85.0
P402014,Blue Moon Clean-Rinse Cleansing Balm,Sunday Riley,Skincare,50.0
P432053,Multivitamins 15% Vitamin C + Retinol Mini Set,Sunday Riley,Skincare,28.0
P460627,Saturn Sulfur + Niacinamide Spot Treatment Mask,Sunday Riley,Skincare,20.0
P463964,Pink Drink Firming Resurfacing Peptide Face Mist,Sunday Riley,Skincare,48.0
P455235,Superstars Anti-Aging Serum and Eye Kit,Sunday Riley,Skincare,130.0
P461535,All About Acne Breakout + Blackhead Set,Sunday Riley,Skincare,95.0
P483495,Wake Up With Me Morning Routine Kit,Sunday Riley,Skincare,95.0
P454380,Unseen Sunscreen SPF 40 PA+++,Supergoop!,Skincare,48.0
P470255,Mini Unseen Sunscreen SPF 40 PA+++,Supergoop!,Skincare,22.0
P456218,Glowscreen Sunscreen SPF 40 PA+++ with Hyaluronic Acid + Niacinamide,Supergoop!,Skincare,38.0
P482320,Mini Glowscreen Sunscreen SPF 40 PA+++ with Hyaluronic Acid + Niacinamide,Supergoop!,Skincare,22.0
P454383,PLAY Everyday Sunscreen Lotion SPF 50 PA++++,Supergoop!,Skincare,34.0
P454384,Mini PLAY Everyday Lotion SPF 50 with Sunflower Extract,Supergoop!,Skincare,22.0
P439928,Superscreen Daily Moisturizer Sunscreen SPF 40 PA+++,Supergoop!,Skincare,44.0
P466154,Daily Dose Vitamin C + SPF 40 Sunscreen Serum PA+++,Supergoop!,Skincare,46.0
P463353,CC Screen 100% Mineral CC Cream SPF 50 PA++++,Supergoop!,Skincare,44.0
P429953,Glow Stick Sunscreen SPF 50 PA++++,Supergoop!,Skincare,26.0
P470057,Mineral Sheerscreen Sunscreen SPF 30 PA+++,Supergoop!,Skincare,38.0
P482321,Mini Mineral Sheerscreen Sunscreen SPF 30 PA+++,Supergoop!,Skincare,22.0
P454387,Glow Oil Body Sunscreen SPF 50 PA++++,Supergoop!,Skincare,38.0
P454388,Mini Glow Oil SPF 50 PA++++,Supergoop!,Skincare,15.0
P482323,(Re) Setting Refreshing Mist SPF 40,Supergoop!,Skincare,34.0
P467976,(Re)setting 100% Mineral Powder Sunscreen SPF 35 PA+++,Supergoop!,Skincare,35.0
P504045,Daily Dose Bioretinol + Mineral SPF 40 with Bakuchiol,Supergoop!,Skincare,46.0
P446909,Zincscreen 100% Mineral Sunscreen Lotion SPF 40 PA+++,Supergoop!,Skincare,44.0
P482325,Every. Single. Face. Watery Lotion SPF 50,Supergoop!,Skincare,34.0
P454389,PLAY Antioxidant Body Sunscreen Mist SPF 50 PA++++,Supergoop!,Skincare,21.0
P479351,Daily Dose Hydra-Ceramide Boost + SPF 40 Sunscreen Oil PA+++,Supergoop!,Skincare,46.0
P470058,Glowscreen Body Sunscreen SPF 40 PA+++,Supergoop!,Skincare,42.0
P476733,Mineral Mattescreen Sunscreen SPF 40 PA+++,Supergoop!,Skincare,38.0
P505211,(Glow)Setting 100% Mineral Powder SPF 35,Supergoop!,Skincare,36.0
P454385,Mini PLAY Everyday Sunscreen Lotion SPF 30 PA++++,Supergoop!,Skincare,34.0
P482322,Mini Mineral Mattescreen Sunscreen SPF 40 PA+++,Supergoop!,Skincare,22.0
P456407,PLAY Body Sunscreen Mousse SPF 50,Supergoop!,Skincare,34.0
P482746,PLAY 100% Mineral Lotion SPF 30 with Green Algae,Supergoop!,Skincare,36.0
P504320,SPF Bestsellers Kit,Supergoop!,Skincare,30.0
P500782,100% Mineral SPF Starter Kit,Supergoop!,Skincare,29.0
P500060,Play! Mineral SPF Stick,Supergoop!,Skincare,24.0
P482747,PLAY Mineral Mist SPF 30 with Marigold Extract,Supergoop!,Skincare,34.0
P505208,100% Mineral Sunscreen Starter Kit,Supergoop!,Skincare,30.0
P504911,Everyday SPF Faves,Supergoop!,Skincare,60.0
P424988,THE FACE Illuminating Self-Tan Drops,TAN-LUXE,Skincare,50.0
P424989,THE BODY Illuminating Self-Tan Drops,TAN-LUXE,Skincare,60.0
P424986,THE BUTTER Illuminating Tanning Butter,TAN-LUXE,Skincare,38.0
P424990,THE GRADUAL Illuminating Gradual Tan Lotion,TAN-LUXE,Skincare,34.0
P447199,Super Glow Hyaluronic Self-Tan Serum,TAN-LUXE,Skincare,49.0
P424985,THE WATER Hydrating Self-Tan Water,TAN-LUXE,Skincare,48.0
P424984,HYDRA MOUSSE Hydrating Self-Tan Mousse,TAN-LUXE,Skincare,49.0
P456989,Super Glow Body Hyaluronic Self-Tan Serum,TAN-LUXE,Skincare,49.0
P474376,Mini THE FACE Illuminating Self-Tan Drops,TAN-LUXE,Skincare,25.0
P433440,Wonder Oil Illuminating Self-Tan Oil,TAN-LUXE,Skincare,69.0
P424987,SLEEP OIL Rejuvenating Miracle Tanning Oil,TAN-LUXE,Skincare,52.0
P470545,Super Gloss Instant Bronzing Face Drops with SPF 30,TAN-LUXE,Skincare,49.0
P481837,The Crème Gradual Self-Tanning Face Moisturizer,TAN-LUXE,Skincare,49.0
P376726,Maracuja Oil,tarte,Skincare,48.0
P405599,SEA drink of H2O hydrating boost moisturizer,tarte,Skincare,39.0
P405096,SEA Deep Dive Cleansing Gel,tarte,Skincare,12.0
P409631,SEA FRXXXTION Stick Exfoliating Cleanser,tarte,Skincare,22.0
P377545,Maracuja C-Brighter Eye Treatment,tarte,Skincare,39.0
P414737,Pearly Girl Vegan Teeth Whitening Pen,tarte,Skincare,25.0
P430818,SEA Mermaid Skin Hyaluronic H2O Serum,tarte,Skincare,15.0
P409630,SEA Pack Your Bags Undereye Patches,tarte,Skincare,22.0
P420230,Pout Prep Lip Exfoliant,tarte,Skincare,16.0
P442989,Youth or Dare Multi-Acid & C-Serum,tarte,Skincare,42.0
P447200,Baba Bomb Moisturizer,tarte,Skincare,39.0
P440306,SEA Mini Drink of H2O Hydrating Boost Moisturizer,tarte,Skincare,14.0
P454376,knockout daily exfoliating cleanser,tarte,Skincare,12.0
P449835,Mini Maracuja Oil,tarte,Skincare,16.0
P449836,Mini SEA Deep Dive Cleansing Gel,tarte,Skincare,12.0
P447409,Mini Baba Bomb Moisturizer,tarte,Skincare,14.0
P457468,Brazilliance 2HR Express Deep Foaming Self-Tanner,tarte,Skincare,39.0
P454822,Mini SEA Mermaid Skin Hyaluronic H2O Serum,tarte,Skincare,15.0
P454377,Mini knockout daily exfoliating cleanser,tarte,Skincare,12.0
P449411,Mini Micellar Magic Makeup Remover & Cleanser,tarte,Skincare,9.0
P456434,knockout brightening gel moisturizer,tarte,Skincare,14.0
P457279,Moisturizer Mini knockout brightening gel,tarte,Skincare,14.0
P470548,Knockout 10% Acid Complex Serum,tarte,Skincare,39.0
P379707,Resurfacing BHA Glow Mask,Tata Harper,Skincare,68.0
P379710,Regenerating Exfoliating Cleanser,Tata Harper,Skincare,88.0
P458917,Water-Lock Moisturizer with Skin-Smoothing Peptides,Tata Harper,Skincare,68.0
P432048,Resurfacing AHA + BHA Serum,Tata Harper,Skincare,92.0
P429954,Clarifying Blemish & Oil Control Cleanser,Tata Harper,Skincare,88.0
P462747,Mini Clarifying Blemish & Oil Control Cleanser,Tata Harper,Skincare,46.0
P420143,Clarifying AHA + BHA Mask,Tata Harper,Skincare,75.0
P379711,Rejuvenating Anti-Aging Serum,Tata Harper,Skincare,146.0
P386739,Restorative Plumping + Brightening Eye Cream,Tata Harper,Skincare,130.0
P392144,Purifying Pore Detox Cleanser,Tata Harper,Skincare,88.0
P462748,Mini Purifying Pore Detox Cleanser,Tata Harper,Skincare,46.0
P379709,Repairative Anti-Aging Moisturizer,Tata Harper,Skincare,130.0
P408301,Purifying Pore & Blackhead Detox Mask,Tata Harper,Skincare,75.0
P392143,Tata's Daily Essentials Kit,Tata Harper,Skincare,75.0
P392142,Nourishing Makeup Removing Oil Cleanser,Tata Harper,Skincare,88.0
P379705,Hydrating Hyaluronic Acid Floral Essence,Tata Harper,Skincare,76.0
P412407,Clarifying Moisturizer,Tata Harper,Skincare,130.0
P379704,Retinoic Nutrient Face Oil With Vitamin A,Tata Harper,Skincare,165.0
P472341,Superkind Fragrance-Free Fortifying Moisturizer,Tata Harper,Skincare,130.0
P472343,Superkind Fragrance-Free Softening Cleanser,Tata Harper,Skincare,88.0
P476736,Superkind Fragrance-Free Bio-Barrier Serum,Tata Harper,Skincare,146.0
P442748,Hydrating Floral Mask,Tata Harper,Skincare,95.0
P422848,Crème Riche Anti-Aging Peptide Night Cream,Tata Harper,Skincare,230.0
P449410,Boosted Contouring Retinol Eye Balm,Tata Harper,Skincare,260.0
P472342,Superkind Fragrance-Free Radiance Mask,Tata Harper,Skincare,68.0
P500482,The Clean Dream Team Set,Tata Harper,Skincare,75.0
P480354,Glow Facial Set,Tata Harper,Skincare,98.0
P503877,Superkind Refining Cleanser,Tata Harper,Skincare,88.0
P476737,Bio-Barrier Eye Crème,Tata Harper,Skincare,130.0
P502434,Deep Clean Kit,Tata Harper,Skincare,85.0
P418218,The Water Cream Oil-Free Pore Minimizing Moisturizer,Tatcha,Skincare,70.0
P454794,Mini The Water Cream,Tatcha,Skincare,22.0
P441101,The Dewy Skin Cream Plumping & Hydrating Moisturizer,Tatcha,Skincare,70.0
P415771,The Essence Skincare Boosting Treatment,Tatcha,Skincare,110.0
P473160,Mini The Essence  Skincare Boosting Treatment,Tatcha,Skincare,65.0
P461537,The Rice Wash Skin-Softening Cleanser,Tatcha,Skincare,40.0
P504595,Mini Rice Wash Skin-Softening Cleanser,Tatcha,Skincare,18.0
P427536,The Deep Cleanse Gentle Exfoliating Cleanser,Tatcha,Skincare,40.0
P504615,Mini Deep Cleanse Gentle Exfoliating Cleanser,Tatcha,Skincare,18.0
P399623,Luminous Dewy Skin Mist,Tatcha,Skincare,49.0
P392235,The Camellia Oil 2-in-1 Makeup Remover & Cleanser,Tatcha,Skincare,50.0
P460512,Mini Liquid Silk Canvas: Featherweight Protective Primer,Tatcha,Skincare,24.0
P426340,The Rice Polish Foaming Enzyme Powder,Tatcha,Skincare,68.0
P439058,Violet-C Brightening Serum 20% Vitamin C + 10% AHA,Tatcha,Skincare,89.0
P447780,The Silk Peony Melting Eye Cream,Tatcha,Skincare,62.0
P466155,The Dewy Serum Resurfacing and Plumping Treatment,Tatcha,Skincare,89.0
P454018,The Serum Stick: Treatment & Touch Up Balm,Tatcha,Skincare,49.0
P453225,The Kissu Lip Mask,Tatcha,Skincare,29.0
P474377,Indigo Overnight Repair Serum in Cream Treatment,Tatcha,Skincare,92.0
P503191,Mini Indigo Overnight Repair Serum in Cream Treatment,Tatcha,Skincare,22.0
P440934,The Silk Canvas Protective Primer Mini,Tatcha,Skincare,24.0
P413326,Camellia Gold Spun Lip Balm,Tatcha,Skincare,30.0
P420699,Violet-C Radiance Mask,Tatcha,Skincare,70.0
P481169,The Silk Sunscreen Mineral Broad Spectrum SPF 50 PA++++ with Hyaluronic Acid and Niacinamide,Tatcha,Skincare,62.0
P417867,The Silk Cream,Tatcha,Skincare,125.0
P479352,The Texture Tonic AHA Liquid Exfoliating Treatment,Tatcha,Skincare,62.0
P482552,The Clarifying Clay Mask Exfoliating Pore Treatment,Tatcha,Skincare,70.0
P403315,Gold Camellia Beauty Oil,Tatcha,Skincare,98.0
P504506,The Silk Serum Wrinkle-Smoothing Retinol Alternative,Tatcha,Skincare,98.0
P399622,Luminous Deep Hydration Lifting Mask,Tatcha,Skincare,95.0
P504218,Dewy Cleanse + Hydrate Duo,Tatcha,Skincare,27.0
P468229,Ageless Revitalizing Neck Cream,Tatcha,Skincare,112.0
P504327,Mini Favorites Set,Tatcha,Skincare,68.0
P504203,Clarifying Cleanse + Hydrate Duo,Tatcha,Skincare,27.0
P501323,Overnight Recovery Duo,Tatcha,Skincare,88.0
P504303,Strengthening Nighttime Ritual Set,Tatcha,Skincare,95.0
P502365,Clarifying Cleanse + Hydrate Duo,Tatcha,Skincare,27.0
P454795,Mini The Dewy Skin Cream,Tatcha,Skincare,22.0
P480355,The Essence Skincare Boosting Treatment – Lunar New Year Edition,Tatcha,Skincare,110.0
P503716,The Essence Skincare Boosting Treatment – Lunar New Year Edition,Tatcha,Skincare,110.0
P481168,Mini The Dewy Skin Cream Plumping & Hydrating Moisturizer,Tatcha,Skincare,22.0
P455364,Oat Cleansing Balm,The INKEY List,Skincare,11.99
P478030,Mini Oat Cleansing Balm,The INKEY List,Skincare,5.99
P443845,Hyaluronic Acid Hydrating Serum,The INKEY List,Skincare,9.99
P443840,Caffeine Eye Cream,The INKEY List,Skincare,10.99
P443833,Salicylic Acid Acne + Pore Cleanser,The INKEY List,Skincare,11.99
P443842,Retinol Anti-Aging Serum,The INKEY List,Skincare,12.99
P448802,Brighten-i Eye Cream,The INKEY List,Skincare,12.99
P446942,Niacinamide Oil Control Serum,The INKEY List,Skincare,9.99
P443830,Polyglutamic Acid Hydrating Serum,The INKEY List,Skincare,14.99
P467655,Succinic Acid Acne Treatment,The INKEY List,Skincare,9.99
P455369,Peptide Moisturizer,The INKEY List,Skincare,15.99
P455368,15% Vitamin C and EGF Brightening Serum,The INKEY List,Skincare,15.99
P455366,Retinol Eye Cream,The INKEY List,Skincare,12.99
P443843,Q10 Antioxidant Serum,The INKEY List,Skincare,9.99
P443846,Collagen Booster Firming Peptide Serum,The INKEY List,Skincare,12.99
P479354,Omega Water Cream Moisturizer,The INKEY List,Skincare,10.99
P443841,Vitamin C Brightening Cream,The INKEY List,Skincare,10.99
P450614,Tranexamic Acid Hyperpigmentation Treatment,The INKEY List,Skincare,15.99
P450262,Polyhydroxy Acid (PHA) Gentle Exfoliating Toner,The INKEY List,Skincare,12.99
P442871,Beta Hydroxy Acid (BHA) Blemish + Blackhead Serum,The INKEY List,Skincare,12.99
P447778,Bakuchiol Retinol Alternative Moisturizer,The INKEY List,Skincare,12.99
P469088,Fulvic Acid Brightening Cleanser,The INKEY List,Skincare,11.99
P478029,Mini Fulvic Acid Brightening Cleanser,The INKEY List,Skincare,5.99
P450244,Ceramide Hydrating Night Treatment,The INKEY List,Skincare,15.99
P455365,"Vitamin B, C, and E Moisturizer",The INKEY List,Skincare,7.99
P443838,Glycolic Acid Exfoliating Toner,The INKEY List,Skincare,12.99
P443837,Kaolin Mask,The INKEY List,Skincare,7.49
P479353,Hyaluronic Acid Cleanser,The INKEY List,Skincare,10.99
P479722,Mandelic Acid Treatment,The INKEY List,Skincare,11.99
P443834,Rosehip Nourishing Night Oil,The INKEY List,Skincare,11.99
P448537,Alpha Arbutin Brightening Serum,The INKEY List,Skincare,12.99
P502749,SuperSolutions 5% Benzoyl Peroxide Cleanser Acne Solution,The INKEY List,Skincare,17.99
P502691,SuperSolutions 1% Retinol Serum,The INKEY List,Skincare,24.99
P474972,Symbright Brightening Moisturizer,The INKEY List,Skincare,13.99
P502741,SuperSolutions 10% Azelaic Serum Redness Relief Solution,The INKEY List,Skincare,17.99
P502710,SuperSolutions 20% Niacinamide Serum,The INKEY List,Skincare,17.99
P502756,SuperSolutions 10% Urea Moisturizer Textured Skin Solution,The INKEY List,Skincare,19.99
P469544,C-50 Blemish Night Treatment,The INKEY List,Skincare,15.99
P505711,Polyglutamic Acid Dewy Sunscreen SPF 30,The INKEY List,Skincare,14.99
P500775,Back to Basics: Hydration Heroes Skincare Set,The INKEY List,Skincare,27.0
P476459,Forest Lungs Anti-Stress Fragrance Travel Spray,The Nue Co.,Skincare,30.0
P476447,Debloat+ Anti-Bloat Supplement with Digestive Enzymes,The Nue Co.,Skincare,45.0
P476538,Prebiotic + Probiotic Vegan Gut Microbiome Supplement,The Nue Co.,Skincare,55.0
P476554,Skin Hydrator Ceramide and Hyaluronic Acid Supplement,The Nue Co.,Skincare,45.0
P476553,Skin Filter Vitamin A and Zinc Blemish + Brightening Supplement,The Nue Co.,Skincare,45.0
P480358,Mini Debloat+ Anti-Bloat Supplement with Digestive Enzymes,The Nue Co.,Skincare,18.0
P504049,Skin Filter Daily Brightening Phyto-Retinol + AHA Serum,The Nue Co.,Skincare,65.0
P505209,Barrier Culture Moisturizer with Niacinamide & Squalane,The Nue Co.,Skincare,65.0
P505210,"Barrier Culture Cleanser Pre-, Pro- & Postbiotic Face Wash",The Nue Co.,Skincare,42.0
P427417,Niacinamide 10% + Zinc 1% Oil Control Serum,The Ordinary,Skincare,6.0
P427419,Hyaluronic Acid 2% + B5 Hydrating Serum,The Ordinary,Skincare,15.7
P442563,AHA 30% + BHA 2% Exfoliating Peeling Solution,The Ordinary,Skincare,9.5
P427406,Glycolic Acid 7% Exfoliating Toning Solution,The Ordinary,Skincare,13.0
P427416,Caffeine 5% + EGCG Depuffing Eye Serum,The Ordinary,Skincare,8.9
P427414,Natural Moisturizing Factors + HA,The Ordinary,Skincare,6.5
P427415,100% Organic Cold-Pressed Rose Hip Seed Oil,The Ordinary,Skincare,10.9
P427420,Multi-Peptide + HA Serum,The Ordinary,Skincare,30.8
P427413,Lactic Acid 10% + HA 2% Exfoliating Serum,The Ordinary,Skincare,8.9
P427410,Vitamin C Suspension 23% + HA Spheres 2%,The Ordinary,Skincare,7.8
P427411,Azelaic Acid 10% Suspension Brightening Cream,The Ordinary,Skincare,11.1
P444718,Squalane Cleanser,The Ordinary,Skincare,9.0
P427412,Alpha Arbutin 2% + HA Hyperpigmentation Serum,The Ordinary,Skincare,11.1
P427418,Granactive Retinoid* 2% Emulsion,The Ordinary,Skincare,11.7
P448530,Salicylic Acid 2% Masque,The Ordinary,Skincare,13.3
P442754,Ascorbic Acid 8% + Alpha Arbutin 2%,The Ordinary,Skincare,12.2
P442758,Mandelic Acid 10% + HA,The Ordinary,Skincare,7.5
P427409,Vitamin C Suspension 30% in Silicone,The Ordinary,Skincare,8.3
P447596,100% Organic Cold-Pressed Moroccan Argan Oil,The Ordinary,Skincare,7.5
P479732,Salicylic Acid 2% Anhydrous Solution Pore Clearing Serum,The Ordinary,Skincare,7.2
P455900,100% Plant-Derived Hemi-Squalane,The Ordinary,Skincare,5.0
P442752,"""Buffet"" + Copper Peptides 1%",The Ordinary,Skincare,30.9
P442753,Argireline Solution 10%,The Ordinary,Skincare,9.4
P442757,"""B"" Oil",The Ordinary,Skincare,11.1
P455899,Marine Hyaluronics,The Ordinary,Skincare,8.9
P427405,Matrixyl* 10% + HA,The Ordinary,Skincare,10.5
P442759,Amino Acids + B5,The Ordinary,Skincare,8.9
P504028,Multi-Peptide Eye Serum,The Ordinary,Skincare,25.0
P455898,Pycnogenol 5%,The Ordinary,Skincare,11.1
P455338,100% L-Ascorbic Acid Powder,The Ordinary,Skincare,6.4
P455339,Lactic Acid 5% + HA,The Ordinary,Skincare,7.8
P427404,Ascorbyl Tetraisopalmitate Solution 20% in Vitamin F,The Ordinary,Skincare,19.8
P442755,Resveratrol 3% + Ferulic Acid 3%,The Ordinary,Skincare,10.0
P442756,Ascorbyl Glucoside Solution 12%,The Ordinary,Skincare,14.3
P442833,EUK 134 0.1%,The Ordinary,Skincare,11.1
P482327,Mini Squalane Cleanser,The Ordinary,Skincare,9.0
P468709,100% Niacinamide Powder,The Ordinary,Skincare,6.4
P482328,Mini Natural Moisturizing Factors + HA,The Ordinary,Skincare,6.5
P447597,100% Organic Virgin Chia Seed Oil,The Ordinary,Skincare,8.5
P483496,Salicylic Acid 2% Exfoliating Blemish Solution,The Ordinary,Skincare,6.5
P455897,Ethylated Ascorbic Acid 15% Solution,The Ordinary,Skincare,20.0
P479861,The Bright Set,The Ordinary,Skincare,40.7
P500139,The Skinimalist Set,The Ordinary,Skincare,22.0
P505274,Glucoside Foaming Cleanser,The Ordinary,Skincare,12.5
P504073,Ultralight Moisture-Boosting Botanical Oil,The Outset,Skincare,44.0
P483697,Firming Vegan Collagen Prep Serum,The Outset,Skincare,46.0
P504076,Exfoliating Revitalizing & Energizing Caffeine Micro Polish,The Outset,Skincare,34.0
P483699,Restorative Niacinamide Night Cream,The Outset,Skincare,54.0
P483700,Smoothing Vitamin C Eye + Expression Lines Cream,The Outset,Skincare,42.0
P483698,Nourishing Squalane Daily Moisturizer,The Outset,Skincare,44.0
P483696,Gentle Micellar Antioxidant Cleanser,The Outset,Skincare,32.0
P483701,Daily Essentials Travel Set,The Outset,Skincare,50.0
P470259,Faded Serum for Dark Spots & Discoloration,Topicals,Skincare,38.0
P484080,Mini Faded Serum for Dark Spots & Discoloration,Topicals,Skincare,18.0
P448852,SOS Daily Rescue Facial Spray,Tower 28 Beauty,Skincare,12.0
P448853,Mini SOS Daily Rescue Facial Spray,Tower 28 Beauty,Skincare,12.0
P500121,SOS Intensive Redness Relief Serum,Tower 28 Beauty,Skincare,34.0
P475182,The Cult Classic Purifying Face Cleanser,TULA Skincare,Skincare,34.0
P482757,Mini The Cult Classic Purifying Face Cleanser,TULA Skincare,Skincare,12.0
P475185,24-7 Moisture Hydrating Day & Night Cream,TULA Skincare,Skincare,54.0
P475203,Mini 24-7 Moisture Hydrating Day & Night Cream,TULA Skincare,Skincare,26.0
P475190,Rose Glow + Get It Cooling & Brightening Eye Balm,TULA Skincare,Skincare,32.0
P475181,Glow + Get It Cooling & Brightening Eye Balm,TULA Skincare,Skincare,30.0
P475194,Brightening Treatment Drops Triple Vitamin C Serum,TULA Skincare,Skincare,56.0
P481748,Bright Start Vitamin C Antioxidant Brightening Moisturizer,TULA Skincare,Skincare,56.0
P475201,24-7 Power Swipe Hydrating Day & Night Treatment Eye Balm,TULA Skincare,Skincare,38.0
P484081,Eye Recharge + Replenish Pro-Ferm Overnight Eye Cream with Bakuchiol and Peptides,TULA Skincare,Skincare,56.0
P503652,24-7 Moisture Intense Ultra Hydrating Day & Night Cream with Hyaluronic Acid + Squalane,TULA Skincare,Skincare,58.0
P475180,On The Go Best Sellers Travel Kit,TULA Skincare,Skincare,49.0
P475188,Instant De-Puff Eye Renewal Serum,TULA Skincare,Skincare,58.0
P501316,Beauty Sleep Overnight Repair Treatment Cream with AHA's and Vitamin C,TULA Skincare,Skincare,68.0
P475189,Secret Solutions Pro-Glycolic 10% Resurfacing Toner,TULA Skincare,Skincare,46.0
P482754,Mineral Magic Oil-Free Mineral Sunscreen Fluid Broad Spectrum SPF 30,TULA Skincare,Skincare,38.0
P475197,Balancing Act Purifying & pH Balancing Biodegradable Toner Pads,TULA Skincare,Skincare,36.0
P475184,Hello Radiance Illuminating Serum,TULA Skincare,Skincare,68.0
P475195,Protect + Plump Firming & Hydrating Face Moisturizer,TULA Skincare,Skincare,64.0
P475192,So Poreless Deep Exfoliating Blackhead Scrub,TULA Skincare,Skincare,34.0
P475183,So Polished Exfoliating Sugar Scrub,TULA Skincare,Skincare,34.0
P475204,Sensitive Skin Treatment Drops Calming Vitamin B Serum,TULA Skincare,Skincare,48.0
P475193,Wrinkle Treatment Drops Retinol Alternative Serum,TULA Skincare,Skincare,68.0
P475186,Revive + Rewind Revitalizing Eye Cream,TULA Skincare,Skincare,52.0
P475196,So Smooth Resurfacing & Brightening Fruit Enzyme Mask,TULA Skincare,Skincare,36.0
P475200,Your Best Skin at Every Age Firming & Smoothing Discovery Kit,TULA Skincare,Skincare,66.0
P475187,Firm Up Deep Wrinkle Serum,TULA Skincare,Skincare,84.0
P482755,Claydate Detoxifying & Toning Face Mask Stick,TULA Skincare,Skincare,36.0
P505409,"24-7 Ultra Hydration Triple-Hydra Complex Day & Night Serum with Hyaluronic Acid, Squalane & Collagen",TULA Skincare,Skincare,48.0
P428668,Baggage Claim Eye Masks,Wander Beauty,Skincare,26.0
P437960,Baggage Claim Rose Gold Eye Masks,Wander Beauty,Skincare,26.0
P503635,Pack Up & Glow Priming Mineral SPF 40,Wander Beauty,Skincare,36.0
P501165,SHIKULIME Mega Hydrating Moisturizer,WASO,Skincare,36.0
P501187,SHIKULIME Gel-to-Oil Cleanser,WASO,Skincare,28.0
P501188,SATOCANE Pore Purifying Scrub Mask,WASO,Skincare,38.0
P501170,SHIKULIME Color Control Oil-Free Moisturizer SPF 30,WASO,Skincare,36.0
P501171,YUZU-C Beauty Sleeping Mask,WASO,Skincare,38.0
P501189,KOSHIRICE Acne Calming Spot Treatment,WASO,Skincare,25.0
P501199,YUZU-C Eye Awakening Essence,WASO,Skincare,30.0
P501178,YUZU-C Glow-On Shot Serum,WASO,Skincare,45.0
P455676,Yo Glow AHA & BHA Facial Enzyme Scrub,Wishful,Skincare,39.0
P458216,Mini Yo Glow AHA & BHA Facial Enzyme Scrub,Wishful,Skincare,21.0
P461213,Honey Balm Niacinamide Moisturizer,Wishful,Skincare,43.0
P471111,Yo Detox Charcoal Face & Body Enzyme Scrub,Wishful,Skincare,39.0
P466163,Thirst Trap Juice Hyaluronic Acid & Peptide Hydrating Facial Serum,Wishful,Skincare,47.0
P463665,Get Even Rose Face Oil,Wishful,Skincare,63.0
P475629,Honey Whip Peptide and Collagen Moisturizer,Wishful,Skincare,43.0
P501790,Pillowgasm Vitamin-Rich Cherry Glow Sleep Mask,Wishful,Skincare,39.0
P500428,Lift & Contour 1% Bakuchiol & Peptide Eye Serum,Wishful,Skincare,45.0
P502771,Hydrate & Glow Trio,Wishful,Skincare,29.0
P411387,Superfood Antioxidant Cleanser,Youth To The People,Skincare,39.0
P441644,Mini Superfood Antioxidant Cleanser,Youth To The People,Skincare,14.0
P440307,Superberry Hydrate + Glow Dream Night Mask with Vitamin C,Youth To The People,Skincare,52.0
P461555,Mini Superberry Hydrate + Glow Dream Mask,Youth To The People,Skincare,18.0
P432829,Adaptogen Deep Moisturizing Cream with Ashwagandha + Reishi,Youth To The People,Skincare,58.0
P463371,Mini Adaptogen Deep Moisture Cream with Ashwagandha + Reishi,Youth To The People,Skincare,18.0
P411388,Superfood Air-Whip Lightweight Moisturizer with Hyaluronic Acid,Youth To The People,Skincare,48.0
P430146,Superberry Hydrate + Glow Dream Oil,Youth To The People,Skincare,48.0
P466164,15% Vitamin C + Clean Caffeine Energy Serum,Youth To The People,Skincare,69.0
P477830,Superberry Dream Cleansing Balm,Youth To The People,Skincare,39.0
P455934,Yerba Mate Resurfacing + Exfoliating Energy Facial with Enzymes + Niacinamide,Youth To The People,Skincare,59.0
P475630,Mini Mandelic Acid + Superfood Unity Exfoliant,Youth To The People,Skincare,16.0
P463144,Dream Eye Cream with Vitamin C and Ceramides,Youth To The People,Skincare,48.0
P479362,Triple Peptide Hydrating + Firming Oasis Serum with Hyaluronic Acid,Youth To The People,Skincare,54.0
P444980,Adaptogen Soothe + Hydrate Activated Mist with Peptides,Youth To The People,Skincare,42.0
P500138,Polypeptide-121 Future Cream with Peptides and Ceramides,Youth To The People,Skincare,68.0
P470065,Superclay Purify + Clear Power Mask with Niacinamide,Youth To The People,Skincare,38.0
P416923,Superfood Hydrate + Firm Peptide Eye Cream,Youth To The People,Skincare,38.0
P482329,Retinal + Niacinamide Youth Serum,Youth To The People,Skincare,69.0
P502479,Kombucha + 10% AHA Liquid Exfoliant with Lactic Acid and Glycolic Acid,Youth To The People,Skincare,42.0
P473336,The Youth System,Youth To The People,Skincare,59.0
P504313,Peptides + C Energy Eye Concentrate with Vitamin C and Caffeine,Youth To The People,Skincare,48.0
P501474,The Youth Vault: 13-Piece Vegan Skincare + Apparel Set,Youth To The People,Skincare,340.0
P502998,"Youth Stacks: Plump It Up for Dry, Dehydrated Skin",Youth To The People,Skincare,28.0
P503872,Mini Mandelic Acid + Superfood Unity Exfoliant,Youth To The People,Skincare,16.0
P502977,Youth Stacks: Daily Skin Health Your Way for Pores and Oiliness,Youth To The People,Skincare,20.0
P502978,Youth Stacks: Brighter Tomorrow Duo for Dullness,Youth To The People,Skincare,28.0
